Shelve Type,Shelf,Cufeet
Lower Shelve,F0-PZ01-A01-R01-A1,47
Lower Shelve,F0-PZ01-A01-R01-A2,47
Lower Shelve,F0-PZ01-A01-R01-A3,47
Upper Shelve,F0-PZ01-A01-R01-B1,32
Upper Shelve,F0-PZ01-A01-R01-B2,32
Upper Shelve,F0-PZ01-A01-R01-B3,32
Upper Shelve,F0-PZ01-A01-R01-B4,32
Bulk Location,F0-PZ01-A01-R01-PL1,60
Bulk Location,F0-PZ01-A01-R01-PL2,60
Lower Shelve,F0-PZ01-A01-R02-A1,47
Lower Shelve,F0-PZ01-A01-R02-A2,47
Lower Shelve,F0-PZ01-A01-R02-A3,47
Upper Shelve,F0-PZ01-A01-R02-B1,32
Upper Shelve,F0-PZ01-A01-R02-B2,32
Upper Shelve,F0-PZ01-A01-R02-B3,32
Upper Shelve,F0-PZ01-A01-R02-B4,32
Lower Shelve,F0-PZ01-A01-R03-A1,47
Lower Shelve,F0-PZ01-A01-R03-A2,47
Lower Shelve,F0-PZ01-A01-R03-A3,47
Upper Shelve,F0-PZ01-A01-R03-B1,32
Upper Shelve,F0-PZ01-A01-R03-B2,32
Upper Shelve,F0-PZ01-A01-R03-B3,32
Upper Shelve,F0-PZ01-A01-R03-B4,32
Lower Shelve,F0-PZ01-A01-R04-A1,47
Lower Shelve,F0-PZ01-A01-R04-A2,47
Lower Shelve,F0-PZ01-A01-R04-A3,47
Upper Shelve,F0-PZ01-A01-R04-B1,32
Upper Shelve,F0-PZ01-A01-R04-B2,32
Upper Shelve,F0-PZ01-A01-R04-B3,32
Upper Shelve,F0-PZ01-A01-R04-B4,32
Lower Shelve,F0-PZ01-A01-R05-A1,47
Lower Shelve,F0-PZ01-A01-R05-A2,47
Lower Shelve,F0-PZ01-A01-R05-A3,47
Upper Shelve,F0-PZ01-A01-R05-B1,32
Upper Shelve,F0-PZ01-A01-R05-B2,32
Upper Shelve,F0-PZ01-A01-R05-B3,32
Upper Shelve,F0-PZ01-A01-R05-B4,32
Lower Shelve,F0-PZ01-A02-R01-A1,47
Lower Shelve,F0-PZ01-A02-R01-A2,47
Lower Shelve,F0-PZ01-A02-R01-A3,47
Upper Shelve,F0-PZ01-A02-R01-B1,32
Upper Shelve,F0-PZ01-A02-R01-B2,32
Upper Shelve,F0-PZ01-A02-R01-B3,32
Upper Shelve,F0-PZ01-A02-R01-B4,32
Lower Shelve,F0-PZ01-A02-R02-A1,47
Lower Shelve,F0-PZ01-A02-R02-A2,47
Lower Shelve,F0-PZ01-A02-R02-A3,47
Upper Shelve,F0-PZ01-A02-R02-B1,32
Upper Shelve,F0-PZ01-A02-R02-B2,32
Upper Shelve,F0-PZ01-A02-R02-B3,32
Upper Shelve,F0-PZ01-A02-R02-B4,32
Lower Shelve,F0-PZ01-A02-R03-A1,47
Lower Shelve,F0-PZ01-A02-R03-A2,47
Lower Shelve,F0-PZ01-A02-R03-A3,47
Upper Shelve,F0-PZ01-A02-R03-B1,32
Upper Shelve,F0-PZ01-A02-R03-B2,32
Upper Shelve,F0-PZ01-A02-R03-B3,32
Upper Shelve,F0-PZ01-A02-R03-B4,32
Lower Shelve,F0-PZ01-A02-R04-A1,47
Lower Shelve,F0-PZ01-A02-R04-A2,47
Lower Shelve,F0-PZ01-A02-R04-A3,47
Upper Shelve,F0-PZ01-A02-R04-B1,32
Upper Shelve,F0-PZ01-A02-R04-B2,32
Upper Shelve,F0-PZ01-A02-R04-B3,32
Upper Shelve,F0-PZ01-A02-R04-B4,32
Lower Shelve,F0-PZ01-A02-R05-A1,47
Lower Shelve,F0-PZ01-A02-R05-A2,47
Lower Shelve,F0-PZ01-A02-R05-A3,47
Upper Shelve,F0-PZ01-A02-R05-B1,32
Upper Shelve,F0-PZ01-A02-R05-B2,32
Upper Shelve,F0-PZ01-A02-R05-B3,32
Upper Shelve,F0-PZ01-A02-R05-B4,32
Lower Shelve,F0-PZ01-A02-R06-A1,47
Lower Shelve,F0-PZ01-A02-R06-A2,47
Lower Shelve,F0-PZ01-A02-R06-A3,47
Upper Shelve,F0-PZ01-A02-R06-B1,32
Upper Shelve,F0-PZ01-A02-R06-B2,32
Upper Shelve,F0-PZ01-A02-R06-B3,32
Upper Shelve,F0-PZ01-A02-R06-B4,32
Lower Shelve,F0-PZ01-A02-R07-A1,47
Lower Shelve,F0-PZ01-A02-R07-A2,47
Lower Shelve,F0-PZ01-A02-R07-A3,47
Upper Shelve,F0-PZ01-A02-R07-B1,32
Upper Shelve,F0-PZ01-A02-R07-B2,32
Upper Shelve,F0-PZ01-A02-R07-B3,32
Upper Shelve,F0-PZ01-A02-R07-B4,32
Lower Shelve,F0-PZ01-A03-R01-A1,47
Lower Shelve,F0-PZ01-A03-R01-A2,47
Lower Shelve,F0-PZ01-A03-R01-A3,47
Upper Shelve,F0-PZ01-A03-R01-B1,32
Upper Shelve,F0-PZ01-A03-R01-B2,32
Upper Shelve,F0-PZ01-A03-R01-B3,32
Upper Shelve,F0-PZ01-A03-R01-B4,32
Lower Shelve,F0-PZ01-A03-R02-A1,47
Lower Shelve,F0-PZ01-A03-R02-A2,47
Lower Shelve,F0-PZ01-A03-R02-A3,47
Upper Shelve,F0-PZ01-A03-R02-B1,32
Upper Shelve,F0-PZ01-A03-R02-B2,32
Upper Shelve,F0-PZ01-A03-R02-B3,32
Upper Shelve,F0-PZ01-A03-R02-B4,32
Lower Shelve,F0-PZ01-A03-R03-A1,47
Lower Shelve,F0-PZ01-A03-R03-A2,47
Lower Shelve,F0-PZ01-A03-R03-A3,47
Upper Shelve,F0-PZ01-A03-R03-B1,32
Upper Shelve,F0-PZ01-A03-R03-B2,32
Upper Shelve,F0-PZ01-A03-R03-B3,32
Upper Shelve,F0-PZ01-A03-R03-B4,32
Lower Shelve,F0-PZ01-A03-R04-A1,47
Lower Shelve,F0-PZ01-A03-R04-A2,47
Lower Shelve,F0-PZ01-A03-R04-A3,47
Upper Shelve,F0-PZ01-A03-R04-B1,32
Upper Shelve,F0-PZ01-A03-R04-B2,32
Upper Shelve,F0-PZ01-A03-R04-B3,32
Upper Shelve,F0-PZ01-A03-R04-B4,32
Lower Shelve,F0-PZ01-A03-R05-A1,47
Lower Shelve,F0-PZ01-A03-R05-A2,47
Lower Shelve,F0-PZ01-A03-R05-A3,47
Upper Shelve,F0-PZ01-A03-R05-B1,32
Upper Shelve,F0-PZ01-A03-R05-B2,32
Upper Shelve,F0-PZ01-A03-R05-B3,32
Upper Shelve,F0-PZ01-A03-R05-B4,32
Lower Shelve,F0-PZ01-A03-R06-A1,47
Lower Shelve,F0-PZ01-A03-R06-A2,47
Lower Shelve,F0-PZ01-A03-R06-A3,47
Upper Shelve,F0-PZ01-A03-R06-B1,32
Upper Shelve,F0-PZ01-A03-R06-B2,32
Upper Shelve,F0-PZ01-A03-R06-B3,32
Upper Shelve,F0-PZ01-A03-R06-B4,32
Lower Shelve,F0-PZ01-A03-R07-A1,47
Lower Shelve,F0-PZ01-A03-R07-A2,47
Lower Shelve,F0-PZ01-A03-R07-A3,47
Upper Shelve,F0-PZ01-A03-R07-B1,32
Upper Shelve,F0-PZ01-A03-R07-B2,32
Upper Shelve,F0-PZ01-A03-R07-B3,32
Upper Shelve,F0-PZ01-A03-R07-B4,32
Lower Shelve,F0-PZ01-A04-R01-A1,47
Lower Shelve,F0-PZ01-A04-R01-A2,47
Lower Shelve,F0-PZ01-A04-R01-A3,47
Upper Shelve,F0-PZ01-A04-R01-B1,32
Upper Shelve,F0-PZ01-A04-R01-B2,32
Upper Shelve,F0-PZ01-A04-R01-B3,32
Upper Shelve,F0-PZ01-A04-R01-B4,32
Lower Shelve,F0-PZ01-A04-R02-A1,47
Lower Shelve,F0-PZ01-A04-R02-A2,47
Lower Shelve,F0-PZ01-A04-R02-A3,47
Upper Shelve,F0-PZ01-A04-R02-B1,32
Upper Shelve,F0-PZ01-A04-R02-B2,32
Upper Shelve,F0-PZ01-A04-R02-B3,32
Upper Shelve,F0-PZ01-A04-R02-B4,32
Lower Shelve,F0-PZ01-A04-R03-A1,47
Lower Shelve,F0-PZ01-A04-R03-A2,47
Lower Shelve,F0-PZ01-A04-R03-A3,47
Upper Shelve,F0-PZ01-A04-R03-B1,32
Upper Shelve,F0-PZ01-A04-R03-B2,32
Upper Shelve,F0-PZ01-A04-R03-B3,32
Upper Shelve,F0-PZ01-A04-R03-B4,32
Lower Shelve,F0-PZ01-A04-R04-A1,47
Lower Shelve,F0-PZ01-A04-R04-A2,47
Lower Shelve,F0-PZ01-A04-R04-A3,47
Upper Shelve,F0-PZ01-A04-R04-B1,32
Upper Shelve,F0-PZ01-A04-R04-B2,32
Upper Shelve,F0-PZ01-A04-R04-B3,32
Upper Shelve,F0-PZ01-A04-R04-B4,32
Lower Shelve,F0-PZ01-A04-R05-A1,47
Lower Shelve,F0-PZ01-A04-R05-A2,47
Lower Shelve,F0-PZ01-A04-R05-A3,47
Upper Shelve,F0-PZ01-A04-R05-B1,32
Upper Shelve,F0-PZ01-A04-R05-B2,32
Upper Shelve,F0-PZ01-A04-R05-B3,32
Upper Shelve,F0-PZ01-A04-R05-B4,32
Lower Shelve,F0-PZ01-A04-R06-A1,47
Lower Shelve,F0-PZ01-A04-R06-A2,47
Lower Shelve,F0-PZ01-A04-R06-A3,47
Upper Shelve,F0-PZ01-A04-R06-B1,32
Upper Shelve,F0-PZ01-A04-R06-B2,32
Upper Shelve,F0-PZ01-A04-R06-B3,32
Upper Shelve,F0-PZ01-A04-R06-B4,32
Lower Shelve,F0-PZ01-A04-R07-A1,47
Lower Shelve,F0-PZ01-A04-R07-A2,47
Lower Shelve,F0-PZ01-A04-R07-A3,47
Upper Shelve,F0-PZ01-A04-R07-B1,32
Upper Shelve,F0-PZ01-A04-R07-B2,32
Upper Shelve,F0-PZ01-A04-R07-B3,32
Upper Shelve,F0-PZ01-A04-R07-B4,32
Lower Shelve,F0-PZ01-A05-R01-A1,47
Lower Shelve,F0-PZ01-A05-R01-A2,47
Lower Shelve,F0-PZ01-A05-R01-A3,47
Upper Shelve,F0-PZ01-A05-R01-B1,32
Upper Shelve,F0-PZ01-A05-R01-B2,32
Upper Shelve,F0-PZ01-A05-R01-B3,32
Upper Shelve,F0-PZ01-A05-R01-B4,32
Lower Shelve,F0-PZ01-A05-R02-A1,47
Lower Shelve,F0-PZ01-A05-R02-A2,47
Lower Shelve,F0-PZ01-A05-R02-A3,47
Upper Shelve,F0-PZ01-A05-R02-B1,32
Upper Shelve,F0-PZ01-A05-R02-B2,32
Upper Shelve,F0-PZ01-A05-R02-B3,32
Upper Shelve,F0-PZ01-A05-R02-B4,32
Lower Shelve,F0-PZ01-A05-R03-A1,47
Lower Shelve,F0-PZ01-A05-R03-A2,47
Lower Shelve,F0-PZ01-A05-R03-A3,47
Upper Shelve,F0-PZ01-A05-R03-B1,32
Upper Shelve,F0-PZ01-A05-R03-B2,32
Upper Shelve,F0-PZ01-A05-R03-B3,32
Upper Shelve,F0-PZ01-A05-R03-B4,32
Lower Shelve,F0-PZ01-A05-R04-A1,47
Lower Shelve,F0-PZ01-A05-R04-A2,47
Lower Shelve,F0-PZ01-A05-R04-A3,47
Upper Shelve,F0-PZ01-A05-R04-B1,32
Upper Shelve,F0-PZ01-A05-R04-B2,32
Upper Shelve,F0-PZ01-A05-R04-B3,32
Upper Shelve,F0-PZ01-A05-R04-B4,32
Lower Shelve,F0-PZ01-A05-R05-A1,47
Lower Shelve,F0-PZ01-A05-R05-A2,47
Lower Shelve,F0-PZ01-A05-R05-A3,47
Upper Shelve,F0-PZ01-A05-R05-B1,32
Upper Shelve,F0-PZ01-A05-R05-B2,32
Upper Shelve,F0-PZ01-A05-R05-B3,32
Upper Shelve,F0-PZ01-A05-R05-B4,32
Lower Shelve,F0-PZ01-A05-R06-A1,47
Lower Shelve,F0-PZ01-A05-R06-A2,47
Upper Shelve,F0-PZ01-A05-R06-B1,32
Upper Shelve,F0-PZ01-A05-R06-B2,32
Upper Shelve,F0-PZ01-A05-R06-B4,32
Bulk Location,F0-PZ01-A06-R01-A1,60
Bulk Location,F0-PZ01-A06-R01-A2,60
Bulk Location,F0-PZ01-A06-R02-A1,60
Bulk Location,F0-PZ01-A06-R02-A2,60
Bulk Location,F0-PZ01-A06-R03-A1,60
Bulk Location,F0-PZ01-A06-R03-A2,60
Bulk Location,F0-PZ01-A06-R04-A1,60
Bulk Location,F0-PZ01-A06-R04-A2,60
Bulk Location,F0-PZ01-A06-R05-A1,60
Bulk Location,F0-PZ01-A06-R05-A2,60
Bulk Location,F0-PZ01-A06-R06-A2,60
Bulk Location,F0-PZ01-A07-R01-A1,60
Bulk Location,F0-PZ01-A07-R01-A2,60
Bulk Location,F0-PZ01-A07-R02-A1,60
Bulk Location,F0-PZ01-A07-R02-A2,60
Bulk Location,F0-PZ01-A07-R03-A1,60
Bulk Location,F0-PZ01-A07-R03-A2,60
Bulk Location,F0-PZ01-A07-R04-A1,60
Bulk Location,F0-PZ01-A07-R04-A2,60
Bulk Location,F0-PZ01-A07-R05-A1,60
Bulk Location,F0-PZ01-A07-R05-A2,60
Bulk Location,F0-PZ01-A07-R06-A1,60
Bulk Location,F0-PZ01-A07-R06-A2,60
Bulk Location,F0-PZ01-A07-R07-A1,60
Bulk Location,F0-PZ01-A07-R07-A2,60
Bulk Location,F0-PZ01-A07-R08-A1,60
Bulk Location,F0-PZ01-A07-R08-A2,60
Bulk Location,F0-PZ01-A07-R09-A1,60
Bulk Location,F1-PZ01-A01-PL01,60
Bulk Location,F1-PZ01-A01-PL02,60
Bulk Location,F1-PZ01-A01-PL03,60
Bulk Location,F1-PZ01-A01-PL04,60
Bulk Location,F1-PZ01-A01-PL05,60
Bulk Location,F1-PZ01-A01-PL06,60
Bulk Location,F1-PZ01-A01-PL07,60
Bulk Location,F1-PZ01-A01-PL08,60
Bulk Location,F1-PZ01-A01-PL09,60
Bulk Location,F1-PZ01-A01-PL10,60
Lower Shelve,F1-PZ01-A01-R01-A1,47
Lower Shelve,F1-PZ01-A01-R01-A2,47
Lower Shelve,F1-PZ01-A01-R01-A3,47
Upper Shelve,F1-PZ01-A01-R01-B1,32
Upper Shelve,F1-PZ01-A01-R01-B2,32
Upper Shelve,F1-PZ01-A01-R01-B3,32
Upper Shelve,F1-PZ01-A01-R01-B4,32
Lower Shelve,F1-PZ01-A01-R02-A1,47
Lower Shelve,F1-PZ01-A01-R02-A2,47
Lower Shelve,F1-PZ01-A01-R02-A3,47
Upper Shelve,F1-PZ01-A01-R02-B1,32
Upper Shelve,F1-PZ01-A01-R02-B2,32
Upper Shelve,F1-PZ01-A01-R02-B3,32
Upper Shelve,F1-PZ01-A01-R02-B4,32
Lower Shelve,F1-PZ01-A01-R03-A1,47
Lower Shelve,F1-PZ01-A01-R03-A2,47
Lower Shelve,F1-PZ01-A01-R03-A3,47
Upper Shelve,F1-PZ01-A01-R03-B1,32
Upper Shelve,F1-PZ01-A01-R03-B2,32
Upper Shelve,F1-PZ01-A01-R03-B3,32
Upper Shelve,F1-PZ01-A01-R03-B4,32
Lower Shelve,F1-PZ01-A01-R04-A1,47
Lower Shelve,F1-PZ01-A01-R04-A2,47
Lower Shelve,F1-PZ01-A01-R04-A3,47
Upper Shelve,F1-PZ01-A01-R04-B1,32
Upper Shelve,F1-PZ01-A01-R04-B2,32
Upper Shelve,F1-PZ01-A01-R04-B3,32
Upper Shelve,F1-PZ01-A01-R04-B4,32
Lower Shelve,F1-PZ01-A01-R05-A1,47
Lower Shelve,F1-PZ01-A01-R05-A2,47
Lower Shelve,F1-PZ01-A01-R05-A3,47
Upper Shelve,F1-PZ01-A01-R05-B1,32
Upper Shelve,F1-PZ01-A01-R05-B2,32
Upper Shelve,F1-PZ01-A01-R05-B3,32
Upper Shelve,F1-PZ01-A01-R05-B4,32
Lower Shelve,F1-PZ01-A01-R06-A1,47
Lower Shelve,F1-PZ01-A01-R06-A2,47
Lower Shelve,F1-PZ01-A01-R06-A3,47
Upper Shelve,F1-PZ01-A01-R06-B1,32
Upper Shelve,F1-PZ01-A01-R06-B2,32
Upper Shelve,F1-PZ01-A01-R06-B3,32
Upper Shelve,F1-PZ01-A01-R06-B4,32
Lower Shelve,F1-PZ01-A01-R07-A1,47
Lower Shelve,F1-PZ01-A01-R07-A2,47
Lower Shelve,F1-PZ01-A01-R07-A3,47
Upper Shelve,F1-PZ01-A01-R07-B1,32
Upper Shelve,F1-PZ01-A01-R07-B2,32
Upper Shelve,F1-PZ01-A01-R07-B3,32
Upper Shelve,F1-PZ01-A01-R07-B4,32
Lower Shelve,F1-PZ01-A01-R08-A1,47
Lower Shelve,F1-PZ01-A01-R08-A2,47
Lower Shelve,F1-PZ01-A01-R08-A3,47
Upper Shelve,F1-PZ01-A01-R08-B1,32
Upper Shelve,F1-PZ01-A01-R08-B2,32
Upper Shelve,F1-PZ01-A01-R08-B3,32
Upper Shelve,F1-PZ01-A01-R08-B4,32
Lower Shelve,F1-PZ01-A01-R09-A1,47
Lower Shelve,F1-PZ01-A01-R09-A2,47
Lower Shelve,F1-PZ01-A01-R09-A3,47
Upper Shelve,F1-PZ01-A01-R09-B1,32
Upper Shelve,F1-PZ01-A01-R09-B2,32
Upper Shelve,F1-PZ01-A01-R09-B3,32
Upper Shelve,F1-PZ01-A01-R09-B4,32
Lower Shelve,F1-PZ01-A01-R10-A1,47
Lower Shelve,F1-PZ01-A01-R10-A2,47
Lower Shelve,F1-PZ01-A01-R10-A3,47
Upper Shelve,F1-PZ01-A01-R10-B1,32
Upper Shelve,F1-PZ01-A01-R10-B2,32
Upper Shelve,F1-PZ01-A01-R10-B3,32
Upper Shelve,F1-PZ01-A01-R10-B4,32
Lower Shelve,F1-PZ01-A01-R11-A1,47
Lower Shelve,F1-PZ01-A01-R11-A2,47
Lower Shelve,F1-PZ01-A01-R11-A3,47
Upper Shelve,F1-PZ01-A01-R11-B1,32
Upper Shelve,F1-PZ01-A01-R11-B2,32
Upper Shelve,F1-PZ01-A01-R11-B3,32
Upper Shelve,F1-PZ01-A01-R11-B4,32
Lower Shelve,F1-PZ01-A01-R12-A1,47
Lower Shelve,F1-PZ01-A01-R12-A2,47
Lower Shelve,F1-PZ01-A01-R12-A3,47
Upper Shelve,F1-PZ01-A01-R12-B1,32
Upper Shelve,F1-PZ01-A01-R12-B2,32
Upper Shelve,F1-PZ01-A01-R12-B3,32
Upper Shelve,F1-PZ01-A01-R12-B4,32
Lower Shelve,F1-PZ01-A01-R13-A1,47
Lower Shelve,F1-PZ01-A01-R13-A2,47
Lower Shelve,F1-PZ01-A01-R13-A3,47
Upper Shelve,F1-PZ01-A01-R13-B1,32
Upper Shelve,F1-PZ01-A01-R13-B2,32
Upper Shelve,F1-PZ01-A01-R13-B3,32
Upper Shelve,F1-PZ01-A01-R13-B4,32
Lower Shelve,F1-PZ01-A01-R14-A1,47
Lower Shelve,F1-PZ01-A01-R14-A2,47
Lower Shelve,F1-PZ01-A01-R14-A3,47
Upper Shelve,F1-PZ01-A01-R14-B1,32
Upper Shelve,F1-PZ01-A01-R14-B2,32
Upper Shelve,F1-PZ01-A01-R14-B3,32
Upper Shelve,F1-PZ01-A01-R14-B4,32
Lower Shelve,F1-PZ01-A01-R15-A1,47
Lower Shelve,F1-PZ01-A01-R15-A2,47
Lower Shelve,F1-PZ01-A01-R15-A3,47
Upper Shelve,F1-PZ01-A01-R15-B1,32
Upper Shelve,F1-PZ01-A01-R15-B2,32
Upper Shelve,F1-PZ01-A01-R15-B3,32
Upper Shelve,F1-PZ01-A01-R15-B4,32
Lower Shelve,F1-PZ01-A01-R16-A1,47
Lower Shelve,F1-PZ01-A01-R16-A2,47
Lower Shelve,F1-PZ01-A01-R16-A3,47
Upper Shelve,F1-PZ01-A01-R16-B1,32
Upper Shelve,F1-PZ01-A01-R16-B2,32
Upper Shelve,F1-PZ01-A01-R16-B3,32
Upper Shelve,F1-PZ01-A01-R16-B4,32
Lower Shelve,F1-PZ01-A01-R17-A1,47
Lower Shelve,F1-PZ01-A01-R17-A2,47
Lower Shelve,F1-PZ01-A01-R17-A3,47
Upper Shelve,F1-PZ01-A01-R17-B1,32
Upper Shelve,F1-PZ01-A01-R17-B2,32
Upper Shelve,F1-PZ01-A01-R17-B3,32
Upper Shelve,F1-PZ01-A01-R17-B4,32
Lower Shelve,F1-PZ01-A01-R18-A1,47
Lower Shelve,F1-PZ01-A01-R18-A2,47
Lower Shelve,F1-PZ01-A01-R18-A3,47
Upper Shelve,F1-PZ01-A01-R18-B1,32
Upper Shelve,F1-PZ01-A01-R18-B2,32
Upper Shelve,F1-PZ01-A01-R18-B3,32
Upper Shelve,F1-PZ01-A01-R18-B4,32
Lower Shelve,F1-PZ01-A01-R19-A1,47
Lower Shelve,F1-PZ01-A01-R19-A2,47
Lower Shelve,F1-PZ01-A01-R19-A3,47
Bulk Location,F1-PZ01-A01-R19-A4,60
Upper Shelve,F1-PZ01-A01-R19-B1,32
Upper Shelve,F1-PZ01-A01-R19-B2,32
Upper Shelve,F1-PZ01-A01-R19-B3,32
Upper Shelve,F1-PZ01-A01-R19-B4,32
Lower Shelve,F1-PZ01-A02-R01-A1,47
Lower Shelve,F1-PZ01-A02-R01-A2,47
Lower Shelve,F1-PZ01-A02-R01-A3,47
Upper Shelve,F1-PZ01-A02-R01-B1,32
Upper Shelve,F1-PZ01-A02-R01-B2,32
Upper Shelve,F1-PZ01-A02-R01-B3,32
Upper Shelve,F1-PZ01-A02-R01-B4,32
Lower Shelve,F1-PZ01-A02-R01-PL,
Lower Shelve,F1-PZ01-A02-R02-A1,48
Lower Shelve,F1-PZ01-A02-R02-A2,48
Lower Shelve,F1-PZ01-A02-R02-A3,48
Upper Shelve,F1-PZ01-A02-R02-B1,32
Upper Shelve,F1-PZ01-A02-R02-B2,32
Upper Shelve,F1-PZ01-A02-R02-B3,32
Upper Shelve,F1-PZ01-A02-R02-B4,32
Lower Shelve,F1-PZ01-A02-R03-A1,48
Lower Shelve,F1-PZ01-A02-R03-A2,48
Lower Shelve,F1-PZ01-A02-R03-A3,48
Upper Shelve,F1-PZ01-A02-R03-B1,32
Upper Shelve,F1-PZ01-A02-R03-B2,32
Upper Shelve,F1-PZ01-A02-R03-B3,32
Upper Shelve,F1-PZ01-A02-R03-B4,32
Lower Shelve,F1-PZ01-A02-R04-A1,48
Lower Shelve,F1-PZ01-A02-R04-A2,48
Lower Shelve,F1-PZ01-A02-R04-A3,48
Upper Shelve,F1-PZ01-A02-R04-B1,32
Upper Shelve,F1-PZ01-A02-R04-B2,32
Upper Shelve,F1-PZ01-A02-R04-B3,32
Upper Shelve,F1-PZ01-A02-R04-B4,32
Lower Shelve,F1-PZ01-A02-R05-A1,48
Lower Shelve,F1-PZ01-A02-R05-A2,48
Lower Shelve,F1-PZ01-A02-R05-A3,48
Upper Shelve,F1-PZ01-A02-R05-B1,32
Upper Shelve,F1-PZ01-A02-R05-B2,32
Upper Shelve,F1-PZ01-A02-R05-B3,32
Upper Shelve,F1-PZ01-A02-R05-B4,32
Lower Shelve,F1-PZ01-A02-R06-A1,48
Lower Shelve,F1-PZ01-A02-R06-A2,48
Lower Shelve,F1-PZ01-A02-R06-A3,48
Upper Shelve,F1-PZ01-A02-R06-B1,32
Upper Shelve,F1-PZ01-A02-R06-B2,32
Upper Shelve,F1-PZ01-A02-R06-B3,32
Upper Shelve,F1-PZ01-A02-R06-B4,32
Lower Shelve,F1-PZ01-A02-R07-A1,48
Lower Shelve,F1-PZ01-A02-R07-A2,48
Lower Shelve,F1-PZ01-A02-R07-A3,48
Upper Shelve,F1-PZ01-A02-R07-B1,32
Upper Shelve,F1-PZ01-A02-R07-B2,32
Upper Shelve,F1-PZ01-A02-R07-B3,32
Upper Shelve,F1-PZ01-A02-R07-B4,32
Lower Shelve,F1-PZ01-A02-R08-A1,48
Lower Shelve,F1-PZ01-A02-R08-A2,48
Lower Shelve,F1-PZ01-A02-R08-A3,48
Upper Shelve,F1-PZ01-A02-R08-B1,32
Upper Shelve,F1-PZ01-A02-R08-B2,32
Upper Shelve,F1-PZ01-A02-R08-B3,32
Upper Shelve,F1-PZ01-A02-R08-B4,32
Lower Shelve,F1-PZ01-A03-R01-A1,48
Lower Shelve,F1-PZ01-A03-R01-A2,48
Lower Shelve,F1-PZ01-A03-R01-A3,48
Upper Shelve,F1-PZ01-A03-R01-B1,32
Upper Shelve,F1-PZ01-A03-R01-B2,32
Upper Shelve,F1-PZ01-A03-R01-B3,32
Upper Shelve,F1-PZ01-A03-R01-B4,32
Lower Shelve,F1-PZ01-A03-R01-PL,
Lower Shelve,F1-PZ01-A03-R02-A1,48
Lower Shelve,F1-PZ01-A03-R02-A2,48
Lower Shelve,F1-PZ01-A03-R02-A3,48
Upper Shelve,F1-PZ01-A03-R02-B1,32
Upper Shelve,F1-PZ01-A03-R02-B2,32
Upper Shelve,F1-PZ01-A03-R02-B3,32
Upper Shelve,F1-PZ01-A03-R02-B4,32
Lower Shelve,F1-PZ01-A03-R03-A1,48
Lower Shelve,F1-PZ01-A03-R03-A2,48
Upper Shelve,F1-PZ01-A03-R03-B1,32
Upper Shelve,F1-PZ01-A03-R03-B2,32
Upper Shelve,F1-PZ01-A03-R03-B3,32
Lower Shelve,F1-PZ01-A03-R04-A1,48
Lower Shelve,F1-PZ01-A03-R04-A2,48
Lower Shelve,F1-PZ01-A03-R04-A3,48
Upper Shelve,F1-PZ01-A03-R04-B1,32
Upper Shelve,F1-PZ01-A03-R04-B2,32
Upper Shelve,F1-PZ01-A03-R04-B3,32
Upper Shelve,F1-PZ01-A03-R04-B4,32
Lower Shelve,F1-PZ01-A03-R04-PL,
Lower Shelve,F1-PZ01-A03-R05-A1,48
Lower Shelve,F1-PZ01-A03-R05-A2,48
Lower Shelve,F1-PZ01-A03-R05-A3,48
Upper Shelve,F1-PZ01-A03-R05-B1,32
Upper Shelve,F1-PZ01-A03-R05-B2,32
Upper Shelve,F1-PZ01-A03-R05-B3,32
Upper Shelve,F1-PZ01-A03-R05-B4,32
Lower Shelve,F1-PZ01-A03-R06-A1,48
Lower Shelve,F1-PZ01-A03-R06-A2,48
Lower Shelve,F1-PZ01-A03-R06-A3,48
Upper Shelve,F1-PZ01-A03-R06-B1,32
Upper Shelve,F1-PZ01-A03-R06-B2,32
Upper Shelve,F1-PZ01-A03-R06-B3,32
Upper Shelve,F1-PZ01-A03-R06-B4,32
Lower Shelve,F1-PZ01-A03-R07-A1,48
Lower Shelve,F1-PZ01-A03-R07-A2,48
Lower Shelve,F1-PZ01-A03-R07-A3,48
Upper Shelve,F1-PZ01-A03-R07-B1,32
Upper Shelve,F1-PZ01-A03-R07-B2,32
Upper Shelve,F1-PZ01-A03-R07-B3,32
Upper Shelve,F1-PZ01-A03-R07-B4,32
Lower Shelve,F1-PZ01-A03-R07-PL01,
Lower Shelve,F1-PZ01-A03-R07-PL02,
Lower Shelve,F1-PZ01-A04-R01-A1,48
Lower Shelve,F1-PZ01-A04-R01-A2,48
Lower Shelve,F1-PZ01-A04-R01-A3,48
Upper Shelve,F1-PZ01-A04-R01-B1,32
Upper Shelve,F1-PZ01-A04-R01-B2,32
Upper Shelve,F1-PZ01-A04-R01-B3,32
Upper Shelve,F1-PZ01-A04-R01-B4,32
Lower Shelve,F1-PZ01-A04-R01-PL,
Lower Shelve,F1-PZ01-A04-R02-A1,48
Lower Shelve,F1-PZ01-A04-R02-A2,48
Lower Shelve,F1-PZ01-A04-R02-A3,48
Upper Shelve,F1-PZ01-A04-R02-B1,32
Upper Shelve,F1-PZ01-A04-R02-B2,32
Upper Shelve,F1-PZ01-A04-R02-B3,32
Upper Shelve,F1-PZ01-A04-R02-B4,32
Lower Shelve,F1-PZ01-A04-R03-A1,48
Lower Shelve,F1-PZ01-A04-R03-A2,48
Lower Shelve,F1-PZ01-A04-R03-A3,48
Upper Shelve,F1-PZ01-A04-R03-B1,32
Upper Shelve,F1-PZ01-A04-R03-B2,32
Upper Shelve,F1-PZ01-A04-R03-B3,32
Upper Shelve,F1-PZ01-A04-R03-B4,32
Lower Shelve,F1-PZ01-A04-R04-A1,48
Lower Shelve,F1-PZ01-A04-R04-A2,48
Lower Shelve,F1-PZ01-A04-R04-A3,48
Upper Shelve,F1-PZ01-A04-R04-B1,32
Upper Shelve,F1-PZ01-A04-R04-B2,32
Upper Shelve,F1-PZ01-A04-R04-B3,32
Upper Shelve,F1-PZ01-A04-R04-B4,32
Lower Shelve,F1-PZ01-A04-R04-PL01,
Lower Shelve,F1-PZ01-A04-R04-PL02,
Lower Shelve,F1-PZ01-A05-R01-A1,48
Lower Shelve,F1-PZ01-A05-R01-A2,48
Lower Shelve,F1-PZ01-A05-R01-A3,48
Upper Shelve,F1-PZ01-A05-R01-B1,32
Upper Shelve,F1-PZ01-A05-R01-B2,32
Upper Shelve,F1-PZ01-A05-R01-B3,32
Upper Shelve,F1-PZ01-A05-R01-B4,32
Lower Shelve,F1-PZ01-A05-R01-PL,
Lower Shelve,F1-PZ01-A05-R02-A1,48
Lower Shelve,F1-PZ01-A05-R02-A2,48
Lower Shelve,F1-PZ01-A05-R02-A3,48
Upper Shelve,F1-PZ01-A05-R02-B1,32
Upper Shelve,F1-PZ01-A05-R02-B2,32
Upper Shelve,F1-PZ01-A05-R02-B3,32
Upper Shelve,F1-PZ01-A05-R02-B4,32
Lower Shelve,F1-PZ01-A05-R03-A1,48
Lower Shelve,F1-PZ01-A05-R03-A2,48
Lower Shelve,F1-PZ01-A05-R03-A3,48
Upper Shelve,F1-PZ01-A05-R03-B1,32
Upper Shelve,F1-PZ01-A05-R03-B2,32
Upper Shelve,F1-PZ01-A05-R03-B3,32
Upper Shelve,F1-PZ01-A05-R03-B4,32
Lower Shelve,F1-PZ01-A05-R04-A1,48
Lower Shelve,F1-PZ01-A05-R04-A2,48
Lower Shelve,F1-PZ01-A05-R04-A3,48
Upper Shelve,F1-PZ01-A05-R04-B1,32
Upper Shelve,F1-PZ01-A05-R04-B2,32
Upper Shelve,F1-PZ01-A05-R04-B3,32
Upper Shelve,F1-PZ01-A05-R04-B4,32
Lower Shelve,F1-PZ01-A05-R05-A1,48
Lower Shelve,F1-PZ01-A05-R05-A2,48
Lower Shelve,F1-PZ01-A05-R05-A3,48
Upper Shelve,F1-PZ01-A05-R05-B1,32
Upper Shelve,F1-PZ01-A05-R05-B2,32
Upper Shelve,F1-PZ01-A05-R05-B3,32
Upper Shelve,F1-PZ01-A05-R05-B4,32
Lower Shelve,F1-PZ01-A05-R06-A1,48
Lower Shelve,F1-PZ01-A05-R06-A2,48
Lower Shelve,F1-PZ01-A05-R06-A3,48
Upper Shelve,F1-PZ01-A05-R06-B1,32
Upper Shelve,F1-PZ01-A05-R06-B2,32
Upper Shelve,F1-PZ01-A05-R06-B3,32
Upper Shelve,F1-PZ01-A05-R06-B4,32
Lower Shelve,F1-PZ01-A05-R07-A1,48
Lower Shelve,F1-PZ01-A05-R07-A2,48
Lower Shelve,F1-PZ01-A05-R07-A3,48
Upper Shelve,F1-PZ01-A05-R07-B1,32
Upper Shelve,F1-PZ01-A05-R07-B2,32
Upper Shelve,F1-PZ01-A05-R07-B3,32
Upper Shelve,F1-PZ01-A05-R07-B4,32
Lower Shelve,F1-PZ01-A05-R08-A1,48
Lower Shelve,F1-PZ01-A05-R08-A2,48
Lower Shelve,F1-PZ01-A05-R08-A3,48
Upper Shelve,F1-PZ01-A05-R08-B1,32
Upper Shelve,F1-PZ01-A05-R08-B2,32
Upper Shelve,F1-PZ01-A05-R08-B3,32
Upper Shelve,F1-PZ01-A05-R08-B4,32
LSS Location,F1-PZ01-A06-R01-A1,7.9
LSS Location,F1-PZ01-A06-R01-A2,7.9
LSS Location,F1-PZ01-A06-R01-A3,7.9
LSS Location,F1-PZ01-A06-R01-A4,7.9
LSS Location,F1-PZ01-A06-R01-A5,7.9
LSS Location,F1-PZ01-A06-R01-B1,7.9
LSS Location,F1-PZ01-A06-R01-B2,7.9
LSS Location,F1-PZ01-A06-R01-B3,7.9
LSS Location,F1-PZ01-A06-R01-B4,7.9
LSS Location,F1-PZ01-A06-R01-B5,7.9
LSS Location,F1-PZ01-A06-R01-C1,7.9
LSS Location,F1-PZ01-A06-R01-C2,7.9
LSS Location,F1-PZ01-A06-R01-C3,7.9
LSS Location,F1-PZ01-A06-R01-C4,7.9
LSS Location,F1-PZ01-A06-R01-C5,7.9
LSS Location,F1-PZ01-A06-R01-D1,7.9
LSS Location,F1-PZ01-A06-R01-D2,7.9
LSS Location,F1-PZ01-A06-R01-D3,7.9
LSS Location,F1-PZ01-A06-R01-D4,7.9
LSS Location,F1-PZ01-A06-R01-D5,7.9
LSS Location,F1-PZ01-A06-R01-PL,
Lower Shelve,F1-PZ01-A06-R02-A1,48
Lower Shelve,F1-PZ01-A06-R02-A2,48
Lower Shelve,F1-PZ01-A06-R02-A3,48
Lower Shelve,F1-PZ01-A06-R02-A4,48
Lower Shelve,F1-PZ01-A06-R02-A5,48
Upper Shelve,F1-PZ01-A06-R02-B1,32
Upper Shelve,F1-PZ01-A06-R02-B2,32
Upper Shelve,F1-PZ01-A06-R02-B3,32
Upper Shelve,F1-PZ01-A06-R02-B4,32
Upper Shelve,F1-PZ01-A06-R02-B5,32
Lower Shelve,F1-PZ01-A06-R02-C1,48
Lower Shelve,F1-PZ01-A06-R02-C2,48
Lower Shelve,F1-PZ01-A06-R02-C3,48
Lower Shelve,F1-PZ01-A06-R02-C4,48
Lower Shelve,F1-PZ01-A06-R02-C5,48
Lower Shelve,F1-PZ01-A06-R02-D1,48
Lower Shelve,F1-PZ01-A06-R02-D2,48
Lower Shelve,F1-PZ01-A06-R02-D3,48
Lower Shelve,F1-PZ01-A06-R02-D4,48
Lower Shelve,F1-PZ01-A06-R02-D5,48
LSS Location,F1-PZ01-A06-R03-A1,7.9
LSS Location,F1-PZ01-A06-R03-A2,7.9
LSS Location,F1-PZ01-A06-R03-A3,7.9
LSS Location,F1-PZ01-A06-R03-A4,7.9
LSS Location,F1-PZ01-A06-R03-A5,7.9
LSS Location,F1-PZ01-A06-R03-B1,7.9
LSS Location,F1-PZ01-A06-R03-B2,7.9
LSS Location,F1-PZ01-A06-R03-B3,7.9
LSS Location,F1-PZ01-A06-R03-B4,7.9
LSS Location,F1-PZ01-A06-R03-B5,7.9
LSS Location,F1-PZ01-A06-R03-C1,7.9
LSS Location,F1-PZ01-A06-R03-C2,7.9
LSS Location,F1-PZ01-A06-R03-C3,7.9
LSS Location,F1-PZ01-A06-R03-C4,7.9
LSS Location,F1-PZ01-A06-R03-C5,7.9
LSS Location,F1-PZ01-A06-R03-D1,7.9
LSS Location,F1-PZ01-A06-R03-D2,7.9
LSS Location,F1-PZ01-A06-R03-D3,7.9
LSS Location,F1-PZ01-A06-R03-D4,7.9
LSS Location,F1-PZ01-A06-R03-D5,7.9
Lower Shelve,F1-PZ01-A06-R04-A1,48
Lower Shelve,F1-PZ01-A06-R04-A2,48
Lower Shelve,F1-PZ01-A06-R04-A3,48
Lower Shelve,F1-PZ01-A06-R04-A4,48
Lower Shelve,F1-PZ01-A06-R04-A5,48
Upper Shelve,F1-PZ01-A06-R04-B1,32
Upper Shelve,F1-PZ01-A06-R04-B2,32
Upper Shelve,F1-PZ01-A06-R04-B3,32
Upper Shelve,F1-PZ01-A06-R04-B4,32
Upper Shelve,F1-PZ01-A06-R04-B5,32
Lower Shelve,F1-PZ01-A06-R04-C1,48
Lower Shelve,F1-PZ01-A06-R04-C2,48
Lower Shelve,F1-PZ01-A06-R04-C3,48
Lower Shelve,F1-PZ01-A06-R04-C4,48
Lower Shelve,F1-PZ01-A06-R04-C5,48
Lower Shelve,F1-PZ01-A06-R04-D1,48
Lower Shelve,F1-PZ01-A06-R04-D2,48
Lower Shelve,F1-PZ01-A06-R04-D3,48
Lower Shelve,F1-PZ01-A06-R04-D4,48
Lower Shelve,F1-PZ01-A06-R04-D5,48
LSS Location,F1-PZ01-A06-R05-A1,7.9
LSS Location,F1-PZ01-A06-R05-A2,7.9
LSS Location,F1-PZ01-A06-R05-A3,7.9
LSS Location,F1-PZ01-A06-R05-A4,7.9
LSS Location,F1-PZ01-A06-R05-A5,7.9
LSS Location,F1-PZ01-A06-R05-B1,7.9
LSS Location,F1-PZ01-A06-R05-B2,7.9
LSS Location,F1-PZ01-A06-R05-B3,7.9
LSS Location,F1-PZ01-A06-R05-B4,7.9
LSS Location,F1-PZ01-A06-R05-B5,7.9
LSS Location,F1-PZ01-A06-R05-C1,7.9
LSS Location,F1-PZ01-A06-R05-C2,7.9
LSS Location,F1-PZ01-A06-R05-C3,7.9
LSS Location,F1-PZ01-A06-R05-C4,7.9
LSS Location,F1-PZ01-A06-R05-C5,7.9
LSS Location,F1-PZ01-A06-R05-D1,7.9
LSS Location,F1-PZ01-A06-R05-D2,7.9
LSS Location,F1-PZ01-A06-R05-D3,7.9
LSS Location,F1-PZ01-A06-R05-D4,7.9
LSS Location,F1-PZ01-A06-R05-D5,7.9
Lower Shelve,F1-PZ01-A06-R06-A1,48
Lower Shelve,F1-PZ01-A06-R06-A2,48
Lower Shelve,F1-PZ01-A06-R06-A3,48
Lower Shelve,F1-PZ01-A06-R06-A4,48
Lower Shelve,F1-PZ01-A06-R06-A5,48
Upper Shelve,F1-PZ01-A06-R06-B1,32
Upper Shelve,F1-PZ01-A06-R06-B2,32
Upper Shelve,F1-PZ01-A06-R06-B3,32
Upper Shelve,F1-PZ01-A06-R06-B4,32
Upper Shelve,F1-PZ01-A06-R06-B5,32
Lower Shelve,F1-PZ01-A06-R06-C1,48
Lower Shelve,F1-PZ01-A06-R06-C2,48
Lower Shelve,F1-PZ01-A06-R06-C3,48
Lower Shelve,F1-PZ01-A06-R06-C4,48
Lower Shelve,F1-PZ01-A06-R06-C5,48
Lower Shelve,F1-PZ01-A06-R06-D1,48
Lower Shelve,F1-PZ01-A06-R06-D2,48
Lower Shelve,F1-PZ01-A06-R06-D3,48
Lower Shelve,F1-PZ01-A06-R06-D4,48
Lower Shelve,F1-PZ01-A06-R06-D5,48
LSS Location,F1-PZ01-A06-R07-A1,7.9
LSS Location,F1-PZ01-A06-R07-A2,7.9
LSS Location,F1-PZ01-A06-R07-A3,7.9
LSS Location,F1-PZ01-A06-R07-A4,7.9
LSS Location,F1-PZ01-A06-R07-A5,7.9
LSS Location,F1-PZ01-A06-R07-B1,7.9
LSS Location,F1-PZ01-A06-R07-B2,7.9
LSS Location,F1-PZ01-A06-R07-B3,7.9
LSS Location,F1-PZ01-A06-R07-B4,7.9
LSS Location,F1-PZ01-A06-R07-B5,7.9
LSS Location,F1-PZ01-A06-R07-C1,7.9
LSS Location,F1-PZ01-A06-R07-C2,7.9
LSS Location,F1-PZ01-A06-R07-C3,7.9
LSS Location,F1-PZ01-A06-R07-C4,7.9
LSS Location,F1-PZ01-A06-R07-C5,7.9
LSS Location,F1-PZ01-A06-R07-D1,7.9
LSS Location,F1-PZ01-A06-R07-D2,7.9
LSS Location,F1-PZ01-A06-R07-D3,7.9
LSS Location,F1-PZ01-A06-R07-D4,7.9
LSS Location,F1-PZ01-A06-R07-D5,7.9
Lower Shelve,F1-PZ01-A06-R08-A1,48
Lower Shelve,F1-PZ01-A06-R08-A2,48
Lower Shelve,F1-PZ01-A06-R08-A3,48
Lower Shelve,F1-PZ01-A06-R08-A4,48
Lower Shelve,F1-PZ01-A06-R08-A5,48
Upper Shelve,F1-PZ01-A06-R08-B1,32
Upper Shelve,F1-PZ01-A06-R08-B2,32
Upper Shelve,F1-PZ01-A06-R08-B3,32
Upper Shelve,F1-PZ01-A06-R08-B4,32
Upper Shelve,F1-PZ01-A06-R08-B5,32
Lower Shelve,F1-PZ01-A06-R08-C1,48
Lower Shelve,F1-PZ01-A06-R08-C2,48
Lower Shelve,F1-PZ01-A06-R08-C3,48
Lower Shelve,F1-PZ01-A06-R08-C4,48
Lower Shelve,F1-PZ01-A06-R08-C5,48
Lower Shelve,F1-PZ01-A06-R08-D1,48
Lower Shelve,F1-PZ01-A06-R08-D2,48
Lower Shelve,F1-PZ01-A06-R08-D3,48
Lower Shelve,F1-PZ01-A06-R08-D4,48
Lower Shelve,F1-PZ01-A06-R08-D5,48
LSS Location,F1-PZ01-A06-R09-A1,7.9
LSS Location,F1-PZ01-A06-R09-A2,7.9
LSS Location,F1-PZ01-A06-R09-A3,7.9
LSS Location,F1-PZ01-A06-R09-A4,7.9
LSS Location,F1-PZ01-A06-R09-A5,7.9
LSS Location,F1-PZ01-A06-R09-B1,7.9
LSS Location,F1-PZ01-A06-R09-B2,7.9
LSS Location,F1-PZ01-A06-R09-B3,7.9
LSS Location,F1-PZ01-A06-R09-B4,7.9
LSS Location,F1-PZ01-A06-R09-B5,7.9
LSS Location,F1-PZ01-A06-R09-C1,7.9
LSS Location,F1-PZ01-A06-R09-C2,7.9
LSS Location,F1-PZ01-A06-R09-C3,7.9
LSS Location,F1-PZ01-A06-R09-C4,7.9
LSS Location,F1-PZ01-A06-R09-C5,7.9
LSS Location,F1-PZ01-A06-R09-D1,7.9
LSS Location,F1-PZ01-A06-R09-D2,7.9
LSS Location,F1-PZ01-A06-R09-D3,7.9
LSS Location,F1-PZ01-A06-R09-D4,7.9
LSS Location,F1-PZ01-A06-R09-D5,7.9
LSS Location,F1-PZ01-A06-R10-A1,7.9
LSS Location,F1-PZ01-A06-R10-A2,7.9
LSS Location,F1-PZ01-A06-R10-A3,7.9
LSS Location,F1-PZ01-A06-R10-A4,7.9
LSS Location,F1-PZ01-A06-R10-B1,7.9
LSS Location,F1-PZ01-A06-R10-B2,7.9
LSS Location,F1-PZ01-A06-R10-B3,7.9
LSS Location,F1-PZ01-A06-R10-B4,7.9
LSS Location,F1-PZ01-A06-R10-C1,7.9
LSS Location,F1-PZ01-A06-R10-C2,7.9
LSS Location,F1-PZ01-A06-R10-C3,7.9
LSS Location,F1-PZ01-A06-R10-C4,7.9
LSS Location,F1-PZ01-A06-R10-D1,7.9
LSS Location,F1-PZ01-A06-R10-D2,7.9
LSS Location,F1-PZ01-A06-R10-D3,7.9
LSS Location,F1-PZ01-A06-R10-D4,7.9
LSS Location,F1-PZ01-A07-R01-A1,7.9
LSS Location,F1-PZ01-A07-R01-A2,7.9
LSS Location,F1-PZ01-A07-R01-A3,7.9
LSS Location,F1-PZ01-A07-R01-A4,7.9
LSS Location,F1-PZ01-A07-R01-A5,7.9
LSS Location,F1-PZ01-A07-R01-B1,7.9
LSS Location,F1-PZ01-A07-R01-B2,7.9
LSS Location,F1-PZ01-A07-R01-B3,7.9
LSS Location,F1-PZ01-A07-R01-B4,7.9
LSS Location,F1-PZ01-A07-R01-B5,7.9
LSS Location,F1-PZ01-A07-R01-C1,7.9
LSS Location,F1-PZ01-A07-R01-C2,7.9
LSS Location,F1-PZ01-A07-R01-C3,7.9
LSS Location,F1-PZ01-A07-R01-C4,7.9
LSS Location,F1-PZ01-A07-R01-C5,7.9
LSS Location,F1-PZ01-A07-R01-D1,7.9
LSS Location,F1-PZ01-A07-R01-D2,7.9
LSS Location,F1-PZ01-A07-R01-D3,7.9
LSS Location,F1-PZ01-A07-R01-D4,7.9
LSS Location,F1-PZ01-A07-R01-D5,7.9
LSS Location,F1-PZ01-A07-R01-PL,
LSS Location,F1-PZ01-A07-R02-A1,7.9
LSS Location,F1-PZ01-A07-R02-A2,7.9
LSS Location,F1-PZ01-A07-R02-A3,7.9
LSS Location,F1-PZ01-A07-R02-A4,7.9
LSS Location,F1-PZ01-A07-R02-A5,7.9
LSS Location,F1-PZ01-A07-R02-B1,7.9
LSS Location,F1-PZ01-A07-R02-B2,7.9
LSS Location,F1-PZ01-A07-R02-B3,7.9
LSS Location,F1-PZ01-A07-R02-B4,7.9
LSS Location,F1-PZ01-A07-R02-B5,7.9
LSS Location,F1-PZ01-A07-R02-C1,7.9
LSS Location,F1-PZ01-A07-R02-C2,7.9
LSS Location,F1-PZ01-A07-R02-C3,7.9
LSS Location,F1-PZ01-A07-R02-C4,7.9
LSS Location,F1-PZ01-A07-R02-C5,7.9
LSS Location,F1-PZ01-A07-R02-D1,7.9
LSS Location,F1-PZ01-A07-R02-D2,7.9
LSS Location,F1-PZ01-A07-R02-D3,7.9
LSS Location,F1-PZ01-A07-R02-D4,7.9
LSS Location,F1-PZ01-A07-R02-D5,7.9
LSS Location,F1-PZ01-A07-R03-A1,7.9
LSS Location,F1-PZ01-A07-R03-A2,7.9
LSS Location,F1-PZ01-A07-R03-A3,7.9
LSS Location,F1-PZ01-A07-R03-A4,7.9
LSS Location,F1-PZ01-A07-R03-A5,7.9
LSS Location,F1-PZ01-A07-R03-B1,7.9
LSS Location,F1-PZ01-A07-R03-B2,7.9
LSS Location,F1-PZ01-A07-R03-B3,7.9
LSS Location,F1-PZ01-A07-R03-B4,7.9
LSS Location,F1-PZ01-A07-R03-B5,7.9
LSS Location,F1-PZ01-A07-R03-C1,7.9
LSS Location,F1-PZ01-A07-R03-C2,7.9
LSS Location,F1-PZ01-A07-R03-C3,7.9
LSS Location,F1-PZ01-A07-R03-C4,7.9
LSS Location,F1-PZ01-A07-R03-C5,7.9
LSS Location,F1-PZ01-A07-R03-D1,7.9
LSS Location,F1-PZ01-A07-R03-D2,7.9
LSS Location,F1-PZ01-A07-R03-D3,7.9
LSS Location,F1-PZ01-A07-R03-D4,7.9
LSS Location,F1-PZ01-A07-R03-D5,7.9
LSS Location,F1-PZ01-A07-R04-A1,7.9
LSS Location,F1-PZ01-A07-R04-A2,7.9
LSS Location,F1-PZ01-A07-R04-A3,7.9
LSS Location,F1-PZ01-A07-R04-A4,7.9
LSS Location,F1-PZ01-A07-R04-A5,7.9
LSS Location,F1-PZ01-A07-R04-B1,7.9
LSS Location,F1-PZ01-A07-R04-B2,7.9
LSS Location,F1-PZ01-A07-R04-B3,7.9
LSS Location,F1-PZ01-A07-R04-B4,7.9
LSS Location,F1-PZ01-A07-R04-B5,7.9
LSS Location,F1-PZ01-A07-R04-C1,7.9
LSS Location,F1-PZ01-A07-R04-C2,7.9
LSS Location,F1-PZ01-A07-R04-C3,7.9
LSS Location,F1-PZ01-A07-R04-C4,7.9
LSS Location,F1-PZ01-A07-R04-C5,7.9
LSS Location,F1-PZ01-A07-R04-D1,7.9
LSS Location,F1-PZ01-A07-R04-D2,7.9
LSS Location,F1-PZ01-A07-R04-D3,7.9
LSS Location,F1-PZ01-A07-R04-D4,7.9
LSS Location,F1-PZ01-A07-R04-D5,7.9
LSS Location,F1-PZ01-A07-R05-A1,7.9
LSS Location,F1-PZ01-A07-R05-A2,7.9
LSS Location,F1-PZ01-A07-R05-A3,7.9
LSS Location,F1-PZ01-A07-R05-A4,7.9
LSS Location,F1-PZ01-A07-R05-A5,7.9
LSS Location,F1-PZ01-A07-R05-B1,7.9
LSS Location,F1-PZ01-A07-R05-B2,7.9
LSS Location,F1-PZ01-A07-R05-B3,7.9
LSS Location,F1-PZ01-A07-R05-B4,7.9
LSS Location,F1-PZ01-A07-R05-B5,7.9
LSS Location,F1-PZ01-A07-R05-C1,7.9
LSS Location,F1-PZ01-A07-R05-C2,7.9
LSS Location,F1-PZ01-A07-R05-C3,7.9
LSS Location,F1-PZ01-A07-R05-C4,7.9
LSS Location,F1-PZ01-A07-R05-C5,7.9
LSS Location,F1-PZ01-A07-R05-D1,7.9
LSS Location,F1-PZ01-A07-R05-D2,7.9
LSS Location,F1-PZ01-A07-R05-D3,7.9
LSS Location,F1-PZ01-A07-R05-D4,7.9
LSS Location,F1-PZ01-A07-R05-D5,7.9
LSS Location,F1-PZ01-A07-R06-A1,7.9
LSS Location,F1-PZ01-A07-R06-A2,7.9
LSS Location,F1-PZ01-A07-R06-A3,7.9
LSS Location,F1-PZ01-A07-R06-A4,7.9
LSS Location,F1-PZ01-A07-R06-A5,7.9
LSS Location,F1-PZ01-A07-R06-B1,7.9
LSS Location,F1-PZ01-A07-R06-B2,7.9
LSS Location,F1-PZ01-A07-R06-B3,7.9
LSS Location,F1-PZ01-A07-R06-B4,7.9
LSS Location,F1-PZ01-A07-R06-B5,7.9
LSS Location,F1-PZ01-A07-R06-C1,7.9
LSS Location,F1-PZ01-A07-R06-C2,7.9
LSS Location,F1-PZ01-A07-R06-C3,7.9
LSS Location,F1-PZ01-A07-R06-C4,7.9
LSS Location,F1-PZ01-A07-R06-C5,7.9
LSS Location,F1-PZ01-A07-R06-D1,7.9
LSS Location,F1-PZ01-A07-R06-D2,7.9
LSS Location,F1-PZ01-A07-R06-D3,7.9
LSS Location,F1-PZ01-A07-R06-D4,7.9
LSS Location,F1-PZ01-A07-R06-D5,7.9
LSS Location,F1-PZ01-A07-R07-A1,7.9
LSS Location,F1-PZ01-A07-R07-A2,7.9
LSS Location,F1-PZ01-A07-R07-A3,7.9
LSS Location,F1-PZ01-A07-R07-A4,7.9
LSS Location,F1-PZ01-A07-R07-A5,7.9
LSS Location,F1-PZ01-A07-R07-B1,7.9
LSS Location,F1-PZ01-A07-R07-B2,7.9
LSS Location,F1-PZ01-A07-R07-B3,7.9
LSS Location,F1-PZ01-A07-R07-B4,7.9
LSS Location,F1-PZ01-A07-R07-B5,7.9
LSS Location,F1-PZ01-A07-R07-C1,7.9
LSS Location,F1-PZ01-A07-R07-C2,7.9
LSS Location,F1-PZ01-A07-R07-C3,7.9
LSS Location,F1-PZ01-A07-R07-C4,7.9
LSS Location,F1-PZ01-A07-R07-C5,7.9
LSS Location,F1-PZ01-A07-R07-D1,7.9
LSS Location,F1-PZ01-A07-R07-D2,7.9
LSS Location,F1-PZ01-A07-R07-D3,7.9
LSS Location,F1-PZ01-A07-R07-D4,7.9
LSS Location,F1-PZ01-A07-R07-D5,7.9
LSS Location,F1-PZ01-A07-R08-A1,7.9
LSS Location,F1-PZ01-A07-R08-A2,7.9
LSS Location,F1-PZ01-A07-R08-A3,7.9
LSS Location,F1-PZ01-A07-R08-A4,7.9
LSS Location,F1-PZ01-A07-R08-A5,7.9
LSS Location,F1-PZ01-A07-R08-B1,7.9
LSS Location,F1-PZ01-A07-R08-B2,7.9
LSS Location,F1-PZ01-A07-R08-B3,7.9
LSS Location,F1-PZ01-A07-R08-B4,7.9
LSS Location,F1-PZ01-A07-R08-B5,7.9
LSS Location,F1-PZ01-A07-R08-C1,7.9
LSS Location,F1-PZ01-A07-R08-C2,7.9
LSS Location,F1-PZ01-A07-R08-C3,7.9
LSS Location,F1-PZ01-A07-R08-C4,7.9
LSS Location,F1-PZ01-A07-R08-C5,7.9
LSS Location,F1-PZ01-A07-R08-D1,7.9
LSS Location,F1-PZ01-A07-R08-D2,7.9
LSS Location,F1-PZ01-A07-R08-D3,7.9
LSS Location,F1-PZ01-A07-R08-D4,7.9
LSS Location,F1-PZ01-A07-R08-D5,7.9
LSS Location,F1-PZ01-A07-R09-A1,7.9
LSS Location,F1-PZ01-A07-R09-A2,7.9
LSS Location,F1-PZ01-A07-R09-A3,7.9
LSS Location,F1-PZ01-A07-R09-A4,7.9
LSS Location,F1-PZ01-A07-R09-A5,7.9
LSS Location,F1-PZ01-A07-R09-B1,7.9
LSS Location,F1-PZ01-A07-R09-B2,7.9
LSS Location,F1-PZ01-A07-R09-B3,7.9
LSS Location,F1-PZ01-A07-R09-B4,7.9
LSS Location,F1-PZ01-A07-R09-B5,7.9
LSS Location,F1-PZ01-A07-R09-C1,7.9
LSS Location,F1-PZ01-A07-R09-C2,7.9
LSS Location,F1-PZ01-A07-R09-C3,7.9
LSS Location,F1-PZ01-A07-R09-C4,7.9
LSS Location,F1-PZ01-A07-R09-C5,7.9
LSS Location,F1-PZ01-A07-R09-D1,7.9
LSS Location,F1-PZ01-A07-R09-D2,7.9
LSS Location,F1-PZ01-A07-R09-D3,7.9
LSS Location,F1-PZ01-A07-R09-D4,7.9
LSS Location,F1-PZ01-A07-R09-D5,7.9
LSS Location,F1-PZ01-A07-R10-A1,7.9
LSS Location,F1-PZ01-A07-R10-A2,7.9
LSS Location,F1-PZ01-A07-R10-A3,7.9
LSS Location,F1-PZ01-A07-R10-A4,7.9
LSS Location,F1-PZ01-A07-R10-A5,7.9
LSS Location,F1-PZ01-A07-R10-B1,7.9
LSS Location,F1-PZ01-A07-R10-B2,7.9
LSS Location,F1-PZ01-A07-R10-B3,7.9
LSS Location,F1-PZ01-A07-R10-B4,7.9
LSS Location,F1-PZ01-A07-R10-B5,7.9
LSS Location,F1-PZ01-A07-R10-C1,7.9
LSS Location,F1-PZ01-A07-R10-C2,7.9
LSS Location,F1-PZ01-A07-R10-C3,7.9
LSS Location,F1-PZ01-A07-R10-C4,7.9
LSS Location,F1-PZ01-A07-R10-C5,7.9
LSS Location,F1-PZ01-A07-R10-D1,7.9
LSS Location,F1-PZ01-A07-R10-D2,7.9
LSS Location,F1-PZ01-A07-R10-D3,7.9
LSS Location,F1-PZ01-A07-R10-D4,7.9
LSS Location,F1-PZ01-A07-R10-D5,7.9
LSS Location,F1-PZ01-A07-R11-A1,7.9
LSS Location,F1-PZ01-A07-R11-A2,7.9
LSS Location,F1-PZ01-A07-R11-A3,7.9
LSS Location,F1-PZ01-A07-R11-A4,7.9
LSS Location,F1-PZ01-A07-R11-B1,7.9
LSS Location,F1-PZ01-A07-R11-B2,7.9
LSS Location,F1-PZ01-A07-R11-B3,7.9
LSS Location,F1-PZ01-A07-R11-B4,7.9
LSS Location,F1-PZ01-A07-R11-C1,7.9
LSS Location,F1-PZ01-A07-R11-C2,7.9
LSS Location,F1-PZ01-A07-R11-C3,7.9
LSS Location,F1-PZ01-A07-R11-C4,7.9
LSS Location,F1-PZ01-A07-R11-D1,7.9
LSS Location,F1-PZ01-A07-R11-D2,7.9
LSS Location,F1-PZ01-A07-R11-D3,7.9
LSS Location,F1-PZ01-A07-R11-D4,7.9
LSS Location,F1-PZ01-A07-R12-A1,7.9
LSS Location,F1-PZ01-A07-R12-A2,7.9
LSS Location,F1-PZ01-A07-R12-A3,7.9
LSS Location,F1-PZ01-A07-R12-A4,7.9
LSS Location,F1-PZ01-A07-R12-B1,7.9
LSS Location,F1-PZ01-A07-R12-B2,7.9
LSS Location,F1-PZ01-A07-R12-B3,7.9
LSS Location,F1-PZ01-A07-R12-B4,7.9
LSS Location,F1-PZ01-A07-R12-C1,7.9
LSS Location,F1-PZ01-A07-R12-C2,7.9
LSS Location,F1-PZ01-A07-R12-C3,7.9
LSS Location,F1-PZ01-A07-R12-C4,7.9
LSS Location,F1-PZ01-A07-R12-D1,7.9
LSS Location,F1-PZ01-A07-R12-D2,7.9
LSS Location,F1-PZ01-A07-R12-D3,7.9
LSS Location,F1-PZ01-A07-R12-D4,7.9
Bulk Location,F1-PZ01-OB-A01-PL01,60
Bulk Location,F1-PZ01-OB-A01-PL02,60
Bulk Location,F1-PZ01-OB-A01-PL03,60
Bulk Location,F1-PZ01-OB-A01-PL04,60
Bulk Location,F1-PZ01-OB-A01-PL05,60
Bulk Location,F1-PZ01-OB-A01-PL06,60
Bulk Location,F1-PZ01-OB-A01-PL07,60
Bulk Location,F1-PZ01-OB-A01-PL08,60
Bulk Location,F1-PZ01-OB-A01-PL09,60
Bulk Location,F1-PZ01-OB-A01-PL10,60
Bulk Location,F1-PZ01-OB-A01-PL11,60
Bulk Location,F1-PZ01-OB-A01-PL12,60
Bulk Location,F1-PZ01-OB-A01-PL13,60
Bulk Location,F1-PZ01-OB-A01-PL14,60
Bulk Location,F1-PZ01-OB-A01-PL15,60
Bulk Location,F1-PZ01-OB-A01-PL16,60
Bulk Location,F1-PZ01-OB-A01-PL17,60
Bulk Location,F1-PZ01-OB-A01-PL18,60
Bulk Location,F1-PZ01-OB-A01-PL19,60
Bulk Location,F1-PZ01-OB-A01-PL20,60
Bulk Location,F1-PZ01-OB-A01-PL21,60
Bulk Location,F1-PZ01-OB-A01-PL22,60
Bulk Location,F1-PZ01-OB-A01-PL23,60
LSS Location,F1-PZ02-A08-R01-A1,7.9
LSS Location,F1-PZ02-A08-R01-A2,7.9
LSS Location,F1-PZ02-A08-R01-A3,7.9
LSS Location,F1-PZ02-A08-R01-A4,7.9
LSS Location,F1-PZ02-A08-R01-A5,7.9
LSS Location,F1-PZ02-A08-R01-B1,7.9
LSS Location,F1-PZ02-A08-R01-B2,7.9
LSS Location,F1-PZ02-A08-R01-B3,7.9
LSS Location,F1-PZ02-A08-R01-B4,7.9
LSS Location,F1-PZ02-A08-R01-B5,7.9
LSS Location,F1-PZ02-A08-R01-C1,7.9
LSS Location,F1-PZ02-A08-R01-C2,7.9
LSS Location,F1-PZ02-A08-R01-C3,7.9
LSS Location,F1-PZ02-A08-R01-C4,7.9
LSS Location,F1-PZ02-A08-R01-C5,7.9
LSS Location,F1-PZ02-A08-R01-D1,7.9
LSS Location,F1-PZ02-A08-R01-D2,7.9
LSS Location,F1-PZ02-A08-R01-D3,7.9
LSS Location,F1-PZ02-A08-R01-D4,7.9
LSS Location,F1-PZ02-A08-R01-D5,7.9
LSS Location,F1-PZ02-A08-R02-A1,7.9
LSS Location,F1-PZ02-A08-R02-A2,7.9
LSS Location,F1-PZ02-A08-R02-A3,7.9
LSS Location,F1-PZ02-A08-R02-A4,7.9
LSS Location,F1-PZ02-A08-R02-A5,7.9
LSS Location,F1-PZ02-A08-R02-B1,7.9
LSS Location,F1-PZ02-A08-R02-B2,7.9
LSS Location,F1-PZ02-A08-R02-B3,7.9
LSS Location,F1-PZ02-A08-R02-B4,7.9
LSS Location,F1-PZ02-A08-R02-B5,7.9
LSS Location,F1-PZ02-A08-R02-C1,7.9
LSS Location,F1-PZ02-A08-R02-C2,7.9
LSS Location,F1-PZ02-A08-R02-C3,7.9
LSS Location,F1-PZ02-A08-R02-C4,7.9
LSS Location,F1-PZ02-A08-R02-C5,7.9
LSS Location,F1-PZ02-A08-R02-D1,7.9
LSS Location,F1-PZ02-A08-R02-D2,7.9
LSS Location,F1-PZ02-A08-R02-D3,7.9
LSS Location,F1-PZ02-A08-R02-D4,7.9
LSS Location,F1-PZ02-A08-R02-D5,7.9
LSS Location,F1-PZ02-A08-R03-A1,7.9
LSS Location,F1-PZ02-A08-R03-A2,7.9
LSS Location,F1-PZ02-A08-R03-A3,7.9
LSS Location,F1-PZ02-A08-R03-A4,7.9
LSS Location,F1-PZ02-A08-R03-A5,7.9
LSS Location,F1-PZ02-A08-R03-B1,7.9
LSS Location,F1-PZ02-A08-R03-B2,7.9
LSS Location,F1-PZ02-A08-R03-B3,7.9
LSS Location,F1-PZ02-A08-R03-B4,7.9
LSS Location,F1-PZ02-A08-R03-B5,7.9
LSS Location,F1-PZ02-A08-R03-C1,7.9
LSS Location,F1-PZ02-A08-R03-C2,7.9
LSS Location,F1-PZ02-A08-R03-C3,7.9
LSS Location,F1-PZ02-A08-R03-C4,7.9
LSS Location,F1-PZ02-A08-R03-C5,7.9
LSS Location,F1-PZ02-A08-R03-D1,7.9
LSS Location,F1-PZ02-A08-R03-D2,7.9
LSS Location,F1-PZ02-A08-R03-D3,7.9
LSS Location,F1-PZ02-A08-R03-D4,7.9
LSS Location,F1-PZ02-A08-R03-D5,7.9
LSS Location,F1-PZ02-A08-R04-A1,7.9
LSS Location,F1-PZ02-A08-R04-A2,7.9
LSS Location,F1-PZ02-A08-R04-A3,7.9
LSS Location,F1-PZ02-A08-R04-A4,7.9
LSS Location,F1-PZ02-A08-R04-A5,7.9
LSS Location,F1-PZ02-A08-R04-B1,7.9
LSS Location,F1-PZ02-A08-R04-B2,7.9
LSS Location,F1-PZ02-A08-R04-B3,7.9
LSS Location,F1-PZ02-A08-R04-B4,7.9
LSS Location,F1-PZ02-A08-R04-B5,7.9
LSS Location,F1-PZ02-A08-R04-C1,7.9
LSS Location,F1-PZ02-A08-R04-C2,7.9
LSS Location,F1-PZ02-A08-R04-C3,7.9
LSS Location,F1-PZ02-A08-R04-C4,7.9
LSS Location,F1-PZ02-A08-R04-C5,7.9
LSS Location,F1-PZ02-A08-R04-D1,7.9
LSS Location,F1-PZ02-A08-R04-D2,7.9
LSS Location,F1-PZ02-A08-R04-D3,7.9
LSS Location,F1-PZ02-A08-R04-D4,7.9
LSS Location,F1-PZ02-A08-R04-D5,7.9
LSS Location,F1-PZ02-A08-R05-A1,7.9
LSS Location,F1-PZ02-A08-R05-A2,7.9
LSS Location,F1-PZ02-A08-R05-A3,7.9
LSS Location,F1-PZ02-A08-R05-A4,7.9
LSS Location,F1-PZ02-A08-R05-A5,7.9
LSS Location,F1-PZ02-A08-R05-B1,7.9
LSS Location,F1-PZ02-A08-R05-B2,7.9
LSS Location,F1-PZ02-A08-R05-B3,7.9
LSS Location,F1-PZ02-A08-R05-B4,7.9
LSS Location,F1-PZ02-A08-R05-B5,7.9
LSS Location,F1-PZ02-A08-R05-C1,7.9
LSS Location,F1-PZ02-A08-R05-C2,7.9
LSS Location,F1-PZ02-A08-R05-C3,7.9
LSS Location,F1-PZ02-A08-R05-C4,7.9
LSS Location,F1-PZ02-A08-R05-C5,7.9
LSS Location,F1-PZ02-A08-R05-D1,7.9
LSS Location,F1-PZ02-A08-R05-D2,7.9
LSS Location,F1-PZ02-A08-R05-D3,7.9
LSS Location,F1-PZ02-A08-R05-D4,7.9
LSS Location,F1-PZ02-A08-R05-D5,7.9
LSS Location,F1-PZ02-A08-R06-A1,7.9
LSS Location,F1-PZ02-A08-R06-A2,7.9
LSS Location,F1-PZ02-A08-R06-A3,7.9
LSS Location,F1-PZ02-A08-R06-A4,7.9
LSS Location,F1-PZ02-A08-R06-A5,7.9
LSS Location,F1-PZ02-A08-R06-B1,7.9
LSS Location,F1-PZ02-A08-R06-B2,7.9
LSS Location,F1-PZ02-A08-R06-B3,7.9
LSS Location,F1-PZ02-A08-R06-B4,7.9
LSS Location,F1-PZ02-A08-R06-B5,7.9
LSS Location,F1-PZ02-A08-R06-C1,7.9
LSS Location,F1-PZ02-A08-R06-C2,7.9
LSS Location,F1-PZ02-A08-R06-C3,7.9
LSS Location,F1-PZ02-A08-R06-C4,7.9
LSS Location,F1-PZ02-A08-R06-C5,7.9
LSS Location,F1-PZ02-A08-R06-D1,7.9
LSS Location,F1-PZ02-A08-R06-D2,7.9
LSS Location,F1-PZ02-A08-R06-D3,7.9
LSS Location,F1-PZ02-A08-R06-D4,7.9
LSS Location,F1-PZ02-A08-R06-D5,7.9
LSS Location,F1-PZ02-A08-R07-A1,7.9
LSS Location,F1-PZ02-A08-R07-A2,7.9
LSS Location,F1-PZ02-A08-R07-A3,7.9
LSS Location,F1-PZ02-A08-R07-A4,7.9
LSS Location,F1-PZ02-A08-R07-A5,7.9
LSS Location,F1-PZ02-A08-R07-B1,7.9
LSS Location,F1-PZ02-A08-R07-B2,7.9
LSS Location,F1-PZ02-A08-R07-B3,7.9
LSS Location,F1-PZ02-A08-R07-B4,7.9
LSS Location,F1-PZ02-A08-R07-B5,7.9
LSS Location,F1-PZ02-A08-R07-C1,7.9
LSS Location,F1-PZ02-A08-R07-C2,7.9
LSS Location,F1-PZ02-A08-R07-C3,7.9
LSS Location,F1-PZ02-A08-R07-C4,7.9
LSS Location,F1-PZ02-A08-R07-C5,7.9
LSS Location,F1-PZ02-A08-R07-D1,7.9
LSS Location,F1-PZ02-A08-R07-D2,7.9
LSS Location,F1-PZ02-A08-R07-D3,7.9
LSS Location,F1-PZ02-A08-R07-D4,7.9
LSS Location,F1-PZ02-A08-R07-D5,7.9
LSS Location,F1-PZ02-A08-R08-A1,7.9
LSS Location,F1-PZ02-A08-R08-A2,7.9
LSS Location,F1-PZ02-A08-R08-A3,7.9
LSS Location,F1-PZ02-A08-R08-A4,7.9
LSS Location,F1-PZ02-A08-R08-A5,7.9
LSS Location,F1-PZ02-A08-R08-B1,7.9
LSS Location,F1-PZ02-A08-R08-B2,7.9
LSS Location,F1-PZ02-A08-R08-B3,7.9
LSS Location,F1-PZ02-A08-R08-B4,7.9
LSS Location,F1-PZ02-A08-R08-B5,7.9
LSS Location,F1-PZ02-A08-R08-C1,7.9
LSS Location,F1-PZ02-A08-R08-C2,7.9
LSS Location,F1-PZ02-A08-R08-C3,7.9
LSS Location,F1-PZ02-A08-R08-C4,7.9
LSS Location,F1-PZ02-A08-R08-C5,7.9
LSS Location,F1-PZ02-A08-R08-D1,7.9
LSS Location,F1-PZ02-A08-R08-D2,7.9
LSS Location,F1-PZ02-A08-R08-D3,7.9
LSS Location,F1-PZ02-A08-R08-D4,7.9
LSS Location,F1-PZ02-A08-R08-D5,7.9
LSS Location,F1-PZ02-A08-R09-A1,7.9
LSS Location,F1-PZ02-A08-R09-A2,7.9
LSS Location,F1-PZ02-A08-R09-A3,7.9
LSS Location,F1-PZ02-A08-R09-A4,7.9
LSS Location,F1-PZ02-A08-R09-A5,7.9
LSS Location,F1-PZ02-A08-R09-B1,7.9
LSS Location,F1-PZ02-A08-R09-B2,7.9
LSS Location,F1-PZ02-A08-R09-B3,7.9
LSS Location,F1-PZ02-A08-R09-B4,7.9
LSS Location,F1-PZ02-A08-R09-B5,7.9
LSS Location,F1-PZ02-A08-R09-C1,7.9
LSS Location,F1-PZ02-A08-R09-C2,7.9
LSS Location,F1-PZ02-A08-R09-C3,7.9
LSS Location,F1-PZ02-A08-R09-C4,7.9
LSS Location,F1-PZ02-A08-R09-C5,7.9
LSS Location,F1-PZ02-A08-R09-D1,7.9
LSS Location,F1-PZ02-A08-R09-D2,7.9
LSS Location,F1-PZ02-A08-R09-D3,7.9
LSS Location,F1-PZ02-A08-R09-D4,7.9
LSS Location,F1-PZ02-A08-R09-D5,7.9
LSS Location,F1-PZ02-A08-R10-A1,7.9
LSS Location,F1-PZ02-A08-R10-A2,7.9
LSS Location,F1-PZ02-A08-R10-A3,7.9
LSS Location,F1-PZ02-A08-R10-A4,7.9
LSS Location,F1-PZ02-A08-R10-A5,7.9
LSS Location,F1-PZ02-A08-R10-B1,7.9
LSS Location,F1-PZ02-A08-R10-B2,7.9
LSS Location,F1-PZ02-A08-R10-B3,7.9
LSS Location,F1-PZ02-A08-R10-B4,7.9
LSS Location,F1-PZ02-A08-R10-B5,7.9
LSS Location,F1-PZ02-A08-R10-C1,7.9
LSS Location,F1-PZ02-A08-R10-C2,7.9
LSS Location,F1-PZ02-A08-R10-C3,7.9
LSS Location,F1-PZ02-A08-R10-C4,7.9
LSS Location,F1-PZ02-A08-R10-C5,7.9
LSS Location,F1-PZ02-A08-R10-D1,7.9
LSS Location,F1-PZ02-A08-R10-D2,7.9
LSS Location,F1-PZ02-A08-R10-D3,7.9
LSS Location,F1-PZ02-A08-R10-D4,7.9
LSS Location,F1-PZ02-A08-R10-D5,7.9
LSS Location,F1-PZ02-A08-R11-A1,7.9
LSS Location,F1-PZ02-A08-R11-A2,7.9
LSS Location,F1-PZ02-A08-R11-A3,7.9
LSS Location,F1-PZ02-A08-R11-A4,7.9
LSS Location,F1-PZ02-A08-R11-B1,7.9
LSS Location,F1-PZ02-A08-R11-B2,7.9
LSS Location,F1-PZ02-A08-R11-B3,7.9
LSS Location,F1-PZ02-A08-R11-B4,7.9
LSS Location,F1-PZ02-A08-R11-C1,7.9
LSS Location,F1-PZ02-A08-R11-C2,7.9
LSS Location,F1-PZ02-A08-R11-C3,7.9
LSS Location,F1-PZ02-A08-R11-C4,7.9
LSS Location,F1-PZ02-A08-R11-D1,7.9
LSS Location,F1-PZ02-A08-R11-D2,7.9
LSS Location,F1-PZ02-A08-R11-D3,7.9
LSS Location,F1-PZ02-A08-R11-D4,7.9
LSS Location,F1-PZ02-A08-R12-A1,7.9
LSS Location,F1-PZ02-A08-R12-A2,7.9
LSS Location,F1-PZ02-A08-R12-A3,7.9
LSS Location,F1-PZ02-A08-R12-A4,7.9
LSS Location,F1-PZ02-A08-R12-B1,7.9
LSS Location,F1-PZ02-A08-R12-B2,7.9
LSS Location,F1-PZ02-A08-R12-B3,7.9
LSS Location,F1-PZ02-A08-R12-B4,7.9
LSS Location,F1-PZ02-A08-R12-C1,7.9
LSS Location,F1-PZ02-A08-R12-C2,7.9
LSS Location,F1-PZ02-A08-R12-C3,7.9
LSS Location,F1-PZ02-A08-R12-C4,7.9
LSS Location,F1-PZ02-A08-R12-D1,7.9
LSS Location,F1-PZ02-A08-R12-D2,7.9
LSS Location,F1-PZ02-A08-R12-D3,7.9
LSS Location,F1-PZ02-A08-R12-D4,7.9
LSS Location,F1-PZ02-A09-R01-A1,7.9
LSS Location,F1-PZ02-A09-R01-A2,7.9
LSS Location,F1-PZ02-A09-R01-A3,7.9
LSS Location,F1-PZ02-A09-R01-A4,7.9
LSS Location,F1-PZ02-A09-R01-A5,7.9
LSS Location,F1-PZ02-A09-R01-B1,7.9
LSS Location,F1-PZ02-A09-R01-B2,7.9
LSS Location,F1-PZ02-A09-R01-B3,7.9
LSS Location,F1-PZ02-A09-R01-B4,7.9
LSS Location,F1-PZ02-A09-R01-B5,7.9
LSS Location,F1-PZ02-A09-R01-C1,7.9
LSS Location,F1-PZ02-A09-R01-C2,7.9
LSS Location,F1-PZ02-A09-R01-C3,7.9
LSS Location,F1-PZ02-A09-R01-C4,7.9
LSS Location,F1-PZ02-A09-R01-C5,7.9
LSS Location,F1-PZ02-A09-R01-D1,7.9
LSS Location,F1-PZ02-A09-R01-D2,7.9
LSS Location,F1-PZ02-A09-R01-D3,7.9
LSS Location,F1-PZ02-A09-R01-D4,7.9
LSS Location,F1-PZ02-A09-R01-D5,7.9
LSS Location,F1-PZ02-A09-R02-A1,7.9
LSS Location,F1-PZ02-A09-R02-A2,7.9
LSS Location,F1-PZ02-A09-R02-A3,7.9
LSS Location,F1-PZ02-A09-R02-A4,7.9
LSS Location,F1-PZ02-A09-R02-A5,7.9
LSS Location,F1-PZ02-A09-R02-B1,7.9
LSS Location,F1-PZ02-A09-R02-B2,7.9
LSS Location,F1-PZ02-A09-R02-B3,7.9
LSS Location,F1-PZ02-A09-R02-B4,7.9
LSS Location,F1-PZ02-A09-R02-B5,7.9
LSS Location,F1-PZ02-A09-R02-C1,7.9
LSS Location,F1-PZ02-A09-R02-C2,7.9
LSS Location,F1-PZ02-A09-R02-C3,7.9
LSS Location,F1-PZ02-A09-R02-C4,7.9
LSS Location,F1-PZ02-A09-R02-C5,7.9
LSS Location,F1-PZ02-A09-R02-D1,7.9
LSS Location,F1-PZ02-A09-R02-D2,7.9
LSS Location,F1-PZ02-A09-R02-D3,7.9
LSS Location,F1-PZ02-A09-R02-D4,7.9
LSS Location,F1-PZ02-A09-R02-D5,7.9
LSS Location,F1-PZ02-A09-R03-A1,7.9
LSS Location,F1-PZ02-A09-R03-A2,7.9
LSS Location,F1-PZ02-A09-R03-A3,7.9
LSS Location,F1-PZ02-A09-R03-A4,7.9
LSS Location,F1-PZ02-A09-R03-A5,7.9
LSS Location,F1-PZ02-A09-R03-B1,7.9
LSS Location,F1-PZ02-A09-R03-B2,7.9
LSS Location,F1-PZ02-A09-R03-B3,7.9
LSS Location,F1-PZ02-A09-R03-B4,7.9
LSS Location,F1-PZ02-A09-R03-B5,7.9
LSS Location,F1-PZ02-A09-R03-C1,7.9
LSS Location,F1-PZ02-A09-R03-C2,7.9
LSS Location,F1-PZ02-A09-R03-C3,7.9
LSS Location,F1-PZ02-A09-R03-C4,7.9
LSS Location,F1-PZ02-A09-R03-C5,7.9
LSS Location,F1-PZ02-A09-R03-D1,7.9
LSS Location,F1-PZ02-A09-R03-D2,7.9
LSS Location,F1-PZ02-A09-R03-D3,7.9
LSS Location,F1-PZ02-A09-R03-D4,7.9
LSS Location,F1-PZ02-A09-R03-D5,7.9
LSS Location,F1-PZ02-A09-R04-A1,7.9
LSS Location,F1-PZ02-A09-R04-A2,7.9
LSS Location,F1-PZ02-A09-R04-A3,7.9
LSS Location,F1-PZ02-A09-R04-A4,7.9
LSS Location,F1-PZ02-A09-R04-A5,7.9
LSS Location,F1-PZ02-A09-R04-B1,7.9
LSS Location,F1-PZ02-A09-R04-B2,7.9
LSS Location,F1-PZ02-A09-R04-B3,7.9
LSS Location,F1-PZ02-A09-R04-B4,7.9
LSS Location,F1-PZ02-A09-R04-B5,7.9
LSS Location,F1-PZ02-A09-R04-C1,7.9
LSS Location,F1-PZ02-A09-R04-C2,7.9
LSS Location,F1-PZ02-A09-R04-C3,7.9
LSS Location,F1-PZ02-A09-R04-C4,7.9
LSS Location,F1-PZ02-A09-R04-C5,7.9
LSS Location,F1-PZ02-A09-R04-D1,7.9
LSS Location,F1-PZ02-A09-R04-D2,7.9
LSS Location,F1-PZ02-A09-R04-D3,7.9
LSS Location,F1-PZ02-A09-R04-D4,7.9
LSS Location,F1-PZ02-A09-R04-D5,7.9
LSS Location,F1-PZ02-A09-R05-A1,7.9
LSS Location,F1-PZ02-A09-R05-A2,7.9
LSS Location,F1-PZ02-A09-R05-A3,7.9
LSS Location,F1-PZ02-A09-R05-A4,7.9
LSS Location,F1-PZ02-A09-R05-A5,7.9
LSS Location,F1-PZ02-A09-R05-B1,7.9
LSS Location,F1-PZ02-A09-R05-B2,7.9
LSS Location,F1-PZ02-A09-R05-B3,7.9
LSS Location,F1-PZ02-A09-R05-B4,7.9
LSS Location,F1-PZ02-A09-R05-B5,7.9
LSS Location,F1-PZ02-A09-R05-C1,7.9
LSS Location,F1-PZ02-A09-R05-C2,7.9
LSS Location,F1-PZ02-A09-R05-C3,7.9
LSS Location,F1-PZ02-A09-R05-C4,7.9
LSS Location,F1-PZ02-A09-R05-C5,7.9
LSS Location,F1-PZ02-A09-R05-D1,7.9
LSS Location,F1-PZ02-A09-R05-D2,7.9
LSS Location,F1-PZ02-A09-R05-D3,7.9
LSS Location,F1-PZ02-A09-R05-D4,7.9
LSS Location,F1-PZ02-A09-R05-D5,7.9
LSS Location,F1-PZ02-A09-R06-A1,7.9
LSS Location,F1-PZ02-A09-R06-A2,7.9
LSS Location,F1-PZ02-A09-R06-A3,7.9
LSS Location,F1-PZ02-A09-R06-A4,7.9
LSS Location,F1-PZ02-A09-R06-A5,7.9
LSS Location,F1-PZ02-A09-R06-B1,7.9
LSS Location,F1-PZ02-A09-R06-B2,7.9
LSS Location,F1-PZ02-A09-R06-B3,7.9
LSS Location,F1-PZ02-A09-R06-B4,7.9
LSS Location,F1-PZ02-A09-R06-B5,7.9
LSS Location,F1-PZ02-A09-R06-C1,7.9
LSS Location,F1-PZ02-A09-R06-C2,7.9
LSS Location,F1-PZ02-A09-R06-C3,7.9
LSS Location,F1-PZ02-A09-R06-C4,7.9
LSS Location,F1-PZ02-A09-R06-C5,7.9
LSS Location,F1-PZ02-A09-R06-D1,7.9
LSS Location,F1-PZ02-A09-R06-D2,7.9
LSS Location,F1-PZ02-A09-R06-D3,7.9
LSS Location,F1-PZ02-A09-R06-D4,7.9
LSS Location,F1-PZ02-A09-R06-D5,7.9
LSS Location,F1-PZ02-A09-R07-A1,7.9
LSS Location,F1-PZ02-A09-R07-A2,7.9
LSS Location,F1-PZ02-A09-R07-A3,7.9
LSS Location,F1-PZ02-A09-R07-A4,7.9
LSS Location,F1-PZ02-A09-R07-A5,7.9
LSS Location,F1-PZ02-A09-R07-B1,7.9
LSS Location,F1-PZ02-A09-R07-B2,7.9
LSS Location,F1-PZ02-A09-R07-B3,7.9
LSS Location,F1-PZ02-A09-R07-B4,7.9
LSS Location,F1-PZ02-A09-R07-B5,7.9
LSS Location,F1-PZ02-A09-R07-C1,7.9
LSS Location,F1-PZ02-A09-R07-C2,7.9
LSS Location,F1-PZ02-A09-R07-C3,7.9
LSS Location,F1-PZ02-A09-R07-C4,7.9
LSS Location,F1-PZ02-A09-R07-C5,7.9
LSS Location,F1-PZ02-A09-R07-D1,7.9
LSS Location,F1-PZ02-A09-R07-D2,7.9
LSS Location,F1-PZ02-A09-R07-D3,7.9
LSS Location,F1-PZ02-A09-R07-D4,7.9
LSS Location,F1-PZ02-A09-R07-D5,7.9
LSS Location,F1-PZ02-A09-R08-A1,7.9
LSS Location,F1-PZ02-A09-R08-A2,7.9
LSS Location,F1-PZ02-A09-R08-A3,7.9
LSS Location,F1-PZ02-A09-R08-A4,7.9
LSS Location,F1-PZ02-A09-R08-A5,7.9
LSS Location,F1-PZ02-A09-R08-B1,7.9
LSS Location,F1-PZ02-A09-R08-B2,7.9
LSS Location,F1-PZ02-A09-R08-B3,7.9
LSS Location,F1-PZ02-A09-R08-B4,7.9
LSS Location,F1-PZ02-A09-R08-B5,7.9
LSS Location,F1-PZ02-A09-R08-C1,7.9
LSS Location,F1-PZ02-A09-R08-C2,7.9
LSS Location,F1-PZ02-A09-R08-C3,7.9
LSS Location,F1-PZ02-A09-R08-C4,7.9
LSS Location,F1-PZ02-A09-R08-C5,7.9
LSS Location,F1-PZ02-A09-R08-D1,7.9
LSS Location,F1-PZ02-A09-R08-D2,7.9
LSS Location,F1-PZ02-A09-R08-D3,7.9
LSS Location,F1-PZ02-A09-R08-D4,7.9
LSS Location,F1-PZ02-A09-R08-D5,7.9
LSS Location,F1-PZ02-A09-R09-A1,7.9
LSS Location,F1-PZ02-A09-R09-A2,7.9
LSS Location,F1-PZ02-A09-R09-A3,7.9
LSS Location,F1-PZ02-A09-R09-A4,7.9
LSS Location,F1-PZ02-A09-R09-A5,7.9
LSS Location,F1-PZ02-A09-R09-B1,7.9
LSS Location,F1-PZ02-A09-R09-B2,7.9
LSS Location,F1-PZ02-A09-R09-B3,7.9
LSS Location,F1-PZ02-A09-R09-B4,7.9
LSS Location,F1-PZ02-A09-R09-B5,7.9
LSS Location,F1-PZ02-A09-R09-C1,7.9
LSS Location,F1-PZ02-A09-R09-C2,7.9
LSS Location,F1-PZ02-A09-R09-C3,7.9
LSS Location,F1-PZ02-A09-R09-C4,7.9
LSS Location,F1-PZ02-A09-R09-C5,7.9
LSS Location,F1-PZ02-A09-R09-D1,7.9
LSS Location,F1-PZ02-A09-R09-D2,7.9
LSS Location,F1-PZ02-A09-R09-D3,7.9
LSS Location,F1-PZ02-A09-R09-D4,7.9
LSS Location,F1-PZ02-A09-R09-D5,7.9
LSS Location,F1-PZ02-A09-R10-A1,7.9
LSS Location,F1-PZ02-A09-R10-A2,7.9
LSS Location,F1-PZ02-A09-R10-A3,7.9
LSS Location,F1-PZ02-A09-R10-A4,7.9
LSS Location,F1-PZ02-A09-R10-A5,7.9
LSS Location,F1-PZ02-A09-R10-B1,7.9
LSS Location,F1-PZ02-A09-R10-B2,7.9
LSS Location,F1-PZ02-A09-R10-B3,7.9
LSS Location,F1-PZ02-A09-R10-B4,7.9
LSS Location,F1-PZ02-A09-R10-B5,7.9
LSS Location,F1-PZ02-A09-R10-C1,7.9
LSS Location,F1-PZ02-A09-R10-C2,7.9
LSS Location,F1-PZ02-A09-R10-C3,7.9
LSS Location,F1-PZ02-A09-R10-C4,7.9
LSS Location,F1-PZ02-A09-R10-C5,7.9
LSS Location,F1-PZ02-A09-R10-D1,7.9
LSS Location,F1-PZ02-A09-R10-D2,7.9
LSS Location,F1-PZ02-A09-R10-D3,7.9
LSS Location,F1-PZ02-A09-R10-D4,7.9
LSS Location,F1-PZ02-A09-R10-D5,7.9
LSS Location,F1-PZ02-A09-R11-A1,7.9
LSS Location,F1-PZ02-A09-R11-A2,7.9
LSS Location,F1-PZ02-A09-R11-A3,7.9
LSS Location,F1-PZ02-A09-R11-A4,7.9
LSS Location,F1-PZ02-A09-R11-B1,7.9
LSS Location,F1-PZ02-A09-R11-B2,7.9
LSS Location,F1-PZ02-A09-R11-B3,7.9
LSS Location,F1-PZ02-A09-R11-B4,7.9
LSS Location,F1-PZ02-A09-R11-C1,7.9
LSS Location,F1-PZ02-A09-R11-C2,7.9
LSS Location,F1-PZ02-A09-R11-C3,7.9
LSS Location,F1-PZ02-A09-R11-C4,7.9
LSS Location,F1-PZ02-A09-R11-D1,7.9
LSS Location,F1-PZ02-A09-R11-D2,7.9
LSS Location,F1-PZ02-A09-R11-D3,7.9
LSS Location,F1-PZ02-A09-R11-D4,7.9
LSS Location,F1-PZ02-A09-R12-A1,7.9
LSS Location,F1-PZ02-A09-R12-A2,7.9
LSS Location,F1-PZ02-A09-R12-A3,7.9
LSS Location,F1-PZ02-A09-R12-A4,7.9
LSS Location,F1-PZ02-A09-R12-B1,7.9
LSS Location,F1-PZ02-A09-R12-B2,7.9
LSS Location,F1-PZ02-A09-R12-B3,7.9
LSS Location,F1-PZ02-A09-R12-B4,7.9
LSS Location,F1-PZ02-A09-R12-C1,7.9
LSS Location,F1-PZ02-A09-R12-C2,7.9
LSS Location,F1-PZ02-A09-R12-C3,7.9
LSS Location,F1-PZ02-A09-R12-C4,7.9
LSS Location,F1-PZ02-A09-R12-D1,7.9
LSS Location,F1-PZ02-A09-R12-D2,7.9
LSS Location,F1-PZ02-A09-R12-D3,7.9
LSS Location,F1-PZ02-A09-R12-D4,7.9
LSS Location,F1-PZ02-A10-R01-A1,7.9
LSS Location,F1-PZ02-A10-R01-A2,7.9
LSS Location,F1-PZ02-A10-R01-A3,7.9
LSS Location,F1-PZ02-A10-R01-A4,7.9
LSS Location,F1-PZ02-A10-R01-A5,7.9
LSS Location,F1-PZ02-A10-R01-B1,7.9
LSS Location,F1-PZ02-A10-R01-B2,7.9
LSS Location,F1-PZ02-A10-R01-B3,7.9
LSS Location,F1-PZ02-A10-R01-B4,7.9
LSS Location,F1-PZ02-A10-R01-B5,7.9
LSS Location,F1-PZ02-A10-R01-C1,7.9
LSS Location,F1-PZ02-A10-R01-C2,7.9
LSS Location,F1-PZ02-A10-R01-C3,7.9
LSS Location,F1-PZ02-A10-R01-C4,7.9
LSS Location,F1-PZ02-A10-R01-C5,7.9
LSS Location,F1-PZ02-A10-R01-D1,7.9
LSS Location,F1-PZ02-A10-R01-D2,7.9
LSS Location,F1-PZ02-A10-R01-D3,7.9
LSS Location,F1-PZ02-A10-R01-D4,7.9
LSS Location,F1-PZ02-A10-R01-D5,7.9
LSS Location,F1-PZ02-A10-R02-A1,7.9
LSS Location,F1-PZ02-A10-R02-A2,7.9
LSS Location,F1-PZ02-A10-R02-A3,7.9
LSS Location,F1-PZ02-A10-R02-A4,7.9
LSS Location,F1-PZ02-A10-R02-A5,7.9
LSS Location,F1-PZ02-A10-R02-B1,7.9
LSS Location,F1-PZ02-A10-R02-B2,7.9
LSS Location,F1-PZ02-A10-R02-B3,7.9
LSS Location,F1-PZ02-A10-R02-B4,7.9
LSS Location,F1-PZ02-A10-R02-B5,7.9
LSS Location,F1-PZ02-A10-R02-C1,7.9
LSS Location,F1-PZ02-A10-R02-C2,7.9
LSS Location,F1-PZ02-A10-R02-C3,7.9
LSS Location,F1-PZ02-A10-R02-C4,7.9
LSS Location,F1-PZ02-A10-R02-C5,7.9
LSS Location,F1-PZ02-A10-R02-D1,7.9
LSS Location,F1-PZ02-A10-R02-D2,7.9
LSS Location,F1-PZ02-A10-R02-D3,7.9
LSS Location,F1-PZ02-A10-R02-D4,7.9
LSS Location,F1-PZ02-A10-R02-D5,7.9
LSS Location,F1-PZ02-A10-R03-A1,7.9
LSS Location,F1-PZ02-A10-R03-A2,7.9
LSS Location,F1-PZ02-A10-R03-A3,7.9
LSS Location,F1-PZ02-A10-R03-A4,7.9
LSS Location,F1-PZ02-A10-R03-A5,7.9
LSS Location,F1-PZ02-A10-R03-B1,7.9
LSS Location,F1-PZ02-A10-R03-B2,7.9
LSS Location,F1-PZ02-A10-R03-B3,7.9
LSS Location,F1-PZ02-A10-R03-B4,7.9
LSS Location,F1-PZ02-A10-R03-B5,7.9
LSS Location,F1-PZ02-A10-R03-C1,7.9
LSS Location,F1-PZ02-A10-R03-C2,7.9
LSS Location,F1-PZ02-A10-R03-C3,7.9
LSS Location,F1-PZ02-A10-R03-C4,7.9
LSS Location,F1-PZ02-A10-R03-C5,7.9
LSS Location,F1-PZ02-A10-R03-D1,7.9
LSS Location,F1-PZ02-A10-R03-D2,7.9
LSS Location,F1-PZ02-A10-R03-D3,7.9
LSS Location,F1-PZ02-A10-R03-D4,7.9
LSS Location,F1-PZ02-A10-R03-D5,7.9
LSS Location,F1-PZ02-A10-R04-A1,7.9
LSS Location,F1-PZ02-A10-R04-A2,7.9
LSS Location,F1-PZ02-A10-R04-A3,7.9
LSS Location,F1-PZ02-A10-R04-A4,7.9
LSS Location,F1-PZ02-A10-R04-A5,7.9
LSS Location,F1-PZ02-A10-R04-B1,7.9
LSS Location,F1-PZ02-A10-R04-B2,7.9
LSS Location,F1-PZ02-A10-R04-B3,7.9
LSS Location,F1-PZ02-A10-R04-B4,7.9
LSS Location,F1-PZ02-A10-R04-B5,7.9
LSS Location,F1-PZ02-A10-R04-C1,7.9
LSS Location,F1-PZ02-A10-R04-C2,7.9
LSS Location,F1-PZ02-A10-R04-C3,7.9
LSS Location,F1-PZ02-A10-R04-C4,7.9
LSS Location,F1-PZ02-A10-R04-C5,7.9
LSS Location,F1-PZ02-A10-R04-D1,7.9
LSS Location,F1-PZ02-A10-R04-D2,7.9
LSS Location,F1-PZ02-A10-R04-D3,7.9
LSS Location,F1-PZ02-A10-R04-D4,7.9
LSS Location,F1-PZ02-A10-R04-D5,7.9
LSS Location,F1-PZ02-A10-R05-A1,7.9
LSS Location,F1-PZ02-A10-R05-A2,7.9
LSS Location,F1-PZ02-A10-R05-A3,7.9
LSS Location,F1-PZ02-A10-R05-A4,7.9
LSS Location,F1-PZ02-A10-R05-A5,7.9
LSS Location,F1-PZ02-A10-R05-B1,7.9
LSS Location,F1-PZ02-A10-R05-B2,7.9
LSS Location,F1-PZ02-A10-R05-B3,7.9
LSS Location,F1-PZ02-A10-R05-B4,7.9
LSS Location,F1-PZ02-A10-R05-B5,7.9
LSS Location,F1-PZ02-A10-R05-C1,7.9
LSS Location,F1-PZ02-A10-R05-C2,7.9
LSS Location,F1-PZ02-A10-R05-C3,7.9
LSS Location,F1-PZ02-A10-R05-C4,7.9
LSS Location,F1-PZ02-A10-R05-C5,7.9
LSS Location,F1-PZ02-A10-R05-D1,7.9
LSS Location,F1-PZ02-A10-R05-D2,7.9
LSS Location,F1-PZ02-A10-R05-D3,7.9
LSS Location,F1-PZ02-A10-R05-D4,7.9
LSS Location,F1-PZ02-A10-R05-D5,7.9
LSS Location,F1-PZ02-A10-R06-A1,7.9
LSS Location,F1-PZ02-A10-R06-A2,7.9
LSS Location,F1-PZ02-A10-R06-A3,7.9
LSS Location,F1-PZ02-A10-R06-A4,7.9
LSS Location,F1-PZ02-A10-R06-A5,7.9
LSS Location,F1-PZ02-A10-R06-B1,7.9
LSS Location,F1-PZ02-A10-R06-B2,7.9
LSS Location,F1-PZ02-A10-R06-B3,7.9
LSS Location,F1-PZ02-A10-R06-B4,7.9
LSS Location,F1-PZ02-A10-R06-B5,7.9
LSS Location,F1-PZ02-A10-R06-C1,7.9
LSS Location,F1-PZ02-A10-R06-C2,7.9
LSS Location,F1-PZ02-A10-R06-C3,7.9
LSS Location,F1-PZ02-A10-R06-C4,7.9
LSS Location,F1-PZ02-A10-R06-C5,7.9
LSS Location,F1-PZ02-A10-R06-D1,7.9
LSS Location,F1-PZ02-A10-R06-D2,7.9
LSS Location,F1-PZ02-A10-R06-D3,7.9
LSS Location,F1-PZ02-A10-R06-D4,7.9
LSS Location,F1-PZ02-A10-R06-D5,7.9
LSS Location,F1-PZ02-A10-R07-A1,7.9
LSS Location,F1-PZ02-A10-R07-A2,7.9
LSS Location,F1-PZ02-A10-R07-A3,7.9
LSS Location,F1-PZ02-A10-R07-A4,7.9
LSS Location,F1-PZ02-A10-R07-A5,7.9
LSS Location,F1-PZ02-A10-R07-B1,7.9
LSS Location,F1-PZ02-A10-R07-B2,7.9
LSS Location,F1-PZ02-A10-R07-B3,7.9
LSS Location,F1-PZ02-A10-R07-B4,7.9
LSS Location,F1-PZ02-A10-R07-B5,7.9
LSS Location,F1-PZ02-A10-R07-C1,7.9
LSS Location,F1-PZ02-A10-R07-C2,7.9
LSS Location,F1-PZ02-A10-R07-C3,7.9
LSS Location,F1-PZ02-A10-R07-C4,7.9
LSS Location,F1-PZ02-A10-R07-C5,7.9
LSS Location,F1-PZ02-A10-R07-D1,7.9
LSS Location,F1-PZ02-A10-R07-D2,7.9
LSS Location,F1-PZ02-A10-R07-D3,7.9
LSS Location,F1-PZ02-A10-R07-D4,7.9
LSS Location,F1-PZ02-A10-R07-D5,7.9
LSS Location,F1-PZ02-A10-R08-A1,7.9
LSS Location,F1-PZ02-A10-R08-A2,7.9
LSS Location,F1-PZ02-A10-R08-A3,7.9
LSS Location,F1-PZ02-A10-R08-A4,7.9
LSS Location,F1-PZ02-A10-R08-A5,7.9
LSS Location,F1-PZ02-A10-R08-B1,7.9
LSS Location,F1-PZ02-A10-R08-B2,7.9
LSS Location,F1-PZ02-A10-R08-B3,7.9
LSS Location,F1-PZ02-A10-R08-B4,7.9
LSS Location,F1-PZ02-A10-R08-B5,7.9
LSS Location,F1-PZ02-A10-R08-C1,7.9
LSS Location,F1-PZ02-A10-R08-C2,7.9
LSS Location,F1-PZ02-A10-R08-C3,7.9
LSS Location,F1-PZ02-A10-R08-C4,7.9
LSS Location,F1-PZ02-A10-R08-C5,7.9
LSS Location,F1-PZ02-A10-R08-D1,7.9
LSS Location,F1-PZ02-A10-R08-D2,7.9
LSS Location,F1-PZ02-A10-R08-D3,7.9
LSS Location,F1-PZ02-A10-R08-D4,7.9
LSS Location,F1-PZ02-A10-R08-D5,7.9
LSS Location,F1-PZ02-A10-R09-A1,7.9
LSS Location,F1-PZ02-A10-R09-A2,7.9
LSS Location,F1-PZ02-A10-R09-A3,7.9
LSS Location,F1-PZ02-A10-R09-A4,7.9
LSS Location,F1-PZ02-A10-R09-A5,7.9
LSS Location,F1-PZ02-A10-R09-B1,7.9
LSS Location,F1-PZ02-A10-R09-B2,7.9
LSS Location,F1-PZ02-A10-R09-B3,7.9
LSS Location,F1-PZ02-A10-R09-B4,7.9
LSS Location,F1-PZ02-A10-R09-B5,7.9
LSS Location,F1-PZ02-A10-R09-C1,7.9
LSS Location,F1-PZ02-A10-R09-C2,7.9
LSS Location,F1-PZ02-A10-R09-C3,7.9
LSS Location,F1-PZ02-A10-R09-C4,7.9
LSS Location,F1-PZ02-A10-R09-C5,7.9
LSS Location,F1-PZ02-A10-R09-D1,7.9
LSS Location,F1-PZ02-A10-R09-D2,7.9
LSS Location,F1-PZ02-A10-R09-D3,7.9
LSS Location,F1-PZ02-A10-R09-D4,7.9
LSS Location,F1-PZ02-A10-R09-D5,7.9
LSS Location,F1-PZ02-A10-R10-A1,7.9
LSS Location,F1-PZ02-A10-R10-A2,7.9
LSS Location,F1-PZ02-A10-R10-A3,7.9
LSS Location,F1-PZ02-A10-R10-A4,7.9
LSS Location,F1-PZ02-A10-R10-A5,7.9
LSS Location,F1-PZ02-A10-R10-B1,7.9
LSS Location,F1-PZ02-A10-R10-B2,7.9
LSS Location,F1-PZ02-A10-R10-B3,7.9
LSS Location,F1-PZ02-A10-R10-B4,7.9
LSS Location,F1-PZ02-A10-R10-B5,7.9
LSS Location,F1-PZ02-A10-R10-C1,7.9
LSS Location,F1-PZ02-A10-R10-C2,7.9
LSS Location,F1-PZ02-A10-R10-C3,7.9
LSS Location,F1-PZ02-A10-R10-C4,7.9
LSS Location,F1-PZ02-A10-R10-C5,7.9
LSS Location,F1-PZ02-A10-R10-D1,7.9
LSS Location,F1-PZ02-A10-R10-D2,7.9
LSS Location,F1-PZ02-A10-R10-D3,7.9
LSS Location,F1-PZ02-A10-R10-D4,7.9
LSS Location,F1-PZ02-A10-R10-D5,7.9
LSS Location,F1-PZ02-A10-R11-A1,7.9
LSS Location,F1-PZ02-A10-R11-A2,7.9
LSS Location,F1-PZ02-A10-R11-A3,7.9
LSS Location,F1-PZ02-A10-R11-A4,7.9
LSS Location,F1-PZ02-A10-R11-B1,7.9
LSS Location,F1-PZ02-A10-R11-B2,7.9
LSS Location,F1-PZ02-A10-R11-B3,7.9
LSS Location,F1-PZ02-A10-R11-B4,7.9
LSS Location,F1-PZ02-A10-R11-C1,7.9
LSS Location,F1-PZ02-A10-R11-C2,7.9
LSS Location,F1-PZ02-A10-R11-C3,7.9
LSS Location,F1-PZ02-A10-R11-C4,7.9
LSS Location,F1-PZ02-A10-R11-D1,7.9
LSS Location,F1-PZ02-A10-R11-D2,7.9
LSS Location,F1-PZ02-A10-R11-D3,7.9
LSS Location,F1-PZ02-A10-R11-D4,7.9
LSS Location,F1-PZ02-A10-R12-A1,7.9
LSS Location,F1-PZ02-A10-R12-A2,7.9
LSS Location,F1-PZ02-A10-R12-A3,7.9
LSS Location,F1-PZ02-A10-R12-A4,7.9
LSS Location,F1-PZ02-A10-R12-B1,7.9
LSS Location,F1-PZ02-A10-R12-B2,7.9
LSS Location,F1-PZ02-A10-R12-B3,7.9
LSS Location,F1-PZ02-A10-R12-B4,7.9
LSS Location,F1-PZ02-A10-R12-C1,7.9
LSS Location,F1-PZ02-A10-R12-C2,7.9
LSS Location,F1-PZ02-A10-R12-C3,7.9
LSS Location,F1-PZ02-A10-R12-C4,7.9
LSS Location,F1-PZ02-A10-R12-D1,7.9
LSS Location,F1-PZ02-A10-R12-D2,7.9
LSS Location,F1-PZ02-A10-R12-D3,7.9
LSS Location,F1-PZ02-A10-R12-D4,7.9
LSS Location,F1-PZ02-A11-R01-A1,7.9
LSS Location,F1-PZ02-A11-R01-A2,7.9
LSS Location,F1-PZ02-A11-R01-A3,7.9
LSS Location,F1-PZ02-A11-R01-A4,7.9
LSS Location,F1-PZ02-A11-R01-A5,7.9
LSS Location,F1-PZ02-A11-R01-B1,7.9
LSS Location,F1-PZ02-A11-R01-B2,7.9
LSS Location,F1-PZ02-A11-R01-B3,7.9
LSS Location,F1-PZ02-A11-R01-B4,7.9
LSS Location,F1-PZ02-A11-R01-B5,7.9
LSS Location,F1-PZ02-A11-R01-C1,7.9
LSS Location,F1-PZ02-A11-R01-C2,7.9
LSS Location,F1-PZ02-A11-R01-C3,7.9
LSS Location,F1-PZ02-A11-R01-C4,7.9
LSS Location,F1-PZ02-A11-R01-C5,7.9
LSS Location,F1-PZ02-A11-R01-D1,7.9
LSS Location,F1-PZ02-A11-R01-D2,7.9
LSS Location,F1-PZ02-A11-R01-D3,7.9
LSS Location,F1-PZ02-A11-R01-D4,7.9
LSS Location,F1-PZ02-A11-R01-D5,7.9
LSS Location,F1-PZ02-A11-R02-A1,7.9
LSS Location,F1-PZ02-A11-R02-A2,7.9
LSS Location,F1-PZ02-A11-R02-A3,7.9
LSS Location,F1-PZ02-A11-R02-A4,7.9
LSS Location,F1-PZ02-A11-R02-A5,7.9
LSS Location,F1-PZ02-A11-R02-B1,7.9
LSS Location,F1-PZ02-A11-R02-B2,7.9
LSS Location,F1-PZ02-A11-R02-B3,7.9
LSS Location,F1-PZ02-A11-R02-B4,7.9
LSS Location,F1-PZ02-A11-R02-B5,7.9
LSS Location,F1-PZ02-A11-R02-C1,7.9
LSS Location,F1-PZ02-A11-R02-C2,7.9
LSS Location,F1-PZ02-A11-R02-C3,7.9
LSS Location,F1-PZ02-A11-R02-C4,7.9
LSS Location,F1-PZ02-A11-R02-C5,7.9
LSS Location,F1-PZ02-A11-R02-D1,7.9
LSS Location,F1-PZ02-A11-R02-D2,7.9
LSS Location,F1-PZ02-A11-R02-D3,7.9
LSS Location,F1-PZ02-A11-R02-D4,7.9
LSS Location,F1-PZ02-A11-R02-D5,7.9
LSS Location,F1-PZ02-A11-R03-A1,7.9
LSS Location,F1-PZ02-A11-R03-A2,7.9
LSS Location,F1-PZ02-A11-R03-A3,7.9
LSS Location,F1-PZ02-A11-R03-A4,7.9
LSS Location,F1-PZ02-A11-R03-A5,7.9
LSS Location,F1-PZ02-A11-R03-B1,7.9
LSS Location,F1-PZ02-A11-R03-B2,7.9
LSS Location,F1-PZ02-A11-R03-B3,7.9
LSS Location,F1-PZ02-A11-R03-B4,7.9
LSS Location,F1-PZ02-A11-R03-B5,7.9
LSS Location,F1-PZ02-A11-R03-C1,7.9
LSS Location,F1-PZ02-A11-R03-C2,7.9
LSS Location,F1-PZ02-A11-R03-C3,7.9
LSS Location,F1-PZ02-A11-R03-C4,7.9
LSS Location,F1-PZ02-A11-R03-C5,7.9
LSS Location,F1-PZ02-A11-R03-D1,7.9
LSS Location,F1-PZ02-A11-R03-D2,7.9
LSS Location,F1-PZ02-A11-R03-D3,7.9
LSS Location,F1-PZ02-A11-R03-D4,7.9
LSS Location,F1-PZ02-A11-R03-D5,7.9
LSS Location,F1-PZ02-A11-R04-A1,7.9
LSS Location,F1-PZ02-A11-R04-A2,7.9
LSS Location,F1-PZ02-A11-R04-A3,7.9
LSS Location,F1-PZ02-A11-R04-A4,7.9
LSS Location,F1-PZ02-A11-R04-A5,7.9
LSS Location,F1-PZ02-A11-R04-B1,7.9
LSS Location,F1-PZ02-A11-R04-B2,7.9
LSS Location,F1-PZ02-A11-R04-B3,7.9
LSS Location,F1-PZ02-A11-R04-B4,7.9
LSS Location,F1-PZ02-A11-R04-B5,7.9
LSS Location,F1-PZ02-A11-R04-C1,7.9
LSS Location,F1-PZ02-A11-R04-C2,7.9
LSS Location,F1-PZ02-A11-R04-C3,7.9
LSS Location,F1-PZ02-A11-R04-C4,7.9
LSS Location,F1-PZ02-A11-R04-C5,7.9
LSS Location,F1-PZ02-A11-R04-D1,7.9
LSS Location,F1-PZ02-A11-R04-D2,7.9
LSS Location,F1-PZ02-A11-R04-D3,7.9
LSS Location,F1-PZ02-A11-R04-D4,7.9
LSS Location,F1-PZ02-A11-R04-D5,7.9
LSS Location,F1-PZ02-A11-R05-A1,7.9
LSS Location,F1-PZ02-A11-R05-A2,7.9
LSS Location,F1-PZ02-A11-R05-A3,7.9
LSS Location,F1-PZ02-A11-R05-A4,7.9
LSS Location,F1-PZ02-A11-R05-A5,7.9
LSS Location,F1-PZ02-A11-R05-B1,7.9
LSS Location,F1-PZ02-A11-R05-B2,7.9
LSS Location,F1-PZ02-A11-R05-B3,7.9
LSS Location,F1-PZ02-A11-R05-B4,7.9
LSS Location,F1-PZ02-A11-R05-B5,7.9
LSS Location,F1-PZ02-A11-R05-C1,7.9
LSS Location,F1-PZ02-A11-R05-C2,7.9
LSS Location,F1-PZ02-A11-R05-C3,7.9
LSS Location,F1-PZ02-A11-R05-C4,7.9
LSS Location,F1-PZ02-A11-R05-C5,7.9
LSS Location,F1-PZ02-A11-R05-D1,7.9
LSS Location,F1-PZ02-A11-R05-D2,7.9
LSS Location,F1-PZ02-A11-R05-D3,7.9
LSS Location,F1-PZ02-A11-R05-D4,7.9
LSS Location,F1-PZ02-A11-R05-D5,7.9
LSS Location,F1-PZ02-A11-R06-A1,7.9
LSS Location,F1-PZ02-A11-R06-A2,7.9
LSS Location,F1-PZ02-A11-R06-A3,7.9
LSS Location,F1-PZ02-A11-R06-A4,7.9
LSS Location,F1-PZ02-A11-R06-A5,7.9
LSS Location,F1-PZ02-A11-R06-B1,7.9
LSS Location,F1-PZ02-A11-R06-B2,7.9
LSS Location,F1-PZ02-A11-R06-B3,7.9
LSS Location,F1-PZ02-A11-R06-B4,7.9
LSS Location,F1-PZ02-A11-R06-B5,7.9
LSS Location,F1-PZ02-A11-R06-C1,7.9
LSS Location,F1-PZ02-A11-R06-C2,7.9
LSS Location,F1-PZ02-A11-R06-C3,7.9
LSS Location,F1-PZ02-A11-R06-C4,7.9
LSS Location,F1-PZ02-A11-R06-C5,7.9
LSS Location,F1-PZ02-A11-R06-D1,7.9
LSS Location,F1-PZ02-A11-R06-D2,7.9
LSS Location,F1-PZ02-A11-R06-D3,7.9
LSS Location,F1-PZ02-A11-R06-D4,7.9
LSS Location,F1-PZ02-A11-R06-D5,7.9
LSS Location,F1-PZ02-A11-R07-A1,7.9
LSS Location,F1-PZ02-A11-R07-A2,7.9
LSS Location,F1-PZ02-A11-R07-A3,7.9
LSS Location,F1-PZ02-A11-R07-A4,7.9
LSS Location,F1-PZ02-A11-R07-A5,7.9
LSS Location,F1-PZ02-A11-R07-B1,7.9
LSS Location,F1-PZ02-A11-R07-B2,7.9
LSS Location,F1-PZ02-A11-R07-B3,7.9
LSS Location,F1-PZ02-A11-R07-B4,7.9
LSS Location,F1-PZ02-A11-R07-B5,7.9
LSS Location,F1-PZ02-A11-R07-C1,7.9
LSS Location,F1-PZ02-A11-R07-C2,7.9
LSS Location,F1-PZ02-A11-R07-C3,7.9
LSS Location,F1-PZ02-A11-R07-C4,7.9
LSS Location,F1-PZ02-A11-R07-C5,7.9
LSS Location,F1-PZ02-A11-R07-D1,7.9
LSS Location,F1-PZ02-A11-R07-D2,7.9
LSS Location,F1-PZ02-A11-R07-D3,7.9
LSS Location,F1-PZ02-A11-R07-D4,7.9
LSS Location,F1-PZ02-A11-R07-D5,7.9
LSS Location,F1-PZ02-A11-R08-A1,7.9
LSS Location,F1-PZ02-A11-R08-A2,7.9
LSS Location,F1-PZ02-A11-R08-A3,7.9
LSS Location,F1-PZ02-A11-R08-A4,7.9
LSS Location,F1-PZ02-A11-R08-A5,7.9
LSS Location,F1-PZ02-A11-R08-B1,7.9
LSS Location,F1-PZ02-A11-R08-B2,7.9
LSS Location,F1-PZ02-A11-R08-B3,7.9
LSS Location,F1-PZ02-A11-R08-B4,7.9
LSS Location,F1-PZ02-A11-R08-B5,7.9
LSS Location,F1-PZ02-A11-R08-C1,7.9
LSS Location,F1-PZ02-A11-R08-C2,7.9
LSS Location,F1-PZ02-A11-R08-C3,7.9
LSS Location,F1-PZ02-A11-R08-C4,7.9
LSS Location,F1-PZ02-A11-R08-C5,7.9
LSS Location,F1-PZ02-A11-R08-D1,7.9
LSS Location,F1-PZ02-A11-R08-D2,7.9
LSS Location,F1-PZ02-A11-R08-D3,7.9
LSS Location,F1-PZ02-A11-R08-D4,7.9
LSS Location,F1-PZ02-A11-R08-D5,7.9
LSS Location,F1-PZ02-A11-R09-A1,7.9
LSS Location,F1-PZ02-A11-R09-A2,7.9
LSS Location,F1-PZ02-A11-R09-A3,7.9
LSS Location,F1-PZ02-A11-R09-A4,7.9
LSS Location,F1-PZ02-A11-R09-A5,7.9
LSS Location,F1-PZ02-A11-R09-B1,7.9
LSS Location,F1-PZ02-A11-R09-B2,7.9
LSS Location,F1-PZ02-A11-R09-B3,7.9
LSS Location,F1-PZ02-A11-R09-B4,7.9
LSS Location,F1-PZ02-A11-R09-B5,7.9
LSS Location,F1-PZ02-A11-R09-C1,7.9
LSS Location,F1-PZ02-A11-R09-C2,7.9
LSS Location,F1-PZ02-A11-R09-C3,7.9
LSS Location,F1-PZ02-A11-R09-C4,7.9
LSS Location,F1-PZ02-A11-R09-C5,7.9
LSS Location,F1-PZ02-A11-R09-D1,7.9
LSS Location,F1-PZ02-A11-R09-D2,7.9
LSS Location,F1-PZ02-A11-R09-D3,7.9
LSS Location,F1-PZ02-A11-R09-D4,7.9
LSS Location,F1-PZ02-A11-R09-D5,7.9
LSS Location,F1-PZ02-A11-R10-A1,7.9
LSS Location,F1-PZ02-A11-R10-A2,7.9
LSS Location,F1-PZ02-A11-R10-A3,7.9
LSS Location,F1-PZ02-A11-R10-A4,7.9
LSS Location,F1-PZ02-A11-R10-A5,7.9
LSS Location,F1-PZ02-A11-R10-B1,7.9
LSS Location,F1-PZ02-A11-R10-B2,7.9
LSS Location,F1-PZ02-A11-R10-B3,7.9
LSS Location,F1-PZ02-A11-R10-B4,7.9
LSS Location,F1-PZ02-A11-R10-B5,7.9
LSS Location,F1-PZ02-A11-R10-C1,7.9
LSS Location,F1-PZ02-A11-R10-C2,7.9
LSS Location,F1-PZ02-A11-R10-C3,7.9
LSS Location,F1-PZ02-A11-R10-C4,7.9
LSS Location,F1-PZ02-A11-R10-C5,7.9
LSS Location,F1-PZ02-A11-R10-D1,7.9
LSS Location,F1-PZ02-A11-R10-D2,7.9
LSS Location,F1-PZ02-A11-R10-D3,7.9
LSS Location,F1-PZ02-A11-R10-D4,7.9
LSS Location,F1-PZ02-A11-R10-D5,7.9
LSS Location,F1-PZ02-A11-R11-A1,7.9
LSS Location,F1-PZ02-A11-R11-A2,7.9
LSS Location,F1-PZ02-A11-R11-A3,7.9
LSS Location,F1-PZ02-A11-R11-A4,7.9
LSS Location,F1-PZ02-A11-R11-B1,7.9
LSS Location,F1-PZ02-A11-R11-B2,7.9
LSS Location,F1-PZ02-A11-R11-B3,7.9
LSS Location,F1-PZ02-A11-R11-B4,7.9
LSS Location,F1-PZ02-A11-R11-C1,7.9
LSS Location,F1-PZ02-A11-R11-C2,7.9
LSS Location,F1-PZ02-A11-R11-C3,7.9
LSS Location,F1-PZ02-A11-R11-C4,7.9
LSS Location,F1-PZ02-A11-R11-D1,7.9
LSS Location,F1-PZ02-A11-R11-D2,7.9
LSS Location,F1-PZ02-A11-R11-D3,7.9
LSS Location,F1-PZ02-A11-R11-D4,7.9
LSS Location,F1-PZ02-A11-R12-A1,7.9
LSS Location,F1-PZ02-A11-R12-A2,7.9
LSS Location,F1-PZ02-A11-R12-A3,7.9
LSS Location,F1-PZ02-A11-R12-A4,7.9
LSS Location,F1-PZ02-A11-R12-B1,7.9
LSS Location,F1-PZ02-A11-R12-B2,7.9
LSS Location,F1-PZ02-A11-R12-B3,7.9
LSS Location,F1-PZ02-A11-R12-B4,7.9
LSS Location,F1-PZ02-A11-R12-C1,7.9
LSS Location,F1-PZ02-A11-R12-C2,7.9
LSS Location,F1-PZ02-A11-R12-C3,7.9
LSS Location,F1-PZ02-A11-R12-C4,7.9
LSS Location,F1-PZ02-A11-R12-D1,7.9
LSS Location,F1-PZ02-A11-R12-D2,7.9
LSS Location,F1-PZ02-A11-R12-D3,7.9
LSS Location,F1-PZ02-A11-R12-D4,7.9
LSS Location,F1-PZ02-A12-R01-A1,7.9
LSS Location,F1-PZ02-A12-R01-A2,7.9
LSS Location,F1-PZ02-A12-R01-A3,7.9
LSS Location,F1-PZ02-A12-R01-A4,7.9
LSS Location,F1-PZ02-A12-R01-A5,7.9
LSS Location,F1-PZ02-A12-R01-B1,7.9
LSS Location,F1-PZ02-A12-R01-B2,7.9
LSS Location,F1-PZ02-A12-R01-B3,7.9
LSS Location,F1-PZ02-A12-R01-B4,7.9
LSS Location,F1-PZ02-A12-R01-B5,7.9
LSS Location,F1-PZ02-A12-R01-C1,7.9
LSS Location,F1-PZ02-A12-R01-C2,7.9
LSS Location,F1-PZ02-A12-R01-C3,7.9
LSS Location,F1-PZ02-A12-R01-C4,7.9
LSS Location,F1-PZ02-A12-R01-C5,7.9
LSS Location,F1-PZ02-A12-R01-D1,7.9
LSS Location,F1-PZ02-A12-R01-D2,7.9
LSS Location,F1-PZ02-A12-R01-D3,7.9
LSS Location,F1-PZ02-A12-R01-D4,7.9
LSS Location,F1-PZ02-A12-R01-D5,7.9
LSS Location,F1-PZ02-A12-R02-A1,7.9
LSS Location,F1-PZ02-A12-R02-A2,7.9
LSS Location,F1-PZ02-A12-R02-A3,7.9
LSS Location,F1-PZ02-A12-R02-A4,7.9
LSS Location,F1-PZ02-A12-R02-A5,7.9
LSS Location,F1-PZ02-A12-R02-B1,7.9
LSS Location,F1-PZ02-A12-R02-B2,7.9
LSS Location,F1-PZ02-A12-R02-B3,7.9
LSS Location,F1-PZ02-A12-R02-B4,7.9
LSS Location,F1-PZ02-A12-R02-B5,7.9
LSS Location,F1-PZ02-A12-R02-C1,7.9
LSS Location,F1-PZ02-A12-R02-C2,7.9
LSS Location,F1-PZ02-A12-R02-C3,7.9
LSS Location,F1-PZ02-A12-R02-C4,7.9
LSS Location,F1-PZ02-A12-R02-C5,7.9
LSS Location,F1-PZ02-A12-R02-D1,7.9
LSS Location,F1-PZ02-A12-R02-D2,7.9
LSS Location,F1-PZ02-A12-R02-D3,7.9
LSS Location,F1-PZ02-A12-R02-D4,7.9
LSS Location,F1-PZ02-A12-R02-D5,7.9
LSS Location,F1-PZ02-A12-R03-A1,7.9
LSS Location,F1-PZ02-A12-R03-A2,7.9
LSS Location,F1-PZ02-A12-R03-A3,7.9
LSS Location,F1-PZ02-A12-R03-A4,7.9
LSS Location,F1-PZ02-A12-R03-A5,7.9
LSS Location,F1-PZ02-A12-R03-B1,7.9
LSS Location,F1-PZ02-A12-R03-B2,7.9
LSS Location,F1-PZ02-A12-R03-B3,7.9
LSS Location,F1-PZ02-A12-R03-B4,7.9
LSS Location,F1-PZ02-A12-R03-B5,7.9
LSS Location,F1-PZ02-A12-R03-C1,7.9
LSS Location,F1-PZ02-A12-R03-C2,7.9
LSS Location,F1-PZ02-A12-R03-C3,7.9
LSS Location,F1-PZ02-A12-R03-C4,7.9
LSS Location,F1-PZ02-A12-R03-C5,7.9
LSS Location,F1-PZ02-A12-R03-D1,7.9
LSS Location,F1-PZ02-A12-R03-D2,7.9
LSS Location,F1-PZ02-A12-R03-D3,7.9
LSS Location,F1-PZ02-A12-R03-D4,7.9
LSS Location,F1-PZ02-A12-R03-D5,7.9
LSS Location,F1-PZ02-A12-R04-A1,7.9
LSS Location,F1-PZ02-A12-R04-A2,7.9
LSS Location,F1-PZ02-A12-R04-A3,7.9
LSS Location,F1-PZ02-A12-R04-A4,7.9
LSS Location,F1-PZ02-A12-R04-A5,7.9
LSS Location,F1-PZ02-A12-R04-B1,7.9
LSS Location,F1-PZ02-A12-R04-B2,7.9
LSS Location,F1-PZ02-A12-R04-B3,7.9
LSS Location,F1-PZ02-A12-R04-B4,7.9
LSS Location,F1-PZ02-A12-R04-B5,7.9
LSS Location,F1-PZ02-A12-R04-C1,7.9
LSS Location,F1-PZ02-A12-R04-C2,7.9
LSS Location,F1-PZ02-A12-R04-C3,7.9
LSS Location,F1-PZ02-A12-R04-C4,7.9
LSS Location,F1-PZ02-A12-R04-C5,7.9
LSS Location,F1-PZ02-A12-R04-D1,7.9
LSS Location,F1-PZ02-A12-R04-D2,7.9
LSS Location,F1-PZ02-A12-R04-D3,7.9
LSS Location,F1-PZ02-A12-R04-D4,7.9
LSS Location,F1-PZ02-A12-R04-D5,7.9
LSS Location,F1-PZ02-A12-R05-A1,7.9
LSS Location,F1-PZ02-A12-R05-A2,7.9
LSS Location,F1-PZ02-A12-R05-A3,7.9
LSS Location,F1-PZ02-A12-R05-A4,7.9
LSS Location,F1-PZ02-A12-R05-A5,7.9
LSS Location,F1-PZ02-A12-R05-B1,7.9
LSS Location,F1-PZ02-A12-R05-B2,7.9
LSS Location,F1-PZ02-A12-R05-B3,7.9
LSS Location,F1-PZ02-A12-R05-B4,7.9
LSS Location,F1-PZ02-A12-R05-B5,7.9
LSS Location,F1-PZ02-A12-R05-C1,7.9
LSS Location,F1-PZ02-A12-R05-C2,7.9
LSS Location,F1-PZ02-A12-R05-C3,7.9
LSS Location,F1-PZ02-A12-R05-C4,7.9
LSS Location,F1-PZ02-A12-R05-C5,7.9
LSS Location,F1-PZ02-A12-R05-D1,7.9
LSS Location,F1-PZ02-A12-R05-D2,7.9
LSS Location,F1-PZ02-A12-R05-D3,7.9
LSS Location,F1-PZ02-A12-R05-D4,7.9
LSS Location,F1-PZ02-A12-R05-D5,7.9
LSS Location,F1-PZ02-A12-R06-A1,7.9
LSS Location,F1-PZ02-A12-R06-A2,7.9
LSS Location,F1-PZ02-A12-R06-A3,7.9
LSS Location,F1-PZ02-A12-R06-A4,7.9
LSS Location,F1-PZ02-A12-R06-A5,7.9
LSS Location,F1-PZ02-A12-R06-B1,7.9
LSS Location,F1-PZ02-A12-R06-B2,7.9
LSS Location,F1-PZ02-A12-R06-B3,7.9
LSS Location,F1-PZ02-A12-R06-B4,7.9
LSS Location,F1-PZ02-A12-R06-B5,7.9
LSS Location,F1-PZ02-A12-R06-C1,7.9
LSS Location,F1-PZ02-A12-R06-C2,7.9
LSS Location,F1-PZ02-A12-R06-C3,7.9
LSS Location,F1-PZ02-A12-R06-C4,7.9
LSS Location,F1-PZ02-A12-R06-C5,7.9
LSS Location,F1-PZ02-A12-R06-D1,7.9
LSS Location,F1-PZ02-A12-R06-D2,7.9
LSS Location,F1-PZ02-A12-R06-D3,7.9
LSS Location,F1-PZ02-A12-R06-D4,7.9
LSS Location,F1-PZ02-A12-R06-D5,7.9
LSS Location,F1-PZ02-A12-R07-A1,7.9
LSS Location,F1-PZ02-A12-R07-A2,7.9
LSS Location,F1-PZ02-A12-R07-A3,7.9
LSS Location,F1-PZ02-A12-R07-A4,7.9
LSS Location,F1-PZ02-A12-R07-A5,7.9
LSS Location,F1-PZ02-A12-R07-B1,7.9
LSS Location,F1-PZ02-A12-R07-B2,7.9
LSS Location,F1-PZ02-A12-R07-B3,7.9
LSS Location,F1-PZ02-A12-R07-B4,7.9
LSS Location,F1-PZ02-A12-R07-B5,7.9
LSS Location,F1-PZ02-A12-R07-C1,7.9
LSS Location,F1-PZ02-A12-R07-C2,7.9
LSS Location,F1-PZ02-A12-R07-C3,7.9
LSS Location,F1-PZ02-A12-R07-C4,7.9
LSS Location,F1-PZ02-A12-R07-C5,7.9
LSS Location,F1-PZ02-A12-R07-D1,7.9
LSS Location,F1-PZ02-A12-R07-D2,7.9
LSS Location,F1-PZ02-A12-R07-D3,7.9
LSS Location,F1-PZ02-A12-R07-D4,7.9
LSS Location,F1-PZ02-A12-R07-D5,7.9
LSS Location,F1-PZ02-A12-R08-A1,7.9
LSS Location,F1-PZ02-A12-R08-A2,7.9
LSS Location,F1-PZ02-A12-R08-A3,7.9
LSS Location,F1-PZ02-A12-R08-A4,7.9
LSS Location,F1-PZ02-A12-R08-A5,7.9
LSS Location,F1-PZ02-A12-R08-B1,7.9
LSS Location,F1-PZ02-A12-R08-B2,7.9
LSS Location,F1-PZ02-A12-R08-B3,7.9
LSS Location,F1-PZ02-A12-R08-B4,7.9
LSS Location,F1-PZ02-A12-R08-B5,7.9
LSS Location,F1-PZ02-A12-R08-C1,7.9
LSS Location,F1-PZ02-A12-R08-C2,7.9
LSS Location,F1-PZ02-A12-R08-C3,7.9
LSS Location,F1-PZ02-A12-R08-C4,7.9
LSS Location,F1-PZ02-A12-R08-C5,7.9
LSS Location,F1-PZ02-A12-R08-D1,7.9
LSS Location,F1-PZ02-A12-R08-D2,7.9
LSS Location,F1-PZ02-A12-R08-D3,7.9
LSS Location,F1-PZ02-A12-R08-D4,7.9
LSS Location,F1-PZ02-A12-R08-D5,7.9
LSS Location,F1-PZ02-A12-R09-A1,7.9
LSS Location,F1-PZ02-A12-R09-B1,7.9
Bulk Location,F1-PZ02-A12-R09-C1,60
LSS Location,F1-PZ02-A12-R09-D1,7.9
LSS Location,F1-PZ02-A12-R10-A1,7.9
LSS Location,F1-PZ02-A12-R10-A2,7.9
LSS Location,F1-PZ02-A12-R10-A3,7.9
LSS Location,F1-PZ02-A12-R10-A4,7.9
LSS Location,F1-PZ02-A12-R10-A5,7.9
LSS Location,F1-PZ02-A12-R10-B1,7.9
LSS Location,F1-PZ02-A12-R10-B2,7.9
LSS Location,F1-PZ02-A12-R10-B3,7.9
LSS Location,F1-PZ02-A12-R10-B4,7.9
LSS Location,F1-PZ02-A12-R10-B5,7.9
LSS Location,F1-PZ02-A12-R10-C1,7.9
LSS Location,F1-PZ02-A12-R10-C2,7.9
LSS Location,F1-PZ02-A12-R10-C3,7.9
LSS Location,F1-PZ02-A12-R10-C4,7.9
LSS Location,F1-PZ02-A12-R10-C5,7.9
LSS Location,F1-PZ02-A12-R10-D1,7.9
LSS Location,F1-PZ02-A12-R10-D2,7.9
LSS Location,F1-PZ02-A12-R10-D3,7.9
LSS Location,F1-PZ02-A12-R10-D4,7.9
LSS Location,F1-PZ02-A12-R10-D5,7.9
LSS Location,F1-PZ02-A12-R11-A1,7.9
LSS Location,F1-PZ02-A12-R11-A2,7.9
LSS Location,F1-PZ02-A12-R11-A3,7.9
LSS Location,F1-PZ02-A12-R11-A4,7.9
LSS Location,F1-PZ02-A12-R11-B1,7.9
LSS Location,F1-PZ02-A12-R11-B2,7.9
LSS Location,F1-PZ02-A12-R11-B3,7.9
LSS Location,F1-PZ02-A12-R11-B4,7.9
LSS Location,F1-PZ02-A12-R11-C1,7.9
LSS Location,F1-PZ02-A12-R11-C2,7.9
LSS Location,F1-PZ02-A12-R11-C3,7.9
LSS Location,F1-PZ02-A12-R11-C4,7.9
LSS Location,F1-PZ02-A12-R11-D1,7.9
LSS Location,F1-PZ02-A12-R11-D2,7.9
LSS Location,F1-PZ02-A12-R11-D3,7.9
LSS Location,F1-PZ02-A12-R11-D4,7.9
LSS Location,F1-PZ02-A13-R01-A1,7.9
LSS Location,F1-PZ02-A13-R01-A2,7.9
LSS Location,F1-PZ02-A13-R01-A3,7.9
LSS Location,F1-PZ02-A13-R01-A4,7.9
LSS Location,F1-PZ02-A13-R01-A5,7.9
LSS Location,F1-PZ02-A13-R01-B1,7.9
LSS Location,F1-PZ02-A13-R01-B2,7.9
LSS Location,F1-PZ02-A13-R01-B3,7.9
LSS Location,F1-PZ02-A13-R01-B4,7.9
LSS Location,F1-PZ02-A13-R01-B5,7.9
LSS Location,F1-PZ02-A13-R01-C1,7.9
LSS Location,F1-PZ02-A13-R01-C2,7.9
LSS Location,F1-PZ02-A13-R01-C3,7.9
LSS Location,F1-PZ02-A13-R01-C4,7.9
LSS Location,F1-PZ02-A13-R01-C5,7.9
LSS Location,F1-PZ02-A13-R01-D1,7.9
LSS Location,F1-PZ02-A13-R01-D2,7.9
LSS Location,F1-PZ02-A13-R01-D3,7.9
LSS Location,F1-PZ02-A13-R01-D4,7.9
LSS Location,F1-PZ02-A13-R01-D5,7.9
LSS Location,F1-PZ02-A13-R02-A1,7.9
LSS Location,F1-PZ02-A13-R02-A2,7.9
LSS Location,F1-PZ02-A13-R02-A3,7.9
LSS Location,F1-PZ02-A13-R02-A4,7.9
LSS Location,F1-PZ02-A13-R02-A5,7.9
LSS Location,F1-PZ02-A13-R02-B1,7.9
LSS Location,F1-PZ02-A13-R02-B2,7.9
LSS Location,F1-PZ02-A13-R02-B3,7.9
LSS Location,F1-PZ02-A13-R02-B4,7.9
LSS Location,F1-PZ02-A13-R02-B5,7.9
LSS Location,F1-PZ02-A13-R02-C1,7.9
LSS Location,F1-PZ02-A13-R02-C2,7.9
LSS Location,F1-PZ02-A13-R02-C3,7.9
LSS Location,F1-PZ02-A13-R02-C4,7.9
LSS Location,F1-PZ02-A13-R02-C5,7.9
LSS Location,F1-PZ02-A13-R02-D1,7.9
LSS Location,F1-PZ02-A13-R02-D2,7.9
LSS Location,F1-PZ02-A13-R02-D3,7.9
LSS Location,F1-PZ02-A13-R02-D4,7.9
LSS Location,F1-PZ02-A13-R02-D5,7.9
LSS Location,F1-PZ02-A13-R03-A1,7.9
LSS Location,F1-PZ02-A13-R03-A2,7.9
LSS Location,F1-PZ02-A13-R03-A3,7.9
LSS Location,F1-PZ02-A13-R03-A4,7.9
LSS Location,F1-PZ02-A13-R03-A5,7.9
LSS Location,F1-PZ02-A13-R03-B1,7.9
LSS Location,F1-PZ02-A13-R03-B2,7.9
LSS Location,F1-PZ02-A13-R03-B3,7.9
LSS Location,F1-PZ02-A13-R03-B4,7.9
LSS Location,F1-PZ02-A13-R03-B5,7.9
LSS Location,F1-PZ02-A13-R03-C1,7.9
LSS Location,F1-PZ02-A13-R03-C2,7.9
LSS Location,F1-PZ02-A13-R03-C3,7.9
LSS Location,F1-PZ02-A13-R03-C4,7.9
LSS Location,F1-PZ02-A13-R03-C5,7.9
LSS Location,F1-PZ02-A13-R03-D1,7.9
LSS Location,F1-PZ02-A13-R03-D2,7.9
LSS Location,F1-PZ02-A13-R03-D3,7.9
LSS Location,F1-PZ02-A13-R03-D4,7.9
LSS Location,F1-PZ02-A13-R03-D5,7.9
LSS Location,F1-PZ02-A13-R04-A1,7.9
LSS Location,F1-PZ02-A13-R04-A2,7.9
LSS Location,F1-PZ02-A13-R04-A3,7.9
LSS Location,F1-PZ02-A13-R04-A4,7.9
LSS Location,F1-PZ02-A13-R04-A5,7.9
LSS Location,F1-PZ02-A13-R04-B1,7.9
LSS Location,F1-PZ02-A13-R04-B2,7.9
LSS Location,F1-PZ02-A13-R04-B3,7.9
LSS Location,F1-PZ02-A13-R04-B4,7.9
LSS Location,F1-PZ02-A13-R04-B5,7.9
LSS Location,F1-PZ02-A13-R04-C1,7.9
LSS Location,F1-PZ02-A13-R04-C2,7.9
LSS Location,F1-PZ02-A13-R04-C3,7.9
LSS Location,F1-PZ02-A13-R04-C4,7.9
LSS Location,F1-PZ02-A13-R04-C5,7.9
LSS Location,F1-PZ02-A13-R04-D1,7.9
LSS Location,F1-PZ02-A13-R04-D2,7.9
LSS Location,F1-PZ02-A13-R04-D3,7.9
LSS Location,F1-PZ02-A13-R04-D4,7.9
LSS Location,F1-PZ02-A13-R04-D5,7.9
LSS Location,F1-PZ02-A13-R05-A1,7.9
LSS Location,F1-PZ02-A13-R05-A2,7.9
LSS Location,F1-PZ02-A13-R05-A3,7.9
LSS Location,F1-PZ02-A13-R05-A4,7.9
LSS Location,F1-PZ02-A13-R05-A5,7.9
LSS Location,F1-PZ02-A13-R05-B1,7.9
LSS Location,F1-PZ02-A13-R05-B2,7.9
LSS Location,F1-PZ02-A13-R05-B3,7.9
LSS Location,F1-PZ02-A13-R05-B4,7.9
LSS Location,F1-PZ02-A13-R05-B5,7.9
LSS Location,F1-PZ02-A13-R05-C1,7.9
LSS Location,F1-PZ02-A13-R05-C2,7.9
LSS Location,F1-PZ02-A13-R05-C3,7.9
LSS Location,F1-PZ02-A13-R05-C4,7.9
LSS Location,F1-PZ02-A13-R05-C5,7.9
LSS Location,F1-PZ02-A13-R05-D1,7.9
LSS Location,F1-PZ02-A13-R05-D2,7.9
LSS Location,F1-PZ02-A13-R05-D3,7.9
LSS Location,F1-PZ02-A13-R05-D4,7.9
LSS Location,F1-PZ02-A13-R05-D5,7.9
LSS Location,F1-PZ02-A13-R06-A1,7.9
LSS Location,F1-PZ02-A13-R06-A2,7.9
LSS Location,F1-PZ02-A13-R06-A3,7.9
LSS Location,F1-PZ02-A13-R06-A4,7.9
LSS Location,F1-PZ02-A13-R06-A5,7.9
LSS Location,F1-PZ02-A13-R06-B1,7.9
LSS Location,F1-PZ02-A13-R06-B2,7.9
LSS Location,F1-PZ02-A13-R06-B3,7.9
LSS Location,F1-PZ02-A13-R06-B4,7.9
LSS Location,F1-PZ02-A13-R06-B5,7.9
LSS Location,F1-PZ02-A13-R06-C1,7.9
LSS Location,F1-PZ02-A13-R06-C2,7.9
LSS Location,F1-PZ02-A13-R06-C3,7.9
LSS Location,F1-PZ02-A13-R06-C4,7.9
LSS Location,F1-PZ02-A13-R06-C5,7.9
LSS Location,F1-PZ02-A13-R06-D1,7.9
LSS Location,F1-PZ02-A13-R06-D2,7.9
LSS Location,F1-PZ02-A13-R06-D3,7.9
LSS Location,F1-PZ02-A13-R06-D4,7.9
LSS Location,F1-PZ02-A13-R06-D5,7.9
LSS Location,F1-PZ02-A13-R07-A1,7.9
LSS Location,F1-PZ02-A13-R07-A2,7.9
LSS Location,F1-PZ02-A13-R07-A3,7.9
LSS Location,F1-PZ02-A13-R07-A4,7.9
LSS Location,F1-PZ02-A13-R07-A5,7.9
LSS Location,F1-PZ02-A13-R07-B1,7.9
LSS Location,F1-PZ02-A13-R07-B2,7.9
LSS Location,F1-PZ02-A13-R07-B3,7.9
LSS Location,F1-PZ02-A13-R07-B4,7.9
LSS Location,F1-PZ02-A13-R07-B5,7.9
LSS Location,F1-PZ02-A13-R07-C1,7.9
LSS Location,F1-PZ02-A13-R07-C2,7.9
LSS Location,F1-PZ02-A13-R07-C3,7.9
LSS Location,F1-PZ02-A13-R07-C4,7.9
LSS Location,F1-PZ02-A13-R07-C5,7.9
LSS Location,F1-PZ02-A13-R07-D1,7.9
LSS Location,F1-PZ02-A13-R07-D2,7.9
LSS Location,F1-PZ02-A13-R07-D3,7.9
LSS Location,F1-PZ02-A13-R07-D4,7.9
LSS Location,F1-PZ02-A13-R07-D5,7.9
LSS Location,F1-PZ02-A13-R08-A1,7.9
LSS Location,F1-PZ02-A13-R08-A2,7.9
LSS Location,F1-PZ02-A13-R08-A3,7.9
LSS Location,F1-PZ02-A13-R08-A4,7.9
LSS Location,F1-PZ02-A13-R08-A5,7.9
LSS Location,F1-PZ02-A13-R08-B1,7.9
LSS Location,F1-PZ02-A13-R08-B2,7.9
LSS Location,F1-PZ02-A13-R08-B3,7.9
LSS Location,F1-PZ02-A13-R08-B4,7.9
LSS Location,F1-PZ02-A13-R08-B5,7.9
LSS Location,F1-PZ02-A13-R08-C1,7.9
LSS Location,F1-PZ02-A13-R08-C2,7.9
LSS Location,F1-PZ02-A13-R08-C3,7.9
LSS Location,F1-PZ02-A13-R08-C4,7.9
LSS Location,F1-PZ02-A13-R08-C5,7.9
LSS Location,F1-PZ02-A13-R08-D1,7.9
LSS Location,F1-PZ02-A13-R08-D2,7.9
LSS Location,F1-PZ02-A13-R08-D3,7.9
LSS Location,F1-PZ02-A13-R08-D4,7.9
LSS Location,F1-PZ02-A13-R08-D5,7.9
LSS Location,F1-PZ02-A13-R09-A1,7.9
LSS Location,F1-PZ02-A13-R09-A2,7.9
LSS Location,F1-PZ02-A13-R09-A3,7.9
LSS Location,F1-PZ02-A13-R09-A4,7.9
LSS Location,F1-PZ02-A13-R09-A5,7.9
LSS Location,F1-PZ02-A13-R09-B1,7.9
LSS Location,F1-PZ02-A13-R09-B2,7.9
LSS Location,F1-PZ02-A13-R09-B3,7.9
LSS Location,F1-PZ02-A13-R09-B4,7.9
LSS Location,F1-PZ02-A13-R09-B5,7.9
LSS Location,F1-PZ02-A13-R09-C1,7.9
LSS Location,F1-PZ02-A13-R09-C2,7.9
LSS Location,F1-PZ02-A13-R09-C3,7.9
LSS Location,F1-PZ02-A13-R09-C4,7.9
LSS Location,F1-PZ02-A13-R09-C5,7.9
LSS Location,F1-PZ02-A13-R09-D1,7.9
LSS Location,F1-PZ02-A13-R09-D2,7.9
LSS Location,F1-PZ02-A13-R09-D3,7.9
LSS Location,F1-PZ02-A13-R09-D4,7.9
LSS Location,F1-PZ02-A13-R09-D5,7.9
LSS Location,F1-PZ02-A13-R10-A1,7.9
LSS Location,F1-PZ02-A13-R10-A2,7.9
LSS Location,F1-PZ02-A13-R10-A3,7.9
LSS Location,F1-PZ02-A13-R10-A4,7.9
LSS Location,F1-PZ02-A13-R10-A5,7.9
LSS Location,F1-PZ02-A13-R10-B1,7.9
LSS Location,F1-PZ02-A13-R10-B2,7.9
LSS Location,F1-PZ02-A13-R10-B3,7.9
LSS Location,F1-PZ02-A13-R10-B4,7.9
LSS Location,F1-PZ02-A13-R10-B5,7.9
LSS Location,F1-PZ02-A13-R10-C1,7.9
LSS Location,F1-PZ02-A13-R10-C2,7.9
LSS Location,F1-PZ02-A13-R10-C3,7.9
LSS Location,F1-PZ02-A13-R10-C4,7.9
LSS Location,F1-PZ02-A13-R10-C5,7.9
LSS Location,F1-PZ02-A13-R10-D1,7.9
LSS Location,F1-PZ02-A13-R10-D2,7.9
LSS Location,F1-PZ02-A13-R10-D3,7.9
LSS Location,F1-PZ02-A13-R10-D4,7.9
LSS Location,F1-PZ02-A13-R10-D5,7.9
LSS Location,F1-PZ02-A13-R11-A1,7.9
LSS Location,F1-PZ02-A13-R11-A2,7.9
LSS Location,F1-PZ02-A13-R11-A3,7.9
LSS Location,F1-PZ02-A13-R11-A4,7.9
LSS Location,F1-PZ02-A13-R11-B1,7.9
LSS Location,F1-PZ02-A13-R11-B2,7.9
LSS Location,F1-PZ02-A13-R11-B3,7.9
LSS Location,F1-PZ02-A13-R11-B4,7.9
LSS Location,F1-PZ02-A13-R11-C1,7.9
LSS Location,F1-PZ02-A13-R11-C2,7.9
LSS Location,F1-PZ02-A13-R11-C3,7.9
LSS Location,F1-PZ02-A13-R11-C4,7.9
LSS Location,F1-PZ02-A13-R11-D1,7.9
LSS Location,F1-PZ02-A13-R11-D2,7.9
LSS Location,F1-PZ02-A13-R11-D3,7.9
LSS Location,F1-PZ02-A13-R11-D4,7.9
LSS Location,F1-PZ02-A13-R12-A1,7.9
LSS Location,F1-PZ02-A13-R12-A2,7.9
LSS Location,F1-PZ02-A13-R12-A3,7.9
LSS Location,F1-PZ02-A13-R12-A4,7.9
LSS Location,F1-PZ02-A13-R12-B1,7.9
LSS Location,F1-PZ02-A13-R12-B2,7.9
LSS Location,F1-PZ02-A13-R12-B3,7.9
LSS Location,F1-PZ02-A13-R12-B4,7.9
LSS Location,F1-PZ02-A13-R12-C1,7.9
LSS Location,F1-PZ02-A13-R12-C2,7.9
LSS Location,F1-PZ02-A13-R12-C3,7.9
LSS Location,F1-PZ02-A13-R12-C4,7.9
LSS Location,F1-PZ02-A13-R12-C5,7.9
LSS Location,F1-PZ02-A13-R12-D1,7.9
LSS Location,F1-PZ02-A13-R12-D2,7.9
LSS Location,F1-PZ02-A13-R12-D3,7.9
LSS Location,F1-PZ02-A13-R12-D4,7.9
LSS Location,F1-PZ02-A13-R12-D5,7.9
LSS Location,F1-PZ02-A14-R01-A1,7.9
LSS Location,F1-PZ02-A14-R01-A2,7.9
LSS Location,F1-PZ02-A14-R01-A3,7.9
LSS Location,F1-PZ02-A14-R01-A4,7.9
LSS Location,F1-PZ02-A14-R01-A5,7.9
LSS Location,F1-PZ02-A14-R01-B1,7.9
LSS Location,F1-PZ02-A14-R01-B2,7.9
LSS Location,F1-PZ02-A14-R01-B3,7.9
LSS Location,F1-PZ02-A14-R01-B4,7.9
LSS Location,F1-PZ02-A14-R01-B5,7.9
LSS Location,F1-PZ02-A14-R01-C1,7.9
LSS Location,F1-PZ02-A14-R01-C2,7.9
LSS Location,F1-PZ02-A14-R01-C3,7.9
LSS Location,F1-PZ02-A14-R01-C4,7.9
LSS Location,F1-PZ02-A14-R01-C5,7.9
LSS Location,F1-PZ02-A14-R01-D1,7.9
LSS Location,F1-PZ02-A14-R01-D2,7.9
LSS Location,F1-PZ02-A14-R01-D3,7.9
LSS Location,F1-PZ02-A14-R01-D4,7.9
LSS Location,F1-PZ02-A14-R01-D5,7.9
LSS Location,F1-PZ02-A14-R02-A1,7.9
LSS Location,F1-PZ02-A14-R02-A2,7.9
LSS Location,F1-PZ02-A14-R02-A3,7.9
LSS Location,F1-PZ02-A14-R02-A4,7.9
LSS Location,F1-PZ02-A14-R02-A5,7.9
LSS Location,F1-PZ02-A14-R02-B1,7.9
LSS Location,F1-PZ02-A14-R02-B2,7.9
LSS Location,F1-PZ02-A14-R02-B3,7.9
LSS Location,F1-PZ02-A14-R02-B4,7.9
LSS Location,F1-PZ02-A14-R02-B5,7.9
LSS Location,F1-PZ02-A14-R02-C1,7.9
LSS Location,F1-PZ02-A14-R02-C2,7.9
LSS Location,F1-PZ02-A14-R02-C3,7.9
LSS Location,F1-PZ02-A14-R02-C4,7.9
LSS Location,F1-PZ02-A14-R02-C5,7.9
LSS Location,F1-PZ02-A14-R02-D1,7.9
LSS Location,F1-PZ02-A14-R02-D2,7.9
LSS Location,F1-PZ02-A14-R02-D3,7.9
LSS Location,F1-PZ02-A14-R02-D4,7.9
LSS Location,F1-PZ02-A14-R02-D5,7.9
LSS Location,F1-PZ02-A14-R03-A1,7.9
LSS Location,F1-PZ02-A14-R03-A2,7.9
LSS Location,F1-PZ02-A14-R03-A3,7.9
LSS Location,F1-PZ02-A14-R03-A4,7.9
LSS Location,F1-PZ02-A14-R03-A5,7.9
LSS Location,F1-PZ02-A14-R03-B1,7.9
LSS Location,F1-PZ02-A14-R03-B2,7.9
LSS Location,F1-PZ02-A14-R03-B3,7.9
LSS Location,F1-PZ02-A14-R03-B4,7.9
LSS Location,F1-PZ02-A14-R03-B5,7.9
LSS Location,F1-PZ02-A14-R03-C1,7.9
LSS Location,F1-PZ02-A14-R03-C2,7.9
LSS Location,F1-PZ02-A14-R03-C3,7.9
LSS Location,F1-PZ02-A14-R03-C4,7.9
LSS Location,F1-PZ02-A14-R03-C5,7.9
LSS Location,F1-PZ02-A14-R03-D1,7.9
LSS Location,F1-PZ02-A14-R03-D2,7.9
LSS Location,F1-PZ02-A14-R03-D3,7.9
LSS Location,F1-PZ02-A14-R03-D4,7.9
LSS Location,F1-PZ02-A14-R03-D5,7.9
LSS Location,F1-PZ02-A14-R04-A1,7.9
LSS Location,F1-PZ02-A14-R04-A2,7.9
LSS Location,F1-PZ02-A14-R04-A3,7.9
LSS Location,F1-PZ02-A14-R04-A4,7.9
LSS Location,F1-PZ02-A14-R04-A5,7.9
LSS Location,F1-PZ02-A14-R04-B1,7.9
LSS Location,F1-PZ02-A14-R04-B2,7.9
LSS Location,F1-PZ02-A14-R04-B3,7.9
LSS Location,F1-PZ02-A14-R04-B4,7.9
LSS Location,F1-PZ02-A14-R04-B5,7.9
LSS Location,F1-PZ02-A14-R04-C1,7.9
LSS Location,F1-PZ02-A14-R04-C2,7.9
LSS Location,F1-PZ02-A14-R04-C3,7.9
LSS Location,F1-PZ02-A14-R04-C4,7.9
LSS Location,F1-PZ02-A14-R04-C5,7.9
LSS Location,F1-PZ02-A14-R04-D1,7.9
LSS Location,F1-PZ02-A14-R04-D2,7.9
LSS Location,F1-PZ02-A14-R04-D3,7.9
LSS Location,F1-PZ02-A14-R04-D4,7.9
LSS Location,F1-PZ02-A14-R04-D5,7.9
LSS Location,F1-PZ02-A14-R05-A1,7.9
LSS Location,F1-PZ02-A14-R05-A2,7.9
LSS Location,F1-PZ02-A14-R05-A3,7.9
LSS Location,F1-PZ02-A14-R05-A4,7.9
LSS Location,F1-PZ02-A14-R05-A5,7.9
LSS Location,F1-PZ02-A14-R05-B1,7.9
LSS Location,F1-PZ02-A14-R05-B2,7.9
LSS Location,F1-PZ02-A14-R05-B3,7.9
LSS Location,F1-PZ02-A14-R05-B4,7.9
LSS Location,F1-PZ02-A14-R05-B5,7.9
LSS Location,F1-PZ02-A14-R05-C1,7.9
LSS Location,F1-PZ02-A14-R05-C2,7.9
LSS Location,F1-PZ02-A14-R05-C3,7.9
LSS Location,F1-PZ02-A14-R05-C4,7.9
LSS Location,F1-PZ02-A14-R05-C5,7.9
LSS Location,F1-PZ02-A14-R05-D1,7.9
LSS Location,F1-PZ02-A14-R05-D2,7.9
LSS Location,F1-PZ02-A14-R05-D3,7.9
LSS Location,F1-PZ02-A14-R05-D4,7.9
LSS Location,F1-PZ02-A14-R05-D5,7.9
LSS Location,F1-PZ02-A14-R06-A1,7.9
LSS Location,F1-PZ02-A14-R06-A2,7.9
LSS Location,F1-PZ02-A14-R06-A3,7.9
LSS Location,F1-PZ02-A14-R06-A4,7.9
LSS Location,F1-PZ02-A14-R06-B1,7.9
LSS Location,F1-PZ02-A14-R06-B2,7.9
LSS Location,F1-PZ02-A14-R06-B3,7.9
LSS Location,F1-PZ02-A14-R06-B4,7.9
LSS Location,F1-PZ02-A14-R06-C1,7.9
LSS Location,F1-PZ02-A14-R06-C2,7.9
LSS Location,F1-PZ02-A14-R06-C3,7.9
LSS Location,F1-PZ02-A14-R06-C4,7.9
LSS Location,F1-PZ02-A14-R06-D1,7.9
LSS Location,F1-PZ02-A14-R06-D2,7.9
LSS Location,F1-PZ02-A14-R06-D3,7.9
LSS Location,F1-PZ02-A14-R06-D4,7.9
Lower Shelve,F1-PZ02-A14-R07-A1,48
Lower Shelve,F1-PZ02-A14-R07-A2,48
Lower Shelve,F1-PZ02-A14-R07-A3,48
Upper Shelve,F1-PZ02-A14-R07-B1,32
Upper Shelve,F1-PZ02-A14-R07-B2,32
Upper Shelve,F1-PZ02-A14-R07-B3,32
Upper Shelve,F1-PZ02-A14-R07-B4,32
Lower Shelve,F1-PZ02-A14-R08-A1,48
Lower Shelve,F1-PZ02-A14-R08-A2,48
Lower Shelve,F1-PZ02-A14-R08-A3,48
Upper Shelve,F1-PZ02-A14-R08-B1,32
Upper Shelve,F1-PZ02-A14-R08-B2,32
Upper Shelve,F1-PZ02-A14-R08-B3,32
Upper Shelve,F1-PZ02-A14-R08-B4,32
Lower Shelve,F1-PZ02-A14-R09-A1,48
Lower Shelve,F1-PZ02-A14-R09-A2,48
Lower Shelve,F1-PZ02-A14-R09-A3,48
Upper Shelve,F1-PZ02-A14-R09-B1,32
Upper Shelve,F1-PZ02-A14-R09-B2,32
Upper Shelve,F1-PZ02-A14-R09-B3,32
Upper Shelve,F1-PZ02-A14-R09-B4,32
Lower Shelve,F1-PZ02-A14-R10-A1,48
Lower Shelve,F1-PZ02-A14-R10-A2,48
Lower Shelve,F1-PZ02-A14-R10-A3,48
Upper Shelve,F1-PZ02-A14-R10-B1,32
Upper Shelve,F1-PZ02-A14-R10-B2,32
Upper Shelve,F1-PZ02-A14-R10-B3,32
Upper Shelve,F1-PZ02-A14-R10-B4,32
Lower Shelve,F1-PZ02-A15-R01-A1,48
Lower Shelve,F1-PZ02-A15-R01-A2,48
Lower Shelve,F1-PZ02-A15-R01-A3,48
Upper Shelve,F1-PZ02-A15-R01-B1,32
Upper Shelve,F1-PZ02-A15-R01-B2,32
Upper Shelve,F1-PZ02-A15-R01-B3,32
Bulk Location,F1-PZ02-A15-R01-PL,60
Lower Shelve,F1-PZ02-A15-R02-A1,48
Lower Shelve,F1-PZ02-A15-R02-A2,48
Lower Shelve,F1-PZ02-A15-R02-A3,48
Upper Shelve,F1-PZ02-A15-R02-B1,32
Upper Shelve,F1-PZ02-A15-R02-B2,32
Upper Shelve,F1-PZ02-A15-R02-B3,32
Bulk Location,F1-PZ02-A15-R02-PL,60
Lower Shelve,F1-PZ02-A15-R03-A1,48
Lower Shelve,F1-PZ02-A15-R03-A2,48
Lower Shelve,F1-PZ02-A15-R03-A3,48
Upper Shelve,F1-PZ02-A15-R03-B1,32
Upper Shelve,F1-PZ02-A15-R03-B2,32
Upper Shelve,F1-PZ02-A15-R03-B3,32
Bulk Location,F1-PZ02-A15-R03-PL,60
Lower Shelve,F1-PZ02-A15-R04-A1,48
Lower Shelve,F1-PZ02-A15-R04-A2,48
Lower Shelve,F1-PZ02-A15-R04-A3,48
Upper Shelve,F1-PZ02-A15-R04-B1,32
Upper Shelve,F1-PZ02-A15-R04-B2,32
Upper Shelve,F1-PZ02-A15-R04-B3,32
Bulk Location,F1-PZ02-A15-R04-PL,60
Bulk Location,F2-PZ01-A01-R02-B1,60
SAAR Location,F2-PZ01-A01-R04-A1,2.5
SAAR Location,F2-PZ01-A01-R04-A2,2.5
SAAR Location,F2-PZ01-A01-R04-B1,2.5
SAAR Location,F2-PZ01-A01-R04-B2,2.5
SAAR Location,F2-PZ01-A01-R04-C1,2.5
SAAR Location,F2-PZ01-A01-R04-C2,2.5
SAAR Location,F2-PZ01-A01-R04-D1,2.5
SAAR Location,F2-PZ01-A01-R04-D2,2.5
SAAR Location,F2-PZ01-A01-R04-E1,2.5
SAAR Location,F2-PZ01-A01-R04-E2,2.5
SAAR Location,F2-PZ01-A01-R05-A1,2.5
SAAR Location,F2-PZ01-A01-R05-A2,2.5
SAAR Location,F2-PZ01-A01-R05-B1,2.5
SAAR Location,F2-PZ01-A01-R05-B2,2.5
SAAR Location,F2-PZ01-A01-R05-C1,2.5
SAAR Location,F2-PZ01-A01-R05-C2,2.5
SAAR Location,F2-PZ01-A01-R05-D1,2.5
SAAR Location,F2-PZ01-A01-R05-D2,2.5
SAAR Location,F2-PZ01-A01-R05-E1,2.5
SAAR Location,F2-PZ01-A01-R05-E2,2.5
SAAR Location,F2-PZ01-A01-R06-A1,2.5
SAAR Location,F2-PZ01-A01-R06-A2,2.5
SAAR Location,F2-PZ01-A01-R06-B1,2.5
SAAR Location,F2-PZ01-A01-R06-B2,2.5
SAAR Location,F2-PZ01-A01-R06-C1,2.5
SAAR Location,F2-PZ01-A01-R06-C2,2.5
SAAR Location,F2-PZ01-A01-R06-D1,2.5
SAAR Location,F2-PZ01-A01-R06-D2,2.5
SAAR Location,F2-PZ01-A01-R06-E1,2.5
SAAR Location,F2-PZ01-A01-R06-E2,2.5
SAAR Location,F2-PZ01-A01-R07-A1,2.5
SAAR Location,F2-PZ01-A01-R07-A2,2.5
SAAR Location,F2-PZ01-A01-R07-B1,2.5
SAAR Location,F2-PZ01-A01-R07-B2,2.5
SAAR Location,F2-PZ01-A01-R07-C1,2.5
SAAR Location,F2-PZ01-A01-R07-C2,2.5
SAAR Location,F2-PZ01-A01-R07-D1,2.5
SAAR Location,F2-PZ01-A01-R07-D2,2.5
SAAR Location,F2-PZ01-A01-R07-E1,2.5
SAAR Location,F2-PZ01-A01-R07-E2,2.5
SAAR Location,F2-PZ01-A01-R08-A1,2.5
SAAR Location,F2-PZ01-A01-R08-A2,2.5
SAAR Location,F2-PZ01-A01-R08-B1,2.5
SAAR Location,F2-PZ01-A01-R08-B2,2.5
SAAR Location,F2-PZ01-A01-R08-C1,2.5
SAAR Location,F2-PZ01-A01-R08-C2,2.5
SAAR Location,F2-PZ01-A01-R08-D1,2.5
SAAR Location,F2-PZ01-A01-R08-D2,2.5
SAAR Location,F2-PZ01-A01-R08-E1,2.5
SAAR Location,F2-PZ01-A01-R08-E2,2.5
SAAR Location,F2-PZ01-A01-R09-A1,2.5
SAAR Location,F2-PZ01-A01-R09-A2,2.5
SAAR Location,F2-PZ01-A01-R09-B1,2.5
SAAR Location,F2-PZ01-A01-R09-B2,2.5
SAAR Location,F2-PZ01-A01-R09-C1,2.5
SAAR Location,F2-PZ01-A01-R09-C2,2.5
SAAR Location,F2-PZ01-A01-R09-D1,2.5
SAAR Location,F2-PZ01-A01-R09-D2,2.5
SAAR Location,F2-PZ01-A01-R09-E1,2.5
SAAR Location,F2-PZ01-A01-R09-E2,2.5
SAAR Location,F2-PZ01-A01-R10-A1,2.5
SAAR Location,F2-PZ01-A01-R10-A2,2.5
SAAR Location,F2-PZ01-A01-R10-B1,2.5
SAAR Location,F2-PZ01-A01-R10-B2,2.5
SAAR Location,F2-PZ01-A01-R10-C1,2.5
SAAR Location,F2-PZ01-A01-R10-C2,2.5
SAAR Location,F2-PZ01-A01-R10-D1,2.5
SAAR Location,F2-PZ01-A01-R10-D2,2.5
SAAR Location,F2-PZ01-A01-R10-E1,2.5
SAAR Location,F2-PZ01-A01-R10-E2,2.5
SAAR Location,F2-PZ01-A01-R11-A1,2.5
SAAR Location,F2-PZ01-A01-R11-A2,2.5
SAAR Location,F2-PZ01-A01-R11-B1,2.5
SAAR Location,F2-PZ01-A01-R11-B2,2.5
SAAR Location,F2-PZ01-A01-R11-C1,2.5
SAAR Location,F2-PZ01-A01-R11-C2,2.5
SAAR Location,F2-PZ01-A01-R11-D1,2.5
SAAR Location,F2-PZ01-A01-R11-D2,2.5
SAAR Location,F2-PZ01-A01-R11-E1,2.5
SAAR Location,F2-PZ01-A01-R11-E2,2.5
SAAR Location,F2-PZ01-A01-R12-A1,2.5
SAAR Location,F2-PZ01-A01-R12-A2,2.5
SAAR Location,F2-PZ01-A01-R12-B1,2.5
SAAR Location,F2-PZ01-A01-R12-B2,2.5
SAAR Location,F2-PZ01-A01-R12-C1,2.5
SAAR Location,F2-PZ01-A01-R12-C2,2.5
SAAR Location,F2-PZ01-A01-R12-D1,2.5
SAAR Location,F2-PZ01-A01-R12-D2,2.5
SAAR Location,F2-PZ01-A01-R12-E1,2.5
SAAR Location,F2-PZ01-A01-R12-E2,2.5
SAAR Location,F2-PZ01-A01-R13-A1,2.5
SAAR Location,F2-PZ01-A01-R13-A2,2.5
SAAR Location,F2-PZ01-A01-R13-B1,2.5
SAAR Location,F2-PZ01-A01-R13-B2,2.5
SAAR Location,F2-PZ01-A01-R13-C1,2.5
SAAR Location,F2-PZ01-A01-R13-C2,2.5
SAAR Location,F2-PZ01-A01-R13-D1,2.5
SAAR Location,F2-PZ01-A01-R13-D2,2.5
SAAR Location,F2-PZ01-A01-R13-E1,2.5
SAAR Location,F2-PZ01-A01-R13-E2,2.5
SAAR Location,F2-PZ01-A01-R14-A1,2.5
SAAR Location,F2-PZ01-A01-R14-A2,2.5
SAAR Location,F2-PZ01-A01-R14-B1,2.5
SAAR Location,F2-PZ01-A01-R14-B2,2.5
SAAR Location,F2-PZ01-A01-R14-C1,2.5
SAAR Location,F2-PZ01-A01-R14-C2,2.5
SAAR Location,F2-PZ01-A01-R14-D1,2.5
SAAR Location,F2-PZ01-A01-R14-D2,2.5
SAAR Location,F2-PZ01-A01-R14-E1,2.5
SAAR Location,F2-PZ01-A01-R14-E2,2.5
SAAR Location,F2-PZ01-A01-R15-A1,2.5
SAAR Location,F2-PZ01-A01-R15-A2,2.5
SAAR Location,F2-PZ01-A01-R15-B1,2.5
SAAR Location,F2-PZ01-A01-R15-B2,2.5
SAAR Location,F2-PZ01-A01-R15-C1,2.5
SAAR Location,F2-PZ01-A01-R15-C2,2.5
SAAR Location,F2-PZ01-A01-R15-D1,2.5
SAAR Location,F2-PZ01-A01-R15-D2,2.5
SAAR Location,F2-PZ01-A01-R15-E1,2.5
SAAR Location,F2-PZ01-A01-R15-E2,2.5
SAAR Location,F2-PZ01-A01-R16-A1,2.5
SAAR Location,F2-PZ01-A01-R16-A2,2.5
SAAR Location,F2-PZ01-A01-R16-B1,2.5
SAAR Location,F2-PZ01-A01-R16-B2,2.5
SAAR Location,F2-PZ01-A01-R16-C1,2.5
SAAR Location,F2-PZ01-A01-R16-C2,2.5
SAAR Location,F2-PZ01-A01-R16-D1,2.5
SAAR Location,F2-PZ01-A01-R16-D2,2.5
SAAR Location,F2-PZ01-A01-R16-E1,2.5
SAAR Location,F2-PZ01-A01-R16-E2,2.5
SAAR Location,F2-PZ01-A01-R17-A1,2.5
SAAR Location,F2-PZ01-A01-R17-A2,2.5
SAAR Location,F2-PZ01-A01-R17-B1,2.5
SAAR Location,F2-PZ01-A01-R17-B2,2.5
SAAR Location,F2-PZ01-A01-R17-C1,2.5
SAAR Location,F2-PZ01-A01-R17-C2,2.5
SAAR Location,F2-PZ01-A01-R17-D1,2.5
SAAR Location,F2-PZ01-A01-R17-D2,2.5
SAAR Location,F2-PZ01-A01-R17-E1,2.5
SAAR Location,F2-PZ01-A01-R17-E2,2.5
SAAR Location,F2-PZ01-A01-R18-A1,2.5
SAAR Location,F2-PZ01-A01-R18-A2,2.5
SAAR Location,F2-PZ01-A01-R18-B1,2.5
SAAR Location,F2-PZ01-A01-R18-B2,2.5
SAAR Location,F2-PZ01-A01-R18-C1,2.5
SAAR Location,F2-PZ01-A01-R18-C2,2.5
SAAR Location,F2-PZ01-A01-R18-D1,2.5
SAAR Location,F2-PZ01-A01-R18-D2,2.5
SAAR Location,F2-PZ01-A01-R18-E1,2.5
SAAR Location,F2-PZ01-A01-R18-E2,2.5
SAAR Location,F2-PZ01-A01-R19-A1,2.5
SAAR Location,F2-PZ01-A01-R19-A2,2.5
SAAR Location,F2-PZ01-A01-R19-B1,2.5
SAAR Location,F2-PZ01-A01-R19-B2,2.5
SAAR Location,F2-PZ01-A01-R19-C1,2.5
SAAR Location,F2-PZ01-A01-R19-C2,2.5
SAAR Location,F2-PZ01-A01-R19-D1,2.5
SAAR Location,F2-PZ01-A01-R19-D2,2.5
SAAR Location,F2-PZ01-A01-R19-E1,2.5
SAAR Location,F2-PZ01-A01-R19-E2,2.5
SAAR Location,F2-PZ01-A01-R20-A1,2.5
SAAR Location,F2-PZ01-A01-R20-A2,2.5
SAAR Location,F2-PZ01-A01-R20-B1,2.5
SAAR Location,F2-PZ01-A01-R20-B2,2.5
SAAR Location,F2-PZ01-A01-R20-C1,2.5
SAAR Location,F2-PZ01-A01-R20-C2,2.5
SAAR Location,F2-PZ01-A01-R20-D1,2.5
SAAR Location,F2-PZ01-A01-R20-D2,2.5
SAAR Location,F2-PZ01-A01-R20-E1,2.5
SAAR Location,F2-PZ01-A01-R20-E2,2.5
SAAR Location,F2-PZ01-A01-R21-A1,2.5
SAAR Location,F2-PZ01-A01-R21-A2,2.5
SAAR Location,F2-PZ01-A01-R21-B1,2.5
SAAR Location,F2-PZ01-A01-R21-B2,2.5
SAAR Location,F2-PZ01-A01-R21-C1,2.5
SAAR Location,F2-PZ01-A01-R21-C2,2.5
SAAR Location,F2-PZ01-A01-R21-D1,2.5
SAAR Location,F2-PZ01-A01-R21-D2,2.5
SAAR Location,F2-PZ01-A01-R21-E1,2.5
SAAR Location,F2-PZ01-A01-R21-E2,2.5
SAAR Location,F2-PZ01-A01-R22-A1,2.5
SAAR Location,F2-PZ01-A01-R22-A2,2.5
SAAR Location,F2-PZ01-A01-R22-B1,2.5
SAAR Location,F2-PZ01-A01-R22-B2,2.5
SAAR Location,F2-PZ01-A01-R22-C1,2.5
SAAR Location,F2-PZ01-A01-R22-C2,2.5
SAAR Location,F2-PZ01-A01-R22-D1,2.5
SAAR Location,F2-PZ01-A01-R22-D2,2.5
SAAR Location,F2-PZ01-A01-R22-E1,2.5
SAAR Location,F2-PZ01-A01-R22-E2,2.5
SAAR Location,F2-PZ01-A01-R23-A1,2.5
SAAR Location,F2-PZ01-A01-R23-A2,2.5
SAAR Location,F2-PZ01-A01-R23-B1,2.5
SAAR Location,F2-PZ01-A01-R23-B2,2.5
SAAR Location,F2-PZ01-A01-R23-C1,2.5
SAAR Location,F2-PZ01-A01-R23-C2,2.5
SAAR Location,F2-PZ01-A01-R23-D1,2.5
SAAR Location,F2-PZ01-A01-R23-D2,2.5
SAAR Location,F2-PZ01-A01-R23-E1,2.5
SAAR Location,F2-PZ01-A01-R23-E2,2.5
SAAR Location,F2-PZ01-A01-R24-A1,2.5
SAAR Location,F2-PZ01-A01-R24-A2,2.5
SAAR Location,F2-PZ01-A01-R24-B1,2.5
SAAR Location,F2-PZ01-A01-R24-B2,2.5
SAAR Location,F2-PZ01-A01-R24-C1,2.5
SAAR Location,F2-PZ01-A01-R24-C2,2.5
SAAR Location,F2-PZ01-A01-R24-D1,2.5
SAAR Location,F2-PZ01-A01-R24-D2,2.5
SAAR Location,F2-PZ01-A01-R24-E1,2.5
SAAR Location,F2-PZ01-A01-R24-E2,2.5
SAAR Location,F2-PZ01-A01-R25-A1,2.5
SAAR Location,F2-PZ01-A01-R25-A2,2.5
SAAR Location,F2-PZ01-A01-R25-B1,2.5
SAAR Location,F2-PZ01-A01-R25-B2,2.5
SAAR Location,F2-PZ01-A01-R25-C1,2.5
SAAR Location,F2-PZ01-A01-R25-C2,2.5
SAAR Location,F2-PZ01-A01-R25-D1,2.5
SAAR Location,F2-PZ01-A01-R25-D2,2.5
SAAR Location,F2-PZ01-A01-R25-E1,2.5
SAAR Location,F2-PZ01-A01-R25-E2,2.5
SAAR Location,F2-PZ01-A01-R26-A1,2.5
SAAR Location,F2-PZ01-A01-R26-A2,2.5
SAAR Location,F2-PZ01-A01-R26-B1,2.5
SAAR Location,F2-PZ01-A01-R26-B2,2.5
SAAR Location,F2-PZ01-A01-R26-C1,2.5
SAAR Location,F2-PZ01-A01-R26-C2,2.5
SAAR Location,F2-PZ01-A01-R26-D1,2.5
SAAR Location,F2-PZ01-A01-R26-D2,2.5
SAAR Location,F2-PZ01-A01-R26-E1,2.5
SAAR Location,F2-PZ01-A01-R26-E2,2.5
SAAR Location,F2-PZ01-A01-R27-A1,2.5
SAAR Location,F2-PZ01-A01-R27-A2,2.5
SAAR Location,F2-PZ01-A01-R27-B1,2.5
SAAR Location,F2-PZ01-A01-R27-B2,2.5
SAAR Location,F2-PZ01-A01-R27-C1,2.5
SAAR Location,F2-PZ01-A01-R27-C2,2.5
SAAR Location,F2-PZ01-A01-R27-D1,2.5
SAAR Location,F2-PZ01-A01-R27-D2,2.5
SAAR Location,F2-PZ01-A01-R27-E1,2.5
SAAR Location,F2-PZ01-A01-R27-E2,2.5
SAAR Location,F2-PZ01-A01-R28-A1,2.5
SAAR Location,F2-PZ01-A01-R28-A2,2.5
SAAR Location,F2-PZ01-A01-R28-B1,2.5
SAAR Location,F2-PZ01-A01-R28-B2,2.5
SAAR Location,F2-PZ01-A01-R28-C1,2.5
SAAR Location,F2-PZ01-A01-R28-C2,2.5
SAAR Location,F2-PZ01-A01-R28-D1,2.5
SAAR Location,F2-PZ01-A01-R28-D2,2.5
SAAR Location,F2-PZ01-A01-R28-E1,2.5
SAAR Location,F2-PZ01-A01-R28-E2,2.5
SAAR Location,F2-PZ01-A01-R29-A1,2.5
SAAR Location,F2-PZ01-A01-R29-A2,2.5
SAAR Location,F2-PZ01-A01-R29-B1,2.5
SAAR Location,F2-PZ01-A01-R29-B2,2.5
SAAR Location,F2-PZ01-A01-R29-C1,2.5
SAAR Location,F2-PZ01-A01-R29-C2,2.5
SAAR Location,F2-PZ01-A01-R29-D1,2.5
SAAR Location,F2-PZ01-A01-R29-D2,2.5
SAAR Location,F2-PZ01-A01-R29-E1,2.5
SAAR Location,F2-PZ01-A01-R29-E2,2.5
SAAR Location,F2-PZ01-A01-R30-A1,2.5
SAAR Location,F2-PZ01-A01-R30-A2,2.5
SAAR Location,F2-PZ01-A01-R30-B1,2.5
SAAR Location,F2-PZ01-A01-R30-B2,2.5
SAAR Location,F2-PZ01-A01-R30-C1,2.5
SAAR Location,F2-PZ01-A01-R30-C2,2.5
SAAR Location,F2-PZ01-A01-R30-D1,2.5
SAAR Location,F2-PZ01-A01-R30-D2,2.5
SAAR Location,F2-PZ01-A01-R30-E1,2.5
SAAR Location,F2-PZ01-A01-R30-E2,2.5
SAAR Location,F2-PZ01-A01-R31-A1,2.5
SAAR Location,F2-PZ01-A01-R31-A2,2.5
SAAR Location,F2-PZ01-A01-R31-B1,2.5
SAAR Location,F2-PZ01-A01-R31-B2,2.5
SAAR Location,F2-PZ01-A01-R31-C1,2.5
SAAR Location,F2-PZ01-A01-R31-C2,2.5
SAAR Location,F2-PZ01-A01-R31-D1,2.5
SAAR Location,F2-PZ01-A01-R31-D2,2.5
SAAR Location,F2-PZ01-A01-R31-E1,2.5
SAAR Location,F2-PZ01-A01-R31-E2,2.5
SAAR Location,F2-PZ01-A01-R32-A1,2.5
SAAR Location,F2-PZ01-A01-R32-A2,2.5
SAAR Location,F2-PZ01-A01-R32-B1,2.5
SAAR Location,F2-PZ01-A01-R32-B2,2.5
SAAR Location,F2-PZ01-A01-R32-C1,2.5
SAAR Location,F2-PZ01-A01-R32-C2,2.5
SAAR Location,F2-PZ01-A01-R32-D1,2.5
SAAR Location,F2-PZ01-A01-R32-D2,2.5
SAAR Location,F2-PZ01-A01-R32-E1,2.5
SAAR Location,F2-PZ01-A01-R32-E2,2.5
SAAR Location,F2-PZ01-A01-R33-A1,2.5
SAAR Location,F2-PZ01-A01-R33-A2,2.5
SAAR Location,F2-PZ01-A01-R33-B1,2.5
SAAR Location,F2-PZ01-A01-R33-B2,2.5
SAAR Location,F2-PZ01-A01-R33-C1,2.5
SAAR Location,F2-PZ01-A01-R33-C2,2.5
SAAR Location,F2-PZ01-A01-R33-D1,2.5
SAAR Location,F2-PZ01-A01-R33-D2,2.5
SAAR Location,F2-PZ01-A01-R33-E1,2.5
SAAR Location,F2-PZ01-A01-R33-E2,2.5
SAAR Location,F2-PZ01-A01-R34-A1,2.5
SAAR Location,F2-PZ01-A01-R34-A2,2.5
SAAR Location,F2-PZ01-A01-R34-B1,2.5
SAAR Location,F2-PZ01-A01-R34-B2,2.5
SAAR Location,F2-PZ01-A01-R34-C1,2.5
SAAR Location,F2-PZ01-A01-R34-C2,2.5
SAAR Location,F2-PZ01-A01-R34-D1,2.5
SAAR Location,F2-PZ01-A01-R34-D2,2.5
SAAR Location,F2-PZ01-A01-R34-E1,2.5
SAAR Location,F2-PZ01-A01-R34-E2,2.5
SAAR Location,F2-PZ01-A01-R35-A1,2.5
SAAR Location,F2-PZ01-A01-R35-A2,2.5
SAAR Location,F2-PZ01-A01-R35-B1,2.5
SAAR Location,F2-PZ01-A01-R35-B2,2.5
SAAR Location,F2-PZ01-A01-R35-C1,2.5
SAAR Location,F2-PZ01-A01-R35-C2,2.5
SAAR Location,F2-PZ01-A01-R35-D1,2.5
SAAR Location,F2-PZ01-A01-R35-D2,2.5
SAAR Location,F2-PZ01-A01-R35-E1,2.5
SAAR Location,F2-PZ01-A01-R35-E2,2.5
SAAR Location,F2-PZ01-A01-R36-A1,2.5
SAAR Location,F2-PZ01-A01-R36-A2,2.5
SAAR Location,F2-PZ01-A01-R36-B1,2.5
SAAR Location,F2-PZ01-A01-R36-B2,2.5
SAAR Location,F2-PZ01-A01-R36-C1,2.5
SAAR Location,F2-PZ01-A01-R36-C2,2.5
SAAR Location,F2-PZ01-A01-R36-D1,2.5
SAAR Location,F2-PZ01-A01-R36-D2,2.5
SAAR Location,F2-PZ01-A01-R36-E1,2.5
SAAR Location,F2-PZ01-A01-R36-E2,2.5
SAAR Location,F2-PZ01-A01-R37-A1,2.5
SAAR Location,F2-PZ01-A01-R37-A2,2.5
SAAR Location,F2-PZ01-A01-R37-B1,2.5
SAAR Location,F2-PZ01-A01-R37-B2,2.5
SAAR Location,F2-PZ01-A01-R37-C1,2.5
SAAR Location,F2-PZ01-A01-R37-C2,2.5
SAAR Location,F2-PZ01-A01-R37-D1,2.5
SAAR Location,F2-PZ01-A01-R37-D2,2.5
SAAR Location,F2-PZ01-A01-R37-E1,2.5
SAAR Location,F2-PZ01-A01-R37-E2,2.5
SAAR Location,F2-PZ01-A01-R38-A1,2.5
SAAR Location,F2-PZ01-A01-R38-A2,2.5
SAAR Location,F2-PZ01-A01-R38-B1,2.5
SAAR Location,F2-PZ01-A01-R38-B2,2.5
SAAR Location,F2-PZ01-A01-R38-C1,2.5
SAAR Location,F2-PZ01-A01-R38-C2,2.5
SAAR Location,F2-PZ01-A01-R38-D1,2.5
SAAR Location,F2-PZ01-A01-R38-D2,2.5
SAAR Location,F2-PZ01-A01-R38-E1,2.5
SAAR Location,F2-PZ01-A01-R38-E2,2.5
SAAR Location,F2-PZ01-A01-R39-A1,2.5
SAAR Location,F2-PZ01-A01-R39-A2,2.5
SAAR Location,F2-PZ01-A01-R39-B1,2.5
SAAR Location,F2-PZ01-A01-R39-B2,2.5
SAAR Location,F2-PZ01-A01-R39-C1,2.5
SAAR Location,F2-PZ01-A01-R39-C2,2.5
SAAR Location,F2-PZ01-A01-R39-D1,2.5
SAAR Location,F2-PZ01-A01-R39-D2,2.5
SAAR Location,F2-PZ01-A01-R39-E1,2.5
SAAR Location,F2-PZ01-A01-R39-E2,2.5
SAAR Location,F2-PZ01-A01-R40-A1,2.5
SAAR Location,F2-PZ01-A01-R40-A2,2.5
SAAR Location,F2-PZ01-A01-R40-B1,2.5
SAAR Location,F2-PZ01-A01-R40-B2,2.5
SAAR Location,F2-PZ01-A01-R40-C1,2.5
SAAR Location,F2-PZ01-A01-R40-C2,2.5
SAAR Location,F2-PZ01-A01-R40-D1,2.5
SAAR Location,F2-PZ01-A01-R40-D2,2.5
SAAR Location,F2-PZ01-A01-R40-E1,2.5
SAAR Location,F2-PZ01-A01-R40-E2,2.5
SAAR Location,F2-PZ01-A01-R41-A1,2.5
SAAR Location,F2-PZ01-A01-R41-A2,2.5
SAAR Location,F2-PZ01-A01-R41-B1,2.5
SAAR Location,F2-PZ01-A01-R41-B2,2.5
SAAR Location,F2-PZ01-A01-R41-C1,2.5
SAAR Location,F2-PZ01-A01-R41-C2,2.5
SAAR Location,F2-PZ01-A01-R41-D1,2.5
SAAR Location,F2-PZ01-A01-R41-D2,2.5
SAAR Location,F2-PZ01-A01-R41-E1,2.5
SAAR Location,F2-PZ01-A01-R41-E2,2.5
SAAR Location,F2-PZ01-A01-R42-A1,2.5
SAAR Location,F2-PZ01-A01-R42-A2,2.5
SAAR Location,F2-PZ01-A01-R42-B1,2.5
SAAR Location,F2-PZ01-A01-R42-B2,2.5
SAAR Location,F2-PZ01-A01-R42-C1,2.5
SAAR Location,F2-PZ01-A01-R42-C2,2.5
SAAR Location,F2-PZ01-A01-R42-D1,2.5
SAAR Location,F2-PZ01-A01-R42-D2,2.5
SAAR Location,F2-PZ01-A01-R42-E1,2.5
SAAR Location,F2-PZ01-A01-R42-E2,2.5
SAAR Location,F2-PZ01-A01-R43-A1,2.5
SAAR Location,F2-PZ01-A01-R43-A2,2.5
SAAR Location,F2-PZ01-A01-R43-B1,2.5
SAAR Location,F2-PZ01-A01-R43-B2,2.5
SAAR Location,F2-PZ01-A01-R43-C1,2.5
SAAR Location,F2-PZ01-A01-R43-C2,2.5
SAAR Location,F2-PZ01-A01-R43-D1,2.5
SAAR Location,F2-PZ01-A01-R43-D2,2.5
SAAR Location,F2-PZ01-A01-R43-E1,2.5
SAAR Location,F2-PZ01-A01-R43-E2,2.5
SAAR Location,F2-PZ01-A01-R44-A1,2.5
SAAR Location,F2-PZ01-A01-R44-A2,2.5
SAAR Location,F2-PZ01-A01-R44-B1,2.5
SAAR Location,F2-PZ01-A01-R44-B2,2.5
SAAR Location,F2-PZ01-A01-R44-C1,2.5
SAAR Location,F2-PZ01-A01-R44-C2,2.5
SAAR Location,F2-PZ01-A01-R44-D1,2.5
SAAR Location,F2-PZ01-A01-R44-D2,2.5
SAAR Location,F2-PZ01-A01-R44-E1,2.5
SAAR Location,F2-PZ01-A01-R44-E2,2.5
SAAR Location,F2-PZ01-A01-R45-A1,2.5
SAAR Location,F2-PZ01-A01-R45-A2,2.5
SAAR Location,F2-PZ01-A01-R45-B1,2.5
SAAR Location,F2-PZ01-A01-R45-B2,2.5
SAAR Location,F2-PZ01-A01-R45-C1,2.5
SAAR Location,F2-PZ01-A01-R45-C2,2.5
SAAR Location,F2-PZ01-A01-R45-D1,2.5
SAAR Location,F2-PZ01-A01-R45-D2,2.5
SAAR Location,F2-PZ01-A01-R45-E1,2.5
SAAR Location,F2-PZ01-A01-R45-E2,2.5
SAAR Location,F2-PZ01-A01-R46-A1,2.5
SAAR Location,F2-PZ01-A01-R46-A2,2.5
SAAR Location,F2-PZ01-A01-R46-B1,2.5
SAAR Location,F2-PZ01-A01-R46-B2,2.5
SAAR Location,F2-PZ01-A01-R46-C1,2.5
SAAR Location,F2-PZ01-A01-R46-C2,2.5
SAAR Location,F2-PZ01-A01-R46-D1,2.5
SAAR Location,F2-PZ01-A01-R46-D2,2.5
SAAR Location,F2-PZ01-A01-R46-E1,2.5
SAAR Location,F2-PZ01-A01-R46-E2,2.5
SAAR Location,F2-PZ01-A01-R47-A1,2.5
SAAR Location,F2-PZ01-A01-R47-A2,2.5
SAAR Location,F2-PZ01-A01-R47-B1,2.5
SAAR Location,F2-PZ01-A01-R47-B2,2.5
SAAR Location,F2-PZ01-A01-R47-C1,2.5
SAAR Location,F2-PZ01-A01-R47-C2,2.5
SAAR Location,F2-PZ01-A01-R47-D1,2.5
SAAR Location,F2-PZ01-A01-R47-D2,2.5
SAAR Location,F2-PZ01-A01-R47-E1,2.5
SAAR Location,F2-PZ01-A01-R47-E2,2.5
SAAR Location,F2-PZ01-A01-R48-A1,2.5
SAAR Location,F2-PZ01-A01-R48-A2,2.5
SAAR Location,F2-PZ01-A01-R48-B1,2.5
SAAR Location,F2-PZ01-A01-R48-B2,2.5
SAAR Location,F2-PZ01-A01-R48-C1,2.5
SAAR Location,F2-PZ01-A01-R48-C2,2.5
SAAR Location,F2-PZ01-A01-R48-D1,2.5
SAAR Location,F2-PZ01-A01-R48-D2,2.5
SAAR Location,F2-PZ01-A01-R48-E1,2.5
SAAR Location,F2-PZ01-A01-R48-E2,2.5
SAAR Location,F2-PZ01-A01-R49-A1,2.5
SAAR Location,F2-PZ01-A01-R49-A2,2.5
SAAR Location,F2-PZ01-A01-R49-B1,2.5
SAAR Location,F2-PZ01-A01-R49-B2,2.5
SAAR Location,F2-PZ01-A01-R49-C1,2.5
SAAR Location,F2-PZ01-A01-R49-C2,2.5
SAAR Location,F2-PZ01-A01-R49-D1,2.5
SAAR Location,F2-PZ01-A01-R49-D2,2.5
SAAR Location,F2-PZ01-A01-R49-E1,2.5
SAAR Location,F2-PZ01-A01-R49-E2,2.5
SAAR Location,F2-PZ01-A01-R50-A1,2.5
SAAR Location,F2-PZ01-A01-R50-A2,2.5
SAAR Location,F2-PZ01-A01-R50-B1,2.5
SAAR Location,F2-PZ01-A01-R50-B2,2.5
SAAR Location,F2-PZ01-A01-R50-C1,2.5
SAAR Location,F2-PZ01-A01-R50-C2,2.5
SAAR Location,F2-PZ01-A01-R50-D1,2.5
SAAR Location,F2-PZ01-A01-R50-D2,2.5
SAAR Location,F2-PZ01-A01-R50-E1,2.5
SAAR Location,F2-PZ01-A01-R50-E2,2.5
SAAR Location,F2-PZ01-A01-R51-A1,2.5
SAAR Location,F2-PZ01-A01-R51-A2,2.5
SAAR Location,F2-PZ01-A01-R51-B1,2.5
SAAR Location,F2-PZ01-A01-R51-B2,2.5
SAAR Location,F2-PZ01-A01-R51-C1,2.5
SAAR Location,F2-PZ01-A01-R51-C2,2.5
SAAR Location,F2-PZ01-A01-R51-D1,2.5
SAAR Location,F2-PZ01-A01-R51-D2,2.5
SAAR Location,F2-PZ01-A01-R51-E1,2.5
SAAR Location,F2-PZ01-A01-R51-E2,2.5
SAAR Location,F2-PZ01-A01-R52-A1,2.5
SAAR Location,F2-PZ01-A01-R52-A2,2.5
SAAR Location,F2-PZ01-A01-R52-B1,2.5
SAAR Location,F2-PZ01-A01-R52-B2,2.5
SAAR Location,F2-PZ01-A01-R52-C1,2.5
SAAR Location,F2-PZ01-A01-R52-C2,2.5
SAAR Location,F2-PZ01-A01-R52-D1,2.5
SAAR Location,F2-PZ01-A01-R52-D2,2.5
SAAR Location,F2-PZ01-A01-R52-E1,2.5
SAAR Location,F2-PZ01-A01-R52-E2,2.5
SAAR Location,F2-PZ02-A01-R01-A1,2.5
SAAR Location,F2-PZ02-A01-R01-A2,2.5
SAAR Location,F2-PZ02-A01-R01-B1,2.5
SAAR Location,F2-PZ02-A01-R01-B2,2.5
SAAR Location,F2-PZ02-A01-R01-C1,2.5
SAAR Location,F2-PZ02-A01-R01-C2,2.5
SAAR Location,F2-PZ02-A01-R01-D1,2.5
SAAR Location,F2-PZ02-A01-R01-D2,2.5
SAAR Location,F2-PZ02-A01-R01-E1,2.5
SAAR Location,F2-PZ02-A01-R01-E2,2.5
SAAR Location,F2-PZ02-A01-R02-A1,2.5
SAAR Location,F2-PZ02-A01-R02-A2,2.5
SAAR Location,F2-PZ02-A01-R02-B1,2.5
SAAR Location,F2-PZ02-A01-R02-B2,2.5
SAAR Location,F2-PZ02-A01-R02-C1,2.5
SAAR Location,F2-PZ02-A01-R02-C2,2.5
SAAR Location,F2-PZ02-A01-R02-D1,2.5
SAAR Location,F2-PZ02-A01-R02-D2,2.5
SAAR Location,F2-PZ02-A01-R02-E1,2.5
SAAR Location,F2-PZ02-A01-R02-E2,2.5
SAAR Location,F2-PZ02-A01-R03-A1,2.5
SAAR Location,F2-PZ02-A01-R03-A2,2.5
SAAR Location,F2-PZ02-A01-R03-B1,2.5
SAAR Location,F2-PZ02-A01-R03-B2,2.5
SAAR Location,F2-PZ02-A01-R03-C1,2.5
SAAR Location,F2-PZ02-A01-R03-C2,2.5
SAAR Location,F2-PZ02-A01-R03-D1,2.5
SAAR Location,F2-PZ02-A01-R03-D2,2.5
SAAR Location,F2-PZ02-A01-R03-E1,2.5
SAAR Location,F2-PZ02-A01-R03-E2,2.5
SAAR Location,F2-PZ02-A01-R04-A1,2.5
SAAR Location,F2-PZ02-A01-R04-A2,2.5
SAAR Location,F2-PZ02-A01-R04-B1,2.5
SAAR Location,F2-PZ02-A01-R04-B2,2.5
SAAR Location,F2-PZ02-A01-R04-C1,2.5
SAAR Location,F2-PZ02-A01-R04-C2,2.5
SAAR Location,F2-PZ02-A01-R04-D1,2.5
SAAR Location,F2-PZ02-A01-R04-D2,2.5
SAAR Location,F2-PZ02-A01-R04-E1,2.5
SAAR Location,F2-PZ02-A01-R04-E2,2.5
SAAR Location,F2-PZ02-A01-R05-A1,2.5
SAAR Location,F2-PZ02-A01-R05-A2,2.5
SAAR Location,F2-PZ02-A01-R05-B1,2.5
SAAR Location,F2-PZ02-A01-R05-B2,2.5
SAAR Location,F2-PZ02-A01-R05-C1,2.5
SAAR Location,F2-PZ02-A01-R05-C2,2.5
SAAR Location,F2-PZ02-A01-R05-D1,2.5
SAAR Location,F2-PZ02-A01-R05-D2,2.5
SAAR Location,F2-PZ02-A01-R05-E1,2.5
SAAR Location,F2-PZ02-A01-R05-E2,2.5
SAAR Location,F2-PZ02-A01-R06-A1,2.5
SAAR Location,F2-PZ02-A01-R06-A2,2.5
SAAR Location,F2-PZ02-A01-R06-B1,2.5
SAAR Location,F2-PZ02-A01-R06-B2,2.5
SAAR Location,F2-PZ02-A01-R06-C1,2.5
SAAR Location,F2-PZ02-A01-R06-C2,2.5
SAAR Location,F2-PZ02-A01-R06-D1,2.5
SAAR Location,F2-PZ02-A01-R06-D2,2.5
SAAR Location,F2-PZ02-A01-R06-E1,2.5
SAAR Location,F2-PZ02-A01-R06-E2,2.5
SAAR Location,F2-PZ02-A01-R07-A1,2.5
SAAR Location,F2-PZ02-A01-R07-A2,2.5
SAAR Location,F2-PZ02-A01-R07-B1,2.5
SAAR Location,F2-PZ02-A01-R07-B2,2.5
SAAR Location,F2-PZ02-A01-R07-C1,2.5
SAAR Location,F2-PZ02-A01-R07-C2,2.5
SAAR Location,F2-PZ02-A01-R07-D1,2.5
SAAR Location,F2-PZ02-A01-R07-D2,2.5
SAAR Location,F2-PZ02-A01-R07-E1,2.5
SAAR Location,F2-PZ02-A01-R07-E2,2.5
SAAR Location,F2-PZ02-A01-R08-A1,2.5
SAAR Location,F2-PZ02-A01-R08-A2,2.5
SAAR Location,F2-PZ02-A01-R08-B1,2.5
SAAR Location,F2-PZ02-A01-R08-B2,2.5
SAAR Location,F2-PZ02-A01-R08-C1,2.5
SAAR Location,F2-PZ02-A01-R08-C2,2.5
SAAR Location,F2-PZ02-A01-R08-D1,2.5
SAAR Location,F2-PZ02-A01-R08-D2,2.5
SAAR Location,F2-PZ02-A01-R08-E1,2.5
SAAR Location,F2-PZ02-A01-R08-E2,2.5
SAAR Location,F2-PZ02-A01-R09-A1,2.5
SAAR Location,F2-PZ02-A01-R09-A2,2.5
SAAR Location,F2-PZ02-A01-R09-B1,2.5
SAAR Location,F2-PZ02-A01-R09-B2,2.5
SAAR Location,F2-PZ02-A01-R09-C1,2.5
SAAR Location,F2-PZ02-A01-R09-C2,2.5
SAAR Location,F2-PZ02-A01-R09-D1,2.5
SAAR Location,F2-PZ02-A01-R09-D2,2.5
SAAR Location,F2-PZ02-A01-R09-E1,2.5
SAAR Location,F2-PZ02-A01-R09-E2,2.5
SAAR Location,F2-PZ02-A01-R10-A1,2.5
SAAR Location,F2-PZ02-A01-R10-A2,2.5
SAAR Location,F2-PZ02-A01-R10-B1,2.5
SAAR Location,F2-PZ02-A01-R10-B2,2.5
SAAR Location,F2-PZ02-A01-R10-C1,2.5
SAAR Location,F2-PZ02-A01-R10-C2,2.5
SAAR Location,F2-PZ02-A01-R10-D1,2.5
SAAR Location,F2-PZ02-A01-R10-D2,2.5
SAAR Location,F2-PZ02-A01-R10-E1,2.5
SAAR Location,F2-PZ02-A01-R10-E2,2.5
SAAR Location,F2-PZ02-A01-R11-A1,2.5
SAAR Location,F2-PZ02-A01-R11-A2,2.5
SAAR Location,F2-PZ02-A01-R11-B1,2.5
SAAR Location,F2-PZ02-A01-R11-B2,2.5
SAAR Location,F2-PZ02-A01-R11-C1,2.5
SAAR Location,F2-PZ02-A01-R11-C2,2.5
SAAR Location,F2-PZ02-A01-R11-D1,2.5
SAAR Location,F2-PZ02-A01-R11-D2,2.5
SAAR Location,F2-PZ02-A01-R11-E1,2.5
SAAR Location,F2-PZ02-A01-R11-E2,2.5
SAAR Location,F2-PZ02-A01-R12-A1,2.5
SAAR Location,F2-PZ02-A01-R12-A2,2.5
SAAR Location,F2-PZ02-A01-R12-B1,2.5
SAAR Location,F2-PZ02-A01-R12-B2,2.5
SAAR Location,F2-PZ02-A01-R12-C1,2.5
SAAR Location,F2-PZ02-A01-R12-C2,2.5
SAAR Location,F2-PZ02-A01-R12-D1,2.5
SAAR Location,F2-PZ02-A01-R12-D2,2.5
SAAR Location,F2-PZ02-A01-R12-E1,2.5
SAAR Location,F2-PZ02-A01-R12-E2,2.5
SAAR Location,F2-PZ02-A01-R13-A1,2.5
SAAR Location,F2-PZ02-A01-R13-A2,2.5
SAAR Location,F2-PZ02-A01-R13-B1,2.5
SAAR Location,F2-PZ02-A01-R13-B2,2.5
SAAR Location,F2-PZ02-A01-R13-C1,2.5
SAAR Location,F2-PZ02-A01-R13-C2,2.5
SAAR Location,F2-PZ02-A01-R13-D1,2.5
SAAR Location,F2-PZ02-A01-R13-D2,2.5
SAAR Location,F2-PZ02-A01-R13-E1,2.5
SAAR Location,F2-PZ02-A01-R13-E2,2.5
SAAR Location,F2-PZ02-A01-R14-A1,2.5
SAAR Location,F2-PZ02-A01-R14-A2,2.5
SAAR Location,F2-PZ02-A01-R14-B1,2.5
SAAR Location,F2-PZ02-A01-R14-B2,2.5
SAAR Location,F2-PZ02-A01-R14-C1,2.5
SAAR Location,F2-PZ02-A01-R14-C2,2.5
SAAR Location,F2-PZ02-A01-R14-D1,2.5
SAAR Location,F2-PZ02-A01-R14-D2,2.5
SAAR Location,F2-PZ02-A01-R14-E1,2.5
SAAR Location,F2-PZ02-A01-R14-E2,2.5
SAAR Location,F2-PZ02-A01-R15-A1,2.5
SAAR Location,F2-PZ02-A01-R15-A2,2.5
SAAR Location,F2-PZ02-A01-R15-B1,2.5
SAAR Location,F2-PZ02-A01-R15-B2,2.5
SAAR Location,F2-PZ02-A01-R15-C1,2.5
SAAR Location,F2-PZ02-A01-R15-C2,2.5
SAAR Location,F2-PZ02-A01-R15-D1,2.5
SAAR Location,F2-PZ02-A01-R15-D2,2.5
SAAR Location,F2-PZ02-A01-R15-E1,2.5
SAAR Location,F2-PZ02-A01-R15-E2,2.5
SAAR Location,F2-PZ02-A01-R16-A1,2.5
SAAR Location,F2-PZ02-A01-R16-A2,2.5
SAAR Location,F2-PZ02-A01-R16-B1,2.5
SAAR Location,F2-PZ02-A01-R16-B2,2.5
SAAR Location,F2-PZ02-A01-R16-C1,2.5
SAAR Location,F2-PZ02-A01-R16-C2,2.5
SAAR Location,F2-PZ02-A01-R16-D1,2.5
SAAR Location,F2-PZ02-A01-R16-D2,2.5
SAAR Location,F2-PZ02-A01-R16-E1,2.5
SAAR Location,F2-PZ02-A01-R16-E2,2.5
SAAR Location,F2-PZ02-A01-R17-A1,2.5
SAAR Location,F2-PZ02-A01-R17-A2,2.5
SAAR Location,F2-PZ02-A01-R17-B1,2.5
SAAR Location,F2-PZ02-A01-R17-B2,2.5
SAAR Location,F2-PZ02-A01-R17-C1,2.5
SAAR Location,F2-PZ02-A01-R17-C2,2.5
SAAR Location,F2-PZ02-A01-R17-D1,2.5
SAAR Location,F2-PZ02-A01-R17-D2,2.5
SAAR Location,F2-PZ02-A01-R17-E1,2.5
SAAR Location,F2-PZ02-A01-R17-E2,2.5
SAAR Location,F2-PZ02-A01-R18-A1,2.5
SAAR Location,F2-PZ02-A01-R18-A2,2.5
SAAR Location,F2-PZ02-A01-R18-B1,2.5
SAAR Location,F2-PZ02-A01-R18-B2,2.5
SAAR Location,F2-PZ02-A01-R18-C1,2.5
SAAR Location,F2-PZ02-A01-R18-C2,2.5
SAAR Location,F2-PZ02-A01-R18-D1,2.5
SAAR Location,F2-PZ02-A01-R18-D2,2.5
SAAR Location,F2-PZ02-A01-R18-E1,2.5
SAAR Location,F2-PZ02-A01-R18-E2,2.5
SAAR Location,F2-PZ02-A01-R19-A1,2.5
SAAR Location,F2-PZ02-A01-R19-A2,2.5
SAAR Location,F2-PZ02-A01-R19-B1,2.5
SAAR Location,F2-PZ02-A01-R19-B2,2.5
SAAR Location,F2-PZ02-A01-R19-C1,2.5
SAAR Location,F2-PZ02-A01-R19-C2,2.5
SAAR Location,F2-PZ02-A01-R19-D1,2.5
SAAR Location,F2-PZ02-A01-R19-D2,2.5
SAAR Location,F2-PZ02-A01-R19-E1,2.5
SAAR Location,F2-PZ02-A01-R19-E2,2.5
SAAR Location,F2-PZ02-A01-R20-A1,2.5
SAAR Location,F2-PZ02-A01-R20-A2,2.5
SAAR Location,F2-PZ02-A01-R20-B1,2.5
SAAR Location,F2-PZ02-A01-R20-B2,2.5
SAAR Location,F2-PZ02-A01-R20-C1,2.5
SAAR Location,F2-PZ02-A01-R20-C2,2.5
SAAR Location,F2-PZ02-A01-R20-D1,2.5
SAAR Location,F2-PZ02-A01-R20-D2,2.5
SAAR Location,F2-PZ02-A01-R20-E1,2.5
SAAR Location,F2-PZ02-A01-R20-E2,2.5
SAAR Location,F2-PZ02-A01-R21-A1,2.5
SAAR Location,F2-PZ02-A01-R21-A2,2.5
SAAR Location,F2-PZ02-A01-R21-B1,2.5
SAAR Location,F2-PZ02-A01-R21-B2,2.5
SAAR Location,F2-PZ02-A01-R21-C1,2.5
SAAR Location,F2-PZ02-A01-R21-C2,2.5
SAAR Location,F2-PZ02-A01-R21-D1,2.5
SAAR Location,F2-PZ02-A01-R21-D2,2.5
SAAR Location,F2-PZ02-A01-R21-E1,2.5
SAAR Location,F2-PZ02-A01-R21-E2,2.5
SAAR Location,F2-PZ02-A01-R22-A1,2.5
SAAR Location,F2-PZ02-A01-R22-A2,2.5
SAAR Location,F2-PZ02-A01-R22-B1,2.5
SAAR Location,F2-PZ02-A01-R22-B2,2.5
SAAR Location,F2-PZ02-A01-R22-C1,2.5
SAAR Location,F2-PZ02-A01-R22-C2,2.5
SAAR Location,F2-PZ02-A01-R22-D1,2.5
SAAR Location,F2-PZ02-A01-R22-D2,2.5
SAAR Location,F2-PZ02-A01-R22-E1,2.5
SAAR Location,F2-PZ02-A01-R22-E2,2.5
SAAR Location,F2-PZ02-A01-R23-A1,2.5
SAAR Location,F2-PZ02-A01-R23-A2,2.5
SAAR Location,F2-PZ02-A01-R23-B1,2.5
SAAR Location,F2-PZ02-A01-R23-B2,2.5
SAAR Location,F2-PZ02-A01-R23-C1,2.5
SAAR Location,F2-PZ02-A01-R23-C2,2.5
SAAR Location,F2-PZ02-A01-R23-D1,2.5
SAAR Location,F2-PZ02-A01-R23-D2,2.5
SAAR Location,F2-PZ02-A01-R23-E1,2.5
SAAR Location,F2-PZ02-A01-R23-E2,2.5
SAAR Location,F2-PZ02-A01-R24-A1,2.5
SAAR Location,F2-PZ02-A01-R24-A2,2.5
SAAR Location,F2-PZ02-A01-R24-B1,2.5
SAAR Location,F2-PZ02-A01-R24-B2,2.5
SAAR Location,F2-PZ02-A01-R24-C1,2.5
SAAR Location,F2-PZ02-A01-R24-C2,2.5
SAAR Location,F2-PZ02-A01-R24-D1,2.5
SAAR Location,F2-PZ02-A01-R24-D2,2.5
SAAR Location,F2-PZ02-A01-R24-E1,2.5
SAAR Location,F2-PZ02-A01-R24-E2,2.5
SAAR Location,F2-PZ02-A01-R25-A1,2.5
SAAR Location,F2-PZ02-A01-R25-A2,2.5
SAAR Location,F2-PZ02-A01-R25-B1,2.5
SAAR Location,F2-PZ02-A01-R25-B2,2.5
SAAR Location,F2-PZ02-A01-R25-C1,2.5
SAAR Location,F2-PZ02-A01-R25-C2,2.5
SAAR Location,F2-PZ02-A01-R25-D1,2.5
SAAR Location,F2-PZ02-A01-R25-D2,2.5
SAAR Location,F2-PZ02-A01-R25-E1,2.5
SAAR Location,F2-PZ02-A01-R25-E2,2.5
SAAR Location,F2-PZ02-A01-R26-A1,2.5
SAAR Location,F2-PZ02-A01-R26-A2,2.5
SAAR Location,F2-PZ02-A01-R26-B1,2.5
SAAR Location,F2-PZ02-A01-R26-B2,2.5
SAAR Location,F2-PZ02-A01-R26-C1,2.5
SAAR Location,F2-PZ02-A01-R26-C2,2.5
SAAR Location,F2-PZ02-A01-R26-D1,2.5
SAAR Location,F2-PZ02-A01-R26-D2,2.5
SAAR Location,F2-PZ02-A01-R26-E1,2.5
SAAR Location,F2-PZ02-A01-R26-E2,2.5
SAAR Location,F2-PZ02-A01-R27-A1,2.5
SAAR Location,F2-PZ02-A01-R27-A2,2.5
SAAR Location,F2-PZ02-A01-R27-B1,2.5
SAAR Location,F2-PZ02-A01-R27-B2,2.5
SAAR Location,F2-PZ02-A01-R27-C1,2.5
SAAR Location,F2-PZ02-A01-R27-C2,2.5
SAAR Location,F2-PZ02-A01-R27-D1,2.5
SAAR Location,F2-PZ02-A01-R27-D2,2.5
SAAR Location,F2-PZ02-A01-R27-E1,2.5
SAAR Location,F2-PZ02-A01-R27-E2,2.5
SAAR Location,F2-PZ02-A01-R28-A1,2.5
SAAR Location,F2-PZ02-A01-R28-A2,2.5
SAAR Location,F2-PZ02-A01-R28-B1,2.5
SAAR Location,F2-PZ02-A01-R28-B2,2.5
SAAR Location,F2-PZ02-A01-R28-C1,2.5
SAAR Location,F2-PZ02-A01-R28-C2,2.5
SAAR Location,F2-PZ02-A01-R28-D1,2.5
SAAR Location,F2-PZ02-A01-R28-D2,2.5
SAAR Location,F2-PZ02-A01-R28-E1,2.5
SAAR Location,F2-PZ02-A01-R28-E2,2.5
SAAR Location,F2-PZ02-A01-R29-A1,2.5
SAAR Location,F2-PZ02-A01-R29-A2,2.5
SAAR Location,F2-PZ02-A01-R29-B1,2.5
SAAR Location,F2-PZ02-A01-R29-B2,2.5
SAAR Location,F2-PZ02-A01-R29-C1,2.5
SAAR Location,F2-PZ02-A01-R29-C2,2.5
SAAR Location,F2-PZ02-A01-R29-D1,2.5
SAAR Location,F2-PZ02-A01-R29-D2,2.5
SAAR Location,F2-PZ02-A01-R29-E1,2.5
SAAR Location,F2-PZ02-A01-R29-E2,2.5
SAAR Location,F2-PZ02-A01-R30-A1,2.5
SAAR Location,F2-PZ02-A01-R30-A2,2.5
SAAR Location,F2-PZ02-A01-R30-B1,2.5
SAAR Location,F2-PZ02-A01-R30-B2,2.5
SAAR Location,F2-PZ02-A01-R30-C1,2.5
SAAR Location,F2-PZ02-A01-R30-C2,2.5
SAAR Location,F2-PZ02-A01-R30-D1,2.5
SAAR Location,F2-PZ02-A01-R30-D2,2.5
SAAR Location,F2-PZ02-A01-R30-E1,2.5
SAAR Location,F2-PZ02-A01-R30-E2,2.5
SAAR Location,F2-PZ02-A01-R31-A1,2.5
SAAR Location,F2-PZ02-A01-R31-A2,2.5
SAAR Location,F2-PZ02-A01-R31-B1,2.5
SAAR Location,F2-PZ02-A01-R31-B2,2.5
SAAR Location,F2-PZ02-A01-R31-C1,2.5
SAAR Location,F2-PZ02-A01-R31-C2,2.5
SAAR Location,F2-PZ02-A01-R31-D1,2.5
SAAR Location,F2-PZ02-A01-R31-D2,2.5
SAAR Location,F2-PZ02-A01-R31-E1,2.5
SAAR Location,F2-PZ02-A01-R31-E2,2.5
SAAR Location,F2-PZ02-A01-R32-A1,2.5
SAAR Location,F2-PZ02-A01-R32-A2,2.5
SAAR Location,F2-PZ02-A01-R32-B1,2.5
SAAR Location,F2-PZ02-A01-R32-B2,2.5
SAAR Location,F2-PZ02-A01-R32-C1,2.5
SAAR Location,F2-PZ02-A01-R32-C2,2.5
SAAR Location,F2-PZ02-A01-R32-D1,2.5
SAAR Location,F2-PZ02-A01-R32-D2,2.5
SAAR Location,F2-PZ02-A01-R32-E1,2.5
SAAR Location,F2-PZ02-A01-R32-E2,2.5
SAAR Location,F2-PZ02-A01-R33-A1,2.5
SAAR Location,F2-PZ02-A01-R33-A2,2.5
SAAR Location,F2-PZ02-A01-R33-B1,2.5
SAAR Location,F2-PZ02-A01-R33-B2,2.5
SAAR Location,F2-PZ02-A01-R33-C1,2.5
SAAR Location,F2-PZ02-A01-R33-C2,2.5
SAAR Location,F2-PZ02-A01-R33-D1,2.5
SAAR Location,F2-PZ02-A01-R33-D2,2.5
SAAR Location,F2-PZ02-A01-R33-E1,2.5
SAAR Location,F2-PZ02-A01-R33-E2,2.5
SAAR Location,F2-PZ02-A01-R34-A1,2.5
SAAR Location,F2-PZ02-A01-R34-A2,2.5
SAAR Location,F2-PZ02-A01-R34-B1,2.5
SAAR Location,F2-PZ02-A01-R34-B2,2.5
SAAR Location,F2-PZ02-A01-R34-C1,2.5
SAAR Location,F2-PZ02-A01-R34-C2,2.5
SAAR Location,F2-PZ02-A01-R34-D1,2.5
SAAR Location,F2-PZ02-A01-R34-D2,2.5
SAAR Location,F2-PZ02-A01-R34-E1,2.5
SAAR Location,F2-PZ02-A01-R34-E2,2.5
SAAR Location,F2-PZ02-A02-R01-A1,2.5
SAAR Location,F2-PZ02-A02-R01-A2,2.5
SAAR Location,F2-PZ02-A02-R01-B1,2.5
SAAR Location,F2-PZ02-A02-R01-B2,2.5
SAAR Location,F2-PZ02-A02-R01-C1,2.5
SAAR Location,F2-PZ02-A02-R01-C2,2.5
SAAR Location,F2-PZ02-A02-R01-D1,2.5
SAAR Location,F2-PZ02-A02-R01-D2,2.5
SAAR Location,F2-PZ02-A02-R01-E1,2.5
SAAR Location,F2-PZ02-A02-R01-E2,2.5
SAAR Location,F2-PZ02-A02-R02-A1,2.5
SAAR Location,F2-PZ02-A02-R02-A2,2.5
SAAR Location,F2-PZ02-A02-R02-B1,2.5
SAAR Location,F2-PZ02-A02-R02-B2,2.5
SAAR Location,F2-PZ02-A02-R02-C1,2.5
SAAR Location,F2-PZ02-A02-R02-C2,2.5
SAAR Location,F2-PZ02-A02-R02-D1,2.5
SAAR Location,F2-PZ02-A02-R02-D2,2.5
SAAR Location,F2-PZ02-A02-R02-E1,2.5
SAAR Location,F2-PZ02-A02-R02-E2,2.5
SAAR Location,F2-PZ02-A02-R03-A1,2.5
SAAR Location,F2-PZ02-A02-R03-A2,2.5
SAAR Location,F2-PZ02-A02-R03-B1,2.5
SAAR Location,F2-PZ02-A02-R03-B2,2.5
SAAR Location,F2-PZ02-A02-R03-C1,2.5
SAAR Location,F2-PZ02-A02-R03-C2,2.5
SAAR Location,F2-PZ02-A02-R03-D1,2.5
SAAR Location,F2-PZ02-A02-R03-D2,2.5
SAAR Location,F2-PZ02-A02-R03-E1,2.5
SAAR Location,F2-PZ02-A02-R03-E2,2.5
SAAR Location,F2-PZ02-A02-R04-A1,2.5
SAAR Location,F2-PZ02-A02-R04-A2,2.5
SAAR Location,F2-PZ02-A02-R04-B1,2.5
SAAR Location,F2-PZ02-A02-R04-B2,2.5
SAAR Location,F2-PZ02-A02-R04-C1,2.5
SAAR Location,F2-PZ02-A02-R04-C2,2.5
SAAR Location,F2-PZ02-A02-R04-D1,2.5
SAAR Location,F2-PZ02-A02-R04-D2,2.5
SAAR Location,F2-PZ02-A02-R04-E1,2.5
SAAR Location,F2-PZ02-A02-R04-E2,2.5
SAAR Location,F2-PZ02-A02-R05-A1,2.5
SAAR Location,F2-PZ02-A02-R05-A2,2.5
SAAR Location,F2-PZ02-A02-R05-B1,2.5
SAAR Location,F2-PZ02-A02-R05-B2,2.5
SAAR Location,F2-PZ02-A02-R05-C1,2.5
SAAR Location,F2-PZ02-A02-R05-C2,2.5
SAAR Location,F2-PZ02-A02-R05-D1,2.5
SAAR Location,F2-PZ02-A02-R05-D2,2.5
SAAR Location,F2-PZ02-A02-R05-E1,2.5
SAAR Location,F2-PZ02-A02-R05-E2,2.5
SAAR Location,F2-PZ02-A02-R06-A1,2.5
SAAR Location,F2-PZ02-A02-R06-A2,2.5
SAAR Location,F2-PZ02-A02-R06-B1,2.5
SAAR Location,F2-PZ02-A02-R06-B2,2.5
SAAR Location,F2-PZ02-A02-R06-C1,2.5
SAAR Location,F2-PZ02-A02-R06-C2,2.5
SAAR Location,F2-PZ02-A02-R06-D1,2.5
SAAR Location,F2-PZ02-A02-R06-D2,2.5
SAAR Location,F2-PZ02-A02-R06-E1,2.5
SAAR Location,F2-PZ02-A02-R06-E2,2.5
SAAR Location,F2-PZ02-A02-R07-A1,2.5
SAAR Location,F2-PZ02-A02-R07-A2,2.5
SAAR Location,F2-PZ02-A02-R07-B1,2.5
SAAR Location,F2-PZ02-A02-R07-B2,2.5
SAAR Location,F2-PZ02-A02-R07-C1,2.5
SAAR Location,F2-PZ02-A02-R07-C2,2.5
SAAR Location,F2-PZ02-A02-R07-D1,2.5
SAAR Location,F2-PZ02-A02-R07-D2,2.5
SAAR Location,F2-PZ02-A02-R07-E1,2.5
SAAR Location,F2-PZ02-A02-R07-E2,2.5
SAAR Location,F2-PZ02-A02-R08-A1,2.5
SAAR Location,F2-PZ02-A02-R08-A2,2.5
SAAR Location,F2-PZ02-A02-R08-B1,2.5
SAAR Location,F2-PZ02-A02-R08-B2,2.5
SAAR Location,F2-PZ02-A02-R08-C1,2.5
SAAR Location,F2-PZ02-A02-R08-C2,2.5
SAAR Location,F2-PZ02-A02-R08-D1,2.5
SAAR Location,F2-PZ02-A02-R08-D2,2.5
SAAR Location,F2-PZ02-A02-R08-E1,2.5
SAAR Location,F2-PZ02-A02-R08-E2,2.5
SAAR Location,F2-PZ02-A02-R09-A1,2.5
SAAR Location,F2-PZ02-A02-R09-A2,2.5
Bulk Location,F2-PZ02-A02-R09-A3,60
SAAR Location,F2-PZ02-A02-R09-A4,2.5
SAAR Location,F2-PZ02-A02-R09-A5,2.5
SAAR Location,F2-PZ02-A02-R09-A6,2.5
SAAR Location,F2-PZ02-A02-R09-B1,2.5
SAAR Location,F2-PZ02-A02-R09-B2,2.5
SAAR Location,F2-PZ02-A02-R09-B4,2.5
SAAR Location,F2-PZ02-A02-R09-B5,2.5
SAAR Location,F2-PZ02-A02-R09-B6,2.5
SAAR Location,F2-PZ02-A02-R09-C1,2.5
SAAR Location,F2-PZ02-A02-R09-C2,2.5
SAAR Location,F2-PZ02-A02-R09-C4,2.5
SAAR Location,F2-PZ02-A02-R09-C5,2.5
SAAR Location,F2-PZ02-A02-R09-C6,2.5
SAAR Location,F2-PZ02-A02-R09-D1,2.5
SAAR Location,F2-PZ02-A02-R09-D2,2.5
SAAR Location,F2-PZ02-A02-R09-D4,2.5
SAAR Location,F2-PZ02-A02-R09-D5,2.5
SAAR Location,F2-PZ02-A02-R09-D6,2.5
SAAR Location,F2-PZ02-A02-R09-E1,2.5
SAAR Location,F2-PZ02-A02-R09-E2,2.5
SAAR Location,F2-PZ02-A02-R09-E4,2.5
SAAR Location,F2-PZ02-A02-R09-E5,2.5
SAAR Location,F2-PZ02-A02-R09-E6,2.5
SAAR Location,F2-PZ02-A02-R10-A1,2.5
SAAR Location,F2-PZ02-A02-R10-A2,2.5
SAAR Location,F2-PZ02-A02-R10-B1,2.5
SAAR Location,F2-PZ02-A02-R10-B2,2.5
SAAR Location,F2-PZ02-A02-R10-C1,2.5
SAAR Location,F2-PZ02-A02-R10-C2,2.5
SAAR Location,F2-PZ02-A02-R10-D1,2.5
SAAR Location,F2-PZ02-A02-R10-D2,2.5
SAAR Location,F2-PZ02-A02-R10-E1,2.5
SAAR Location,F2-PZ02-A02-R10-E2,2.5
SAAR Location,F2-PZ02-A02-R11-A1,2.5
SAAR Location,F2-PZ02-A02-R11-A2,2.5
SAAR Location,F2-PZ02-A02-R11-B1,2.5
SAAR Location,F2-PZ02-A02-R11-B2,2.5
SAAR Location,F2-PZ02-A02-R11-C1,2.5
SAAR Location,F2-PZ02-A02-R11-C2,2.5
SAAR Location,F2-PZ02-A02-R11-D1,2.5
SAAR Location,F2-PZ02-A02-R11-D2,2.5
SAAR Location,F2-PZ02-A02-R11-E1,2.5
SAAR Location,F2-PZ02-A02-R11-E2,2.5
SAAR Location,F2-PZ02-A02-R12-A1,2.5
SAAR Location,F2-PZ02-A02-R12-A2,2.5
SAAR Location,F2-PZ02-A02-R12-B1,2.5
SAAR Location,F2-PZ02-A02-R12-B2,2.5
SAAR Location,F2-PZ02-A02-R12-C1,2.5
SAAR Location,F2-PZ02-A02-R12-C2,2.5
SAAR Location,F2-PZ02-A02-R12-D1,2.5
SAAR Location,F2-PZ02-A02-R12-D2,2.5
SAAR Location,F2-PZ02-A02-R12-E1,2.5
SAAR Location,F2-PZ02-A02-R12-E2,2.5
SAAR Location,F2-PZ02-A02-R13-A1,2.5
SAAR Location,F2-PZ02-A02-R13-A2,2.5
SAAR Location,F2-PZ02-A02-R13-B1,2.5
SAAR Location,F2-PZ02-A02-R13-B2,2.5
SAAR Location,F2-PZ02-A02-R13-C1,2.5
SAAR Location,F2-PZ02-A02-R13-C2,2.5
SAAR Location,F2-PZ02-A02-R13-D1,2.5
SAAR Location,F2-PZ02-A02-R13-D2,2.5
SAAR Location,F2-PZ02-A02-R13-E1,2.5
SAAR Location,F2-PZ02-A02-R13-E2,2.5
SAAR Location,F2-PZ02-A03-R01-A1,2.5
SAAR Location,F2-PZ02-A03-R01-A2,2.5
SAAR Location,F2-PZ02-A03-R01-B1,2.5
SAAR Location,F2-PZ02-A03-R01-B2,2.5
SAAR Location,F2-PZ02-A03-R01-C1,2.5
SAAR Location,F2-PZ02-A03-R01-C2,2.5
SAAR Location,F2-PZ02-A03-R01-D1,2.5
SAAR Location,F2-PZ02-A03-R01-D2,2.5
SAAR Location,F2-PZ02-A03-R01-E1,2.5
SAAR Location,F2-PZ02-A03-R01-E2,2.5
SAAR Location,F2-PZ02-A03-R02-A1,2.5
SAAR Location,F2-PZ02-A03-R02-A2,2.5
SAAR Location,F2-PZ02-A03-R02-B1,2.5
SAAR Location,F2-PZ02-A03-R02-B2,2.5
SAAR Location,F2-PZ02-A03-R02-C1,2.5
SAAR Location,F2-PZ02-A03-R02-C2,2.5
SAAR Location,F2-PZ02-A03-R02-D1,2.5
SAAR Location,F2-PZ02-A03-R02-D2,2.5
SAAR Location,F2-PZ02-A03-R02-E1,2.5
SAAR Location,F2-PZ02-A03-R02-E2,2.5
SAAR Location,F2-PZ02-A03-R03-A1,2.5
SAAR Location,F2-PZ02-A03-R03-A2,2.5
SAAR Location,F2-PZ02-A03-R03-B1,2.5
SAAR Location,F2-PZ02-A03-R03-B2,2.5
SAAR Location,F2-PZ02-A03-R03-C1,2.5
SAAR Location,F2-PZ02-A03-R03-C2,2.5
SAAR Location,F2-PZ02-A03-R03-D1,2.5
SAAR Location,F2-PZ02-A03-R03-D2,2.5
SAAR Location,F2-PZ02-A03-R03-E1,2.5
SAAR Location,F2-PZ02-A03-R03-E2,2.5
SAAR Location,F2-PZ02-A03-R04-A1,2.5
SAAR Location,F2-PZ02-A03-R04-A2,2.5
SAAR Location,F2-PZ02-A03-R04-B1,2.5
SAAR Location,F2-PZ02-A03-R04-B2,2.5
SAAR Location,F2-PZ02-A03-R04-C1,2.5
SAAR Location,F2-PZ02-A03-R04-C2,2.5
SAAR Location,F2-PZ02-A03-R04-D1,2.5
SAAR Location,F2-PZ02-A03-R04-D2,2.5
SAAR Location,F2-PZ02-A03-R04-E1,2.5
SAAR Location,F2-PZ02-A03-R04-E2,2.5
SAAR Location,F2-PZ02-A03-R05-A1,2.5
SAAR Location,F2-PZ02-A03-R05-A2,2.5
SAAR Location,F2-PZ02-A03-R05-B1,2.5
SAAR Location,F2-PZ02-A03-R05-B2,2.5
SAAR Location,F2-PZ02-A03-R05-C1,2.5
SAAR Location,F2-PZ02-A03-R05-C2,2.5
SAAR Location,F2-PZ02-A03-R05-D1,2.5
SAAR Location,F2-PZ02-A03-R05-D2,2.5
SAAR Location,F2-PZ02-A03-R05-E1,2.5
SAAR Location,F2-PZ02-A03-R05-E2,2.5
SAAR Location,F2-PZ02-A03-R06-A1,2.5
SAAR Location,F2-PZ02-A03-R06-A2,2.5
SAAR Location,F2-PZ02-A03-R06-B1,2.5
SAAR Location,F2-PZ02-A03-R06-B2,2.5
SAAR Location,F2-PZ02-A03-R06-C1,2.5
SAAR Location,F2-PZ02-A03-R06-C2,2.5
SAAR Location,F2-PZ02-A03-R06-D1,2.5
SAAR Location,F2-PZ02-A03-R06-D2,2.5
SAAR Location,F2-PZ02-A03-R06-E1,2.5
SAAR Location,F2-PZ02-A03-R06-E2,2.5
SAAR Location,F2-PZ02-A03-R07-A1,2.5
SAAR Location,F2-PZ02-A03-R07-A2,2.5
SAAR Location,F2-PZ02-A03-R07-B1,2.5
SAAR Location,F2-PZ02-A03-R07-B2,2.5
SAAR Location,F2-PZ02-A03-R07-C1,2.5
SAAR Location,F2-PZ02-A03-R07-C2,2.5
SAAR Location,F2-PZ02-A03-R07-D1,2.5
SAAR Location,F2-PZ02-A03-R07-D2,2.5
SAAR Location,F2-PZ02-A03-R07-E1,2.5
SAAR Location,F2-PZ02-A03-R07-E2,2.5
SAAR Location,F2-PZ02-A03-R08-A1,2.5
SAAR Location,F2-PZ02-A03-R08-A2,2.5
SAAR Location,F2-PZ02-A03-R08-B1,2.5
SAAR Location,F2-PZ02-A03-R08-B2,2.5
SAAR Location,F2-PZ02-A03-R08-C1,2.5
SAAR Location,F2-PZ02-A03-R08-C2,2.5
SAAR Location,F2-PZ02-A03-R08-D1,2.5
SAAR Location,F2-PZ02-A03-R08-D2,2.5
SAAR Location,F2-PZ02-A03-R08-E1,2.5
SAAR Location,F2-PZ02-A03-R08-E2,2.5
SAAR Location,F2-PZ02-A03-R09-A1,2.5
SAAR Location,F2-PZ02-A03-R09-A2,2.5
SAAR Location,F2-PZ02-A03-R09-B1,2.5
SAAR Location,F2-PZ02-A03-R09-B2,2.5
SAAR Location,F2-PZ02-A03-R09-C1,2.5
SAAR Location,F2-PZ02-A03-R09-C2,2.5
SAAR Location,F2-PZ02-A03-R09-D1,2.5
SAAR Location,F2-PZ02-A03-R09-D2,2.5
SAAR Location,F2-PZ02-A03-R09-E1,2.5
SAAR Location,F2-PZ02-A03-R09-E2,2.5
SAAR Location,F2-PZ02-A03-R10-A1,2.5
SAAR Location,F2-PZ02-A03-R10-A2,2.5
SAAR Location,F2-PZ02-A03-R10-B1,2.5
SAAR Location,F2-PZ02-A03-R10-B2,2.5
SAAR Location,F2-PZ02-A03-R10-C1,2.5
SAAR Location,F2-PZ02-A03-R10-C2,2.5
SAAR Location,F2-PZ02-A03-R10-D1,2.5
SAAR Location,F2-PZ02-A03-R10-D2,2.5
SAAR Location,F2-PZ02-A03-R10-E1,2.5
SAAR Location,F2-PZ02-A03-R10-E2,2.5
SAAR Location,F2-PZ02-A03-R11-A1,2.5
SAAR Location,F2-PZ02-A03-R11-A2,2.5
SAAR Location,F2-PZ02-A03-R11-B1,2.5
SAAR Location,F2-PZ02-A03-R11-B2,2.5
SAAR Location,F2-PZ02-A03-R11-C1,2.5
SAAR Location,F2-PZ02-A03-R11-C2,2.5
SAAR Location,F2-PZ02-A03-R11-D1,2.5
SAAR Location,F2-PZ02-A03-R11-D2,2.5
SAAR Location,F2-PZ02-A03-R11-E1,2.5
SAAR Location,F2-PZ02-A03-R11-E2,2.5
SAAR Location,F2-PZ02-A03-R12-A1,2.5
SAAR Location,F2-PZ02-A03-R12-A2,2.5
SAAR Location,F2-PZ02-A03-R12-B1,2.5
SAAR Location,F2-PZ02-A03-R12-B2,2.5
SAAR Location,F2-PZ02-A03-R12-C1,2.5
SAAR Location,F2-PZ02-A03-R12-C2,2.5
SAAR Location,F2-PZ02-A03-R12-D1,2.5
SAAR Location,F2-PZ02-A03-R12-D2,2.5
SAAR Location,F2-PZ02-A03-R12-E1,2.5
SAAR Location,F2-PZ02-A03-R12-E2,2.5
SAAR Location,F2-PZ02-A03-R13-A1,2.5
SAAR Location,F2-PZ02-A03-R13-A2,2.5
SAAR Location,F2-PZ02-A03-R13-B1,2.5
SAAR Location,F2-PZ02-A03-R13-B2,2.5
SAAR Location,F2-PZ02-A03-R13-C1,2.5
SAAR Location,F2-PZ02-A03-R13-C2,2.5
SAAR Location,F2-PZ02-A03-R13-D1,2.5
SAAR Location,F2-PZ02-A03-R13-D2,2.5
SAAR Location,F2-PZ02-A03-R13-E1,2.5
SAAR Location,F2-PZ02-A03-R13-E2,2.5
SAAR Location,F2-PZ02-A03-R14-A1,2.5
SAAR Location,F2-PZ02-A03-R14-A2,2.5
SAAR Location,F2-PZ02-A03-R14-B1,2.5
SAAR Location,F2-PZ02-A03-R14-B2,2.5
SAAR Location,F2-PZ02-A03-R14-C1,2.5
SAAR Location,F2-PZ02-A03-R14-C2,2.5
SAAR Location,F2-PZ02-A03-R14-D1,2.5
SAAR Location,F2-PZ02-A03-R14-D2,2.5
SAAR Location,F2-PZ02-A03-R14-E1,2.5
SAAR Location,F2-PZ02-A03-R14-E2,2.5
SAAR Location,F2-PZ02-A03-R15-A1,2.5
SAAR Location,F2-PZ02-A03-R15-A2,2.5
SAAR Location,F2-PZ02-A03-R15-B1,2.5
SAAR Location,F2-PZ02-A03-R15-B2,2.5
SAAR Location,F2-PZ02-A03-R15-C1,2.5
SAAR Location,F2-PZ02-A03-R15-C2,2.5
SAAR Location,F2-PZ02-A03-R15-D1,2.5
SAAR Location,F2-PZ02-A03-R15-D2,2.5
SAAR Location,F2-PZ02-A03-R15-E1,2.5
SAAR Location,F2-PZ02-A03-R15-E2,2.5
SAAR Location,F2-PZ02-A03-R16-A1,2.5
SAAR Location,F2-PZ02-A03-R16-A2,2.5
SAAR Location,F2-PZ02-A03-R16-B1,2.5
SAAR Location,F2-PZ02-A03-R16-B2,2.5
SAAR Location,F2-PZ02-A03-R16-C1,2.5
SAAR Location,F2-PZ02-A03-R16-C2,2.5
SAAR Location,F2-PZ02-A03-R16-D1,2.5
SAAR Location,F2-PZ02-A03-R16-D2,2.5
SAAR Location,F2-PZ02-A03-R16-E1,2.5
SAAR Location,F2-PZ02-A03-R16-E2,2.5
SAAR Location,F2-PZ02-A03-R17-A1,2.5
SAAR Location,F2-PZ02-A03-R17-A2,2.5
SAAR Location,F2-PZ02-A03-R17-B1,2.5
SAAR Location,F2-PZ02-A03-R17-B2,2.5
SAAR Location,F2-PZ02-A03-R17-C1,2.5
SAAR Location,F2-PZ02-A03-R17-C2,2.5
SAAR Location,F2-PZ02-A03-R17-D1,2.5
SAAR Location,F2-PZ02-A03-R17-D2,2.5
SAAR Location,F2-PZ02-A03-R17-E1,2.5
SAAR Location,F2-PZ02-A03-R17-E2,2.5
SAAR Location,F2-PZ02-A03-R18-A1,2.5
SAAR Location,F2-PZ02-A03-R18-A2,2.5
SAAR Location,F2-PZ02-A03-R18-B1,2.5
SAAR Location,F2-PZ02-A03-R18-B2,2.5
SAAR Location,F2-PZ02-A03-R18-C1,2.5
SAAR Location,F2-PZ02-A03-R18-C2,2.5
SAAR Location,F2-PZ02-A03-R18-D1,2.5
SAAR Location,F2-PZ02-A03-R18-D2,2.5
SAAR Location,F2-PZ02-A03-R18-E1,2.5
SAAR Location,F2-PZ02-A03-R18-E2,2.5
SAAR Location,F2-PZ02-A03-R19-A1,2.5
SAAR Location,F2-PZ02-A03-R19-A2,2.5
SAAR Location,F2-PZ02-A03-R19-B1,2.5
SAAR Location,F2-PZ02-A03-R19-B2,2.5
SAAR Location,F2-PZ02-A03-R19-C1,2.5
SAAR Location,F2-PZ02-A03-R19-C2,2.5
SAAR Location,F2-PZ02-A03-R19-D1,2.5
SAAR Location,F2-PZ02-A03-R19-D2,2.5
SAAR Location,F2-PZ02-A03-R19-E1,2.5
SAAR Location,F2-PZ02-A03-R19-E2,2.5
SAAR Location,F2-PZ02-A03-R20-A1,2.5
SAAR Location,F2-PZ02-A03-R20-A2,2.5
SAAR Location,F2-PZ02-A03-R20-B1,2.5
SAAR Location,F2-PZ02-A03-R20-B2,2.5
SAAR Location,F2-PZ02-A03-R20-C1,2.5
SAAR Location,F2-PZ02-A03-R20-C2,2.5
SAAR Location,F2-PZ02-A03-R20-D1,2.5
SAAR Location,F2-PZ02-A03-R20-D2,2.5
SAAR Location,F2-PZ02-A03-R20-E1,2.5
SAAR Location,F2-PZ02-A03-R20-E2,2.5
SAAR Location,F2-PZ02-A03-R21-A1,2.5
SAAR Location,F2-PZ02-A03-R21-A2,2.5
SAAR Location,F2-PZ02-A03-R21-B1,2.5
SAAR Location,F2-PZ02-A03-R21-B2,2.5
SAAR Location,F2-PZ02-A03-R21-C1,2.5
SAAR Location,F2-PZ02-A03-R21-C2,2.5
SAAR Location,F2-PZ02-A03-R21-D1,2.5
SAAR Location,F2-PZ02-A03-R21-D2,2.5
SAAR Location,F2-PZ02-A03-R21-E1,2.5
SAAR Location,F2-PZ02-A03-R21-E2,2.5
SAAR Location,F2-PZ02-A03-R22-A1,2.5
SAAR Location,F2-PZ02-A03-R22-A2,2.5
SAAR Location,F2-PZ02-A03-R22-B1,2.5
SAAR Location,F2-PZ02-A03-R22-B2,2.5
SAAR Location,F2-PZ02-A03-R22-C1,2.5
SAAR Location,F2-PZ02-A03-R22-C2,2.5
SAAR Location,F2-PZ02-A03-R22-D1,2.5
SAAR Location,F2-PZ02-A03-R22-D2,2.5
SAAR Location,F2-PZ02-A03-R22-E1,2.5
SAAR Location,F2-PZ02-A03-R22-E2,2.5
SAAR Location,F2-PZ02-A03-R23-A1,2.5
SAAR Location,F2-PZ02-A03-R23-A2,2.5
SAAR Location,F2-PZ02-A03-R23-B1,2.5
SAAR Location,F2-PZ02-A03-R23-B2,2.5
SAAR Location,F2-PZ02-A03-R23-C1,2.5
SAAR Location,F2-PZ02-A03-R23-C2,2.5
SAAR Location,F2-PZ02-A03-R23-D1,2.5
SAAR Location,F2-PZ02-A03-R23-D2,2.5
SAAR Location,F2-PZ02-A03-R23-E1,2.5
SAAR Location,F2-PZ02-A03-R23-E2,2.5
SAAR Location,F2-PZ02-A03-R24-A1,2.5
SAAR Location,F2-PZ02-A03-R24-A2,2.5
SAAR Location,F2-PZ02-A03-R24-B1,2.5
SAAR Location,F2-PZ02-A03-R24-B2,2.5
SAAR Location,F2-PZ02-A03-R24-C1,2.5
SAAR Location,F2-PZ02-A03-R24-C2,2.5
SAAR Location,F2-PZ02-A03-R24-D1,2.5
SAAR Location,F2-PZ02-A03-R24-D2,2.5
SAAR Location,F2-PZ02-A03-R24-E1,2.5
SAAR Location,F2-PZ02-A03-R24-E2,2.5
SAAR Location,F2-PZ02-A03-R25-A1,2.5
SAAR Location,F2-PZ02-A03-R25-A2,2.5
SAAR Location,F2-PZ02-A03-R25-B1,2.5
SAAR Location,F2-PZ02-A03-R25-B2,2.5
SAAR Location,F2-PZ02-A03-R25-C1,2.5
SAAR Location,F2-PZ02-A03-R25-C2,2.5
SAAR Location,F2-PZ02-A03-R25-D1,2.5
SAAR Location,F2-PZ02-A03-R25-D2,2.5
SAAR Location,F2-PZ02-A03-R25-E1,2.5
SAAR Location,F2-PZ02-A03-R25-E2,2.5
SAAR Location,F2-PZ02-A03-R26-A1,2.5
SAAR Location,F2-PZ02-A03-R26-A2,2.5
SAAR Location,F2-PZ02-A03-R26-B1,2.5
SAAR Location,F2-PZ02-A03-R26-B2,2.5
SAAR Location,F2-PZ02-A03-R26-C1,2.5
SAAR Location,F2-PZ02-A03-R26-C2,2.5
SAAR Location,F2-PZ02-A03-R26-D1,2.5
SAAR Location,F2-PZ02-A03-R26-D2,2.5
SAAR Location,F2-PZ02-A03-R26-E1,2.5
SAAR Location,F2-PZ02-A03-R26-E2,2.5
SAAR Location,F2-PZ02-A03-R27-A1,2.5
SAAR Location,F2-PZ02-A03-R27-A2,2.5
SAAR Location,F2-PZ02-A03-R27-B1,2.5
SAAR Location,F2-PZ02-A03-R27-B2,2.5
SAAR Location,F2-PZ02-A03-R27-C1,2.5
SAAR Location,F2-PZ02-A03-R27-C2,2.5
SAAR Location,F2-PZ02-A03-R27-D1,2.5
SAAR Location,F2-PZ02-A03-R27-D2,2.5
SAAR Location,F2-PZ02-A03-R27-E1,2.5
SAAR Location,F2-PZ02-A03-R27-E2,2.5
SAAR Location,F2-PZ02-A03-R28-A1,2.5
SAAR Location,F2-PZ02-A03-R28-A2,2.5
SAAR Location,F2-PZ02-A03-R28-B1,2.5
SAAR Location,F2-PZ02-A03-R28-B2,2.5
SAAR Location,F2-PZ02-A03-R28-C1,2.5
SAAR Location,F2-PZ02-A03-R28-C2,2.5
SAAR Location,F2-PZ02-A03-R28-D1,2.5
SAAR Location,F2-PZ02-A03-R28-D2,2.5
SAAR Location,F2-PZ02-A03-R28-E1,2.5
SAAR Location,F2-PZ02-A03-R28-E2,2.5
SAAR Location,F2-PZ02-A03-R29-A1,2.5
SAAR Location,F2-PZ02-A03-R29-A2,2.5
SAAR Location,F2-PZ02-A03-R29-B1,2.5
SAAR Location,F2-PZ02-A03-R29-B2,2.5
SAAR Location,F2-PZ02-A03-R29-C1,2.5
SAAR Location,F2-PZ02-A03-R29-C2,2.5
SAAR Location,F2-PZ02-A03-R29-D1,2.5
SAAR Location,F2-PZ02-A03-R29-D2,2.5
SAAR Location,F2-PZ02-A03-R29-E1,2.5
SAAR Location,F2-PZ02-A03-R29-E2,2.5
SAAR Location,F2-PZ02-A03-R30-A1,2.5
SAAR Location,F2-PZ02-A03-R30-A2,2.5
SAAR Location,F2-PZ02-A03-R30-B1,2.5
SAAR Location,F2-PZ02-A03-R30-B2,2.5
SAAR Location,F2-PZ02-A03-R30-C1,2.5
SAAR Location,F2-PZ02-A03-R30-C2,2.5
SAAR Location,F2-PZ02-A03-R30-D1,2.5
SAAR Location,F2-PZ02-A03-R30-D2,2.5
SAAR Location,F2-PZ02-A03-R30-E1,2.5
SAAR Location,F2-PZ02-A03-R30-E2,2.5
SAAR Location,F2-PZ02-A03-R31-A1,2.5
SAAR Location,F2-PZ02-A03-R31-A2,2.5
SAAR Location,F2-PZ02-A03-R31-B1,2.5
SAAR Location,F2-PZ02-A03-R31-B2,2.5
SAAR Location,F2-PZ02-A03-R31-C1,2.5
SAAR Location,F2-PZ02-A03-R31-C2,2.5
SAAR Location,F2-PZ02-A03-R31-D1,2.5
SAAR Location,F2-PZ02-A03-R31-D2,2.5
SAAR Location,F2-PZ02-A03-R31-E1,2.5
SAAR Location,F2-PZ02-A03-R31-E2,2.5
SAAR Location,F2-PZ02-A03-R32-A1,2.5
SAAR Location,F2-PZ02-A03-R32-A2,2.5
SAAR Location,F2-PZ02-A03-R32-B1,2.5
SAAR Location,F2-PZ02-A03-R32-B2,2.5
SAAR Location,F2-PZ02-A03-R32-C1,2.5
SAAR Location,F2-PZ02-A03-R32-C2,2.5
SAAR Location,F2-PZ02-A03-R32-D1,2.5
SAAR Location,F2-PZ02-A03-R32-D2,2.5
SAAR Location,F2-PZ02-A03-R32-E1,2.5
SAAR Location,F2-PZ02-A03-R32-E2,2.5
SAAR Location,F2-PZ02-A03-R33-A1,2.5
SAAR Location,F2-PZ02-A03-R33-A2,2.5
SAAR Location,F2-PZ02-A03-R33-B1,2.5
SAAR Location,F2-PZ02-A03-R33-B2,2.5
SAAR Location,F2-PZ02-A03-R33-C1,2.5
SAAR Location,F2-PZ02-A03-R33-C2,2.5
SAAR Location,F2-PZ02-A03-R33-D1,2.5
SAAR Location,F2-PZ02-A03-R33-D2,2.5
SAAR Location,F2-PZ02-A03-R33-E1,2.5
SAAR Location,F2-PZ02-A03-R33-E2,2.5
SAAR Location,F2-PZ02-A03-R34-A1,2.5
SAAR Location,F2-PZ02-A03-R34-A2,2.5
SAAR Location,F2-PZ02-A03-R34-B1,2.5
SAAR Location,F2-PZ02-A03-R34-B2,2.5
SAAR Location,F2-PZ02-A03-R34-C1,2.5
SAAR Location,F2-PZ02-A03-R34-C2,2.5
SAAR Location,F2-PZ02-A03-R34-D1,2.5
SAAR Location,F2-PZ02-A03-R34-D2,2.5
SAAR Location,F2-PZ02-A03-R34-E1,2.5
SAAR Location,F2-PZ02-A03-R34-E2,2.5
SAAR Location,F2-PZ02-A04-R01-A1,2.5
SAAR Location,F2-PZ02-A04-R01-A2,2.5
SAAR Location,F2-PZ02-A04-R01-B1,2.5
SAAR Location,F2-PZ02-A04-R01-B2,2.5
SAAR Location,F2-PZ02-A04-R01-C1,2.5
SAAR Location,F2-PZ02-A04-R01-C2,2.5
SAAR Location,F2-PZ02-A04-R01-D1,2.5
SAAR Location,F2-PZ02-A04-R01-D2,2.5
SAAR Location,F2-PZ02-A04-R01-E1,2.5
SAAR Location,F2-PZ02-A04-R01-E2,2.5
SAAR Location,F2-PZ02-A04-R02-A1,2.5
SAAR Location,F2-PZ02-A04-R02-A2,2.5
SAAR Location,F2-PZ02-A04-R02-B1,2.5
SAAR Location,F2-PZ02-A04-R02-B2,2.5
SAAR Location,F2-PZ02-A04-R02-C1,2.5
SAAR Location,F2-PZ02-A04-R02-C2,2.5
SAAR Location,F2-PZ02-A04-R02-D1,2.5
SAAR Location,F2-PZ02-A04-R02-D2,2.5
SAAR Location,F2-PZ02-A04-R02-E1,2.5
SAAR Location,F2-PZ02-A04-R02-E2,2.5
SAAR Location,F2-PZ02-A04-R03-A1,2.5
SAAR Location,F2-PZ02-A04-R03-A2,2.5
SAAR Location,F2-PZ02-A04-R03-B1,2.5
SAAR Location,F2-PZ02-A04-R03-B2,2.5
SAAR Location,F2-PZ02-A04-R03-C1,2.5
SAAR Location,F2-PZ02-A04-R03-C2,2.5
SAAR Location,F2-PZ02-A04-R03-D1,2.5
SAAR Location,F2-PZ02-A04-R03-D2,2.5
SAAR Location,F2-PZ02-A04-R03-E1,2.5
SAAR Location,F2-PZ02-A04-R03-E2,2.5
SAAR Location,F2-PZ02-A04-R04-A1,2.5
SAAR Location,F2-PZ02-A04-R04-A2,2.5
SAAR Location,F2-PZ02-A04-R04-B1,2.5
SAAR Location,F2-PZ02-A04-R04-B2,2.5
SAAR Location,F2-PZ02-A04-R04-C1,2.5
SAAR Location,F2-PZ02-A04-R04-C2,2.5
SAAR Location,F2-PZ02-A04-R04-D1,2.5
SAAR Location,F2-PZ02-A04-R04-D2,2.5
SAAR Location,F2-PZ02-A04-R04-E1,2.5
SAAR Location,F2-PZ02-A04-R04-E2,2.5
SAAR Location,F2-PZ02-A04-R05-A1,2.5
SAAR Location,F2-PZ02-A04-R05-A2,2.5
SAAR Location,F2-PZ02-A04-R05-B1,2.5
SAAR Location,F2-PZ02-A04-R05-B2,2.5
SAAR Location,F2-PZ02-A04-R05-C1,2.5
SAAR Location,F2-PZ02-A04-R05-C2,2.5
SAAR Location,F2-PZ02-A04-R05-D1,2.5
SAAR Location,F2-PZ02-A04-R05-D2,2.5
SAAR Location,F2-PZ02-A04-R05-E1,2.5
SAAR Location,F2-PZ02-A04-R05-E2,2.5
SAAR Location,F2-PZ02-A04-R06-A1,2.5
SAAR Location,F2-PZ02-A04-R06-A2,2.5
SAAR Location,F2-PZ02-A04-R06-B1,2.5
SAAR Location,F2-PZ02-A04-R06-B2,2.5
SAAR Location,F2-PZ02-A04-R06-C1,2.5
SAAR Location,F2-PZ02-A04-R06-C2,2.5
SAAR Location,F2-PZ02-A04-R06-D1,2.5
SAAR Location,F2-PZ02-A04-R06-D2,2.5
SAAR Location,F2-PZ02-A04-R06-E1,2.5
SAAR Location,F2-PZ02-A04-R06-E2,2.5
SAAR Location,F2-PZ02-A04-R07-A1,2.5
SAAR Location,F2-PZ02-A04-R07-A2,2.5
SAAR Location,F2-PZ02-A04-R07-B1,2.5
SAAR Location,F2-PZ02-A04-R07-B2,2.5
SAAR Location,F2-PZ02-A04-R07-C1,2.5
SAAR Location,F2-PZ02-A04-R07-C2,2.5
SAAR Location,F2-PZ02-A04-R07-D1,2.5
SAAR Location,F2-PZ02-A04-R07-D2,2.5
SAAR Location,F2-PZ02-A04-R07-E1,2.5
SAAR Location,F2-PZ02-A04-R07-E2,2.5
SAAR Location,F2-PZ02-A04-R08-A1,2.5
SAAR Location,F2-PZ02-A04-R08-A2,2.5
SAAR Location,F2-PZ02-A04-R08-B1,2.5
SAAR Location,F2-PZ02-A04-R08-B2,2.5
SAAR Location,F2-PZ02-A04-R08-C1,2.5
SAAR Location,F2-PZ02-A04-R08-C2,2.5
SAAR Location,F2-PZ02-A04-R08-D1,2.5
SAAR Location,F2-PZ02-A04-R08-D2,2.5
SAAR Location,F2-PZ02-A04-R08-E1,2.5
SAAR Location,F2-PZ02-A04-R08-E2,2.5
SAAR Location,F2-PZ02-A04-R09-A1,2.5
SAAR Location,F2-PZ02-A04-R09-A2,2.5
SAAR Location,F2-PZ02-A04-R09-B1,2.5
SAAR Location,F2-PZ02-A04-R09-B2,2.5
SAAR Location,F2-PZ02-A04-R09-C1,2.5
SAAR Location,F2-PZ02-A04-R09-C2,2.5
SAAR Location,F2-PZ02-A04-R09-D1,2.5
SAAR Location,F2-PZ02-A04-R09-D2,2.5
SAAR Location,F2-PZ02-A04-R09-E1,2.5
SAAR Location,F2-PZ02-A04-R09-E2,2.5
SAAR Location,F2-PZ02-A04-R10-A1,2.5
SAAR Location,F2-PZ02-A04-R10-A2,2.5
SAAR Location,F2-PZ02-A04-R10-B1,2.5
SAAR Location,F2-PZ02-A04-R10-B2,2.5
SAAR Location,F2-PZ02-A04-R10-C1,2.5
SAAR Location,F2-PZ02-A04-R10-C2,2.5
SAAR Location,F2-PZ02-A04-R10-D1,2.5
SAAR Location,F2-PZ02-A04-R10-D2,2.5
SAAR Location,F2-PZ02-A04-R10-E1,2.5
SAAR Location,F2-PZ02-A04-R10-E2,2.5
SAAR Location,F2-PZ02-A04-R11-A1,2.5
SAAR Location,F2-PZ02-A04-R11-A2,2.5
SAAR Location,F2-PZ02-A04-R11-B1,2.5
SAAR Location,F2-PZ02-A04-R11-B2,2.5
SAAR Location,F2-PZ02-A04-R11-C1,2.5
SAAR Location,F2-PZ02-A04-R11-C2,2.5
SAAR Location,F2-PZ02-A04-R11-D1,2.5
SAAR Location,F2-PZ02-A04-R11-D2,2.5
SAAR Location,F2-PZ02-A04-R11-E1,2.5
SAAR Location,F2-PZ02-A04-R11-E2,2.5
SAAR Location,F2-PZ02-A04-R12-A1,2.5
SAAR Location,F2-PZ02-A04-R12-A2,2.5
SAAR Location,F2-PZ02-A04-R12-B1,2.5
SAAR Location,F2-PZ02-A04-R12-B2,2.5
SAAR Location,F2-PZ02-A04-R12-C1,2.5
SAAR Location,F2-PZ02-A04-R12-C2,2.5
SAAR Location,F2-PZ02-A04-R12-D1,2.5
SAAR Location,F2-PZ02-A04-R12-D2,2.5
SAAR Location,F2-PZ02-A04-R12-E1,2.5
SAAR Location,F2-PZ02-A04-R12-E2,2.5
SAAR Location,F2-PZ02-A04-R13-A1,2.5
SAAR Location,F2-PZ02-A04-R13-A2,2.5
SAAR Location,F2-PZ02-A04-R13-B1,2.5
SAAR Location,F2-PZ02-A04-R13-B2,2.5
SAAR Location,F2-PZ02-A04-R13-C1,2.5
SAAR Location,F2-PZ02-A04-R13-C2,2.5
SAAR Location,F2-PZ02-A04-R13-D1,2.5
SAAR Location,F2-PZ02-A04-R13-D2,2.5
SAAR Location,F2-PZ02-A04-R13-E1,2.5
SAAR Location,F2-PZ02-A04-R13-E2,2.5
SAAR Location,F2-PZ02-A04-R14-A1,2.5
SAAR Location,F2-PZ02-A04-R14-A2,2.5
SAAR Location,F2-PZ02-A04-R14-B1,2.5
SAAR Location,F2-PZ02-A04-R14-B2,2.5
SAAR Location,F2-PZ02-A04-R14-C1,2.5
SAAR Location,F2-PZ02-A04-R14-C2,2.5
SAAR Location,F2-PZ02-A04-R14-D1,2.5
SAAR Location,F2-PZ02-A04-R14-D2,2.5
SAAR Location,F2-PZ02-A04-R14-E1,2.5
SAAR Location,F2-PZ02-A04-R14-E2,2.5
SAAR Location,F2-PZ02-A04-R15-A1,2.5
SAAR Location,F2-PZ02-A04-R15-A2,2.5
SAAR Location,F2-PZ02-A04-R15-B1,2.5
SAAR Location,F2-PZ02-A04-R15-B2,2.5
SAAR Location,F2-PZ02-A04-R15-C1,2.5
SAAR Location,F2-PZ02-A04-R15-C2,2.5
SAAR Location,F2-PZ02-A04-R15-D1,2.5
SAAR Location,F2-PZ02-A04-R15-D2,2.5
SAAR Location,F2-PZ02-A04-R15-E1,2.5
SAAR Location,F2-PZ02-A04-R15-E2,2.5
SAAR Location,F2-PZ02-A04-R16-A1,2.5
SAAR Location,F2-PZ02-A04-R16-A2,2.5
SAAR Location,F2-PZ02-A04-R16-B1,2.5
SAAR Location,F2-PZ02-A04-R16-B2,2.5
SAAR Location,F2-PZ02-A04-R16-C1,2.5
SAAR Location,F2-PZ02-A04-R16-C2,2.5
SAAR Location,F2-PZ02-A04-R16-D1,2.5
SAAR Location,F2-PZ02-A04-R16-D2,2.5
SAAR Location,F2-PZ02-A04-R16-E1,2.5
SAAR Location,F2-PZ02-A04-R16-E2,2.5
SAAR Location,F2-PZ02-A04-R17-A1,2.5
SAAR Location,F2-PZ02-A04-R17-A2,2.5
SAAR Location,F2-PZ02-A04-R17-B1,2.5
SAAR Location,F2-PZ02-A04-R17-B2,2.5
SAAR Location,F2-PZ02-A04-R17-C1,2.5
SAAR Location,F2-PZ02-A04-R17-C2,2.5
SAAR Location,F2-PZ02-A04-R17-D1,2.5
SAAR Location,F2-PZ02-A04-R17-D2,2.5
SAAR Location,F2-PZ02-A04-R17-E1,2.5
SAAR Location,F2-PZ02-A04-R17-E2,2.5
SAAR Location,F2-PZ03-A05-R01-A1,2.5
SAAR Location,F2-PZ03-A05-R01-A2,2.5
SAAR Location,F2-PZ03-A05-R01-B1,2.5
SAAR Location,F2-PZ03-A05-R01-B2,2.5
SAAR Location,F2-PZ03-A05-R01-C1,2.5
SAAR Location,F2-PZ03-A05-R01-C2,2.5
SAAR Location,F2-PZ03-A05-R01-D1,2.5
SAAR Location,F2-PZ03-A05-R01-D2,2.5
SAAR Location,F2-PZ03-A05-R01-E1,2.5
SAAR Location,F2-PZ03-A05-R01-E2,2.5
SAAR Location,F2-PZ03-A05-R02-A1,2.5
SAAR Location,F2-PZ03-A05-R02-A2,2.5
SAAR Location,F2-PZ03-A05-R02-B1,2.5
SAAR Location,F2-PZ03-A05-R02-B2,2.5
SAAR Location,F2-PZ03-A05-R02-C1,2.5
SAAR Location,F2-PZ03-A05-R02-C2,2.5
SAAR Location,F2-PZ03-A05-R02-D1,2.5
SAAR Location,F2-PZ03-A05-R02-D2,2.5
SAAR Location,F2-PZ03-A05-R02-E1,2.5
SAAR Location,F2-PZ03-A05-R02-E2,2.5
SAAR Location,F2-PZ03-A05-R03-A1,2.5
SAAR Location,F2-PZ03-A05-R03-A2,2.5
SAAR Location,F2-PZ03-A05-R03-B1,2.5
SAAR Location,F2-PZ03-A05-R03-B2,2.5
SAAR Location,F2-PZ03-A05-R03-C1,2.5
SAAR Location,F2-PZ03-A05-R03-C2,2.5
SAAR Location,F2-PZ03-A05-R03-D1,2.5
SAAR Location,F2-PZ03-A05-R03-D2,2.5
SAAR Location,F2-PZ03-A05-R03-E1,2.5
SAAR Location,F2-PZ03-A05-R03-E2,2.5
SAAR Location,F2-PZ03-A05-R04-A1,2.5
SAAR Location,F2-PZ03-A05-R04-A2,2.5
SAAR Location,F2-PZ03-A05-R04-B1,2.5
SAAR Location,F2-PZ03-A05-R04-B2,2.5
SAAR Location,F2-PZ03-A05-R04-C1,2.5
SAAR Location,F2-PZ03-A05-R04-C2,2.5
SAAR Location,F2-PZ03-A05-R04-D1,2.5
SAAR Location,F2-PZ03-A05-R04-D2,2.5
SAAR Location,F2-PZ03-A05-R04-E1,2.5
SAAR Location,F2-PZ03-A05-R04-E2,2.5
SAAR Location,F2-PZ03-A05-R05-A1,2.5
SAAR Location,F2-PZ03-A05-R05-A2,2.5
SAAR Location,F2-PZ03-A05-R05-B1,2.5
SAAR Location,F2-PZ03-A05-R05-B2,2.5
SAAR Location,F2-PZ03-A05-R05-C1,2.5
SAAR Location,F2-PZ03-A05-R05-C2,2.5
SAAR Location,F2-PZ03-A05-R05-D1,2.5
SAAR Location,F2-PZ03-A05-R05-D2,2.5
SAAR Location,F2-PZ03-A05-R05-E1,2.5
SAAR Location,F2-PZ03-A05-R05-E2,2.5
SAAR Location,F2-PZ03-A05-R06-A1,2.5
SAAR Location,F2-PZ03-A05-R06-A2,2.5
SAAR Location,F2-PZ03-A05-R06-B1,2.5
SAAR Location,F2-PZ03-A05-R06-B2,2.5
SAAR Location,F2-PZ03-A05-R06-C1,2.5
SAAR Location,F2-PZ03-A05-R06-C2,2.5
SAAR Location,F2-PZ03-A05-R06-D1,2.5
SAAR Location,F2-PZ03-A05-R06-D2,2.5
SAAR Location,F2-PZ03-A05-R06-E1,2.5
SAAR Location,F2-PZ03-A05-R06-E2,2.5
SAAR Location,F2-PZ03-A05-R07-A1,2.5
SAAR Location,F2-PZ03-A05-R07-A2,2.5
SAAR Location,F2-PZ03-A05-R07-B1,2.5
SAAR Location,F2-PZ03-A05-R07-B2,2.5
SAAR Location,F2-PZ03-A05-R07-C1,2.5
SAAR Location,F2-PZ03-A05-R07-C2,2.5
SAAR Location,F2-PZ03-A05-R07-D1,2.5
SAAR Location,F2-PZ03-A05-R07-D2,2.5
SAAR Location,F2-PZ03-A05-R07-E1,2.5
SAAR Location,F2-PZ03-A05-R07-E2,2.5
SAAR Location,F2-PZ03-A05-R08-A1,2.5
SAAR Location,F2-PZ03-A05-R08-A2,2.5
SAAR Location,F2-PZ03-A05-R08-B1,2.5
SAAR Location,F2-PZ03-A05-R08-B2,2.5
SAAR Location,F2-PZ03-A05-R08-C1,2.5
SAAR Location,F2-PZ03-A05-R08-C2,2.5
SAAR Location,F2-PZ03-A05-R08-D1,2.5
SAAR Location,F2-PZ03-A05-R08-D2,2.5
SAAR Location,F2-PZ03-A05-R08-E1,2.5
SAAR Location,F2-PZ03-A05-R08-E2,2.5
SAAR Location,F2-PZ03-A05-R09-A1,2.5
SAAR Location,F2-PZ03-A05-R09-A2,2.5
SAAR Location,F2-PZ03-A05-R09-B1,2.5
SAAR Location,F2-PZ03-A05-R09-B2,2.5
SAAR Location,F2-PZ03-A05-R09-C1,2.5
SAAR Location,F2-PZ03-A05-R09-C2,2.5
SAAR Location,F2-PZ03-A05-R09-D1,2.5
SAAR Location,F2-PZ03-A05-R09-D2,2.5
SAAR Location,F2-PZ03-A05-R09-E1,2.5
SAAR Location,F2-PZ03-A05-R09-E2,2.5
SAAR Location,F2-PZ03-A05-R10-A1,2.5
SAAR Location,F2-PZ03-A05-R10-A2,2.5
SAAR Location,F2-PZ03-A05-R10-B1,2.5
SAAR Location,F2-PZ03-A05-R10-B2,2.5
SAAR Location,F2-PZ03-A05-R10-C1,2.5
SAAR Location,F2-PZ03-A05-R10-C2,2.5
SAAR Location,F2-PZ03-A05-R10-D1,2.5
SAAR Location,F2-PZ03-A05-R10-D2,2.5
SAAR Location,F2-PZ03-A05-R10-E1,2.5
SAAR Location,F2-PZ03-A05-R10-E2,2.5
SAAR Location,F2-PZ03-A05-R11-A1,2.5
SAAR Location,F2-PZ03-A05-R11-A2,2.5
SAAR Location,F2-PZ03-A05-R11-B1,2.5
SAAR Location,F2-PZ03-A05-R11-B2,2.5
SAAR Location,F2-PZ03-A05-R11-C1,2.5
SAAR Location,F2-PZ03-A05-R11-C2,2.5
SAAR Location,F2-PZ03-A05-R11-D1,2.5
SAAR Location,F2-PZ03-A05-R11-D2,2.5
SAAR Location,F2-PZ03-A05-R11-E1,2.5
SAAR Location,F2-PZ03-A05-R11-E2,2.5
SAAR Location,F2-PZ03-A05-R12-A1,2.5
SAAR Location,F2-PZ03-A05-R12-A2,2.5
SAAR Location,F2-PZ03-A05-R12-B1,2.5
SAAR Location,F2-PZ03-A05-R12-B2,2.5
SAAR Location,F2-PZ03-A05-R12-C1,2.5
SAAR Location,F2-PZ03-A05-R12-C2,2.5
SAAR Location,F2-PZ03-A05-R12-D1,2.5
SAAR Location,F2-PZ03-A05-R12-D2,2.5
SAAR Location,F2-PZ03-A05-R12-E1,2.5
SAAR Location,F2-PZ03-A05-R12-E2,2.5
SAAR Location,F2-PZ03-A05-R13-A1,2.5
SAAR Location,F2-PZ03-A05-R13-A2,2.5
SAAR Location,F2-PZ03-A05-R13-B1,2.5
SAAR Location,F2-PZ03-A05-R13-B2,2.5
SAAR Location,F2-PZ03-A05-R13-C1,2.5
SAAR Location,F2-PZ03-A05-R13-C2,2.5
SAAR Location,F2-PZ03-A05-R13-D1,2.5
SAAR Location,F2-PZ03-A05-R13-D2,2.5
SAAR Location,F2-PZ03-A05-R13-E1,2.5
SAAR Location,F2-PZ03-A05-R13-E2,2.5
SAAR Location,F2-PZ03-A05-R14-A1,2.5
SAAR Location,F2-PZ03-A05-R14-A2,2.5
SAAR Location,F2-PZ03-A05-R14-B1,2.5
SAAR Location,F2-PZ03-A05-R14-B2,2.5
SAAR Location,F2-PZ03-A05-R14-C1,2.5
SAAR Location,F2-PZ03-A05-R14-C2,2.5
SAAR Location,F2-PZ03-A05-R14-D1,2.5
SAAR Location,F2-PZ03-A05-R14-D2,2.5
SAAR Location,F2-PZ03-A05-R14-E1,2.5
SAAR Location,F2-PZ03-A05-R14-E2,2.5
SAAR Location,F2-PZ03-A05-R15-A1,2.5
SAAR Location,F2-PZ03-A05-R15-A2,2.5
SAAR Location,F2-PZ03-A05-R15-B1,2.5
SAAR Location,F2-PZ03-A05-R15-B2,2.5
SAAR Location,F2-PZ03-A05-R15-C1,2.5
SAAR Location,F2-PZ03-A05-R15-C2,2.5
SAAR Location,F2-PZ03-A05-R15-D1,2.5
SAAR Location,F2-PZ03-A05-R15-D2,2.5
SAAR Location,F2-PZ03-A05-R15-E1,2.5
SAAR Location,F2-PZ03-A05-R15-E2,2.5
SAAR Location,F2-PZ03-A05-R16-A1,2.5
SAAR Location,F2-PZ03-A05-R16-A2,2.5
SAAR Location,F2-PZ03-A05-R16-B1,2.5
SAAR Location,F2-PZ03-A05-R16-B2,2.5
SAAR Location,F2-PZ03-A05-R16-C1,2.5
SAAR Location,F2-PZ03-A05-R16-C2,2.5
SAAR Location,F2-PZ03-A05-R16-D1,2.5
SAAR Location,F2-PZ03-A05-R16-D2,2.5
SAAR Location,F2-PZ03-A05-R16-E1,2.5
SAAR Location,F2-PZ03-A05-R16-E2,2.5
SAAR Location,F2-PZ03-A05-R17-A1,2.5
SAAR Location,F2-PZ03-A05-R17-A2,2.5
SAAR Location,F2-PZ03-A05-R17-B1,2.5
SAAR Location,F2-PZ03-A05-R17-B2,2.5
SAAR Location,F2-PZ03-A05-R17-C1,2.5
SAAR Location,F2-PZ03-A05-R17-C2,2.5
SAAR Location,F2-PZ03-A05-R17-D1,2.5
SAAR Location,F2-PZ03-A05-R17-D2,2.5
SAAR Location,F2-PZ03-A05-R17-E1,2.5
SAAR Location,F2-PZ03-A05-R17-E2,2.5
SAAR Location,F2-PZ03-A05-R18-A1,2.5
SAAR Location,F2-PZ03-A05-R18-A2,2.5
SAAR Location,F2-PZ03-A05-R18-B1,2.5
SAAR Location,F2-PZ03-A05-R18-B2,2.5
SAAR Location,F2-PZ03-A05-R18-C1,2.5
SAAR Location,F2-PZ03-A05-R18-C2,2.5
SAAR Location,F2-PZ03-A05-R18-D1,2.5
SAAR Location,F2-PZ03-A05-R18-D2,2.5
SAAR Location,F2-PZ03-A05-R18-E1,2.5
SAAR Location,F2-PZ03-A05-R18-E2,2.5
SAAR Location,F2-PZ03-A05-R19-A1,2.5
SAAR Location,F2-PZ03-A05-R19-A2,2.5
SAAR Location,F2-PZ03-A05-R19-B1,2.5
SAAR Location,F2-PZ03-A05-R19-B2,2.5
SAAR Location,F2-PZ03-A05-R19-C1,2.5
SAAR Location,F2-PZ03-A05-R19-C2,2.5
SAAR Location,F2-PZ03-A05-R19-D1,2.5
SAAR Location,F2-PZ03-A05-R19-D2,2.5
SAAR Location,F2-PZ03-A05-R19-E1,2.5
SAAR Location,F2-PZ03-A05-R19-E2,2.5
SAAR Location,F2-PZ03-A05-R20-A1,2.5
SAAR Location,F2-PZ03-A05-R20-A2,2.5
SAAR Location,F2-PZ03-A05-R20-B1,2.5
SAAR Location,F2-PZ03-A05-R20-B2,2.5
SAAR Location,F2-PZ03-A05-R20-C1,2.5
SAAR Location,F2-PZ03-A05-R20-C2,2.5
SAAR Location,F2-PZ03-A05-R20-D1,2.5
SAAR Location,F2-PZ03-A05-R20-D2,2.5
SAAR Location,F2-PZ03-A05-R20-E1,2.5
SAAR Location,F2-PZ03-A05-R20-E2,2.5
SAAR Location,F2-PZ03-A05-R21-A1,2.5
SAAR Location,F2-PZ03-A05-R21-A2,2.5
SAAR Location,F2-PZ03-A05-R21-B1,2.5
SAAR Location,F2-PZ03-A05-R21-B2,2.5
SAAR Location,F2-PZ03-A05-R21-C1,2.5
SAAR Location,F2-PZ03-A05-R21-C2,2.5
SAAR Location,F2-PZ03-A05-R21-D1,2.5
SAAR Location,F2-PZ03-A05-R21-D2,2.5
SAAR Location,F2-PZ03-A05-R21-E1,2.5
SAAR Location,F2-PZ03-A05-R21-E2,2.5
SAAR Location,F2-PZ03-A05-R22-A1,2.5
SAAR Location,F2-PZ03-A05-R22-A2,2.5
SAAR Location,F2-PZ03-A05-R22-B1,2.5
SAAR Location,F2-PZ03-A05-R22-B2,2.5
SAAR Location,F2-PZ03-A05-R22-C1,2.5
SAAR Location,F2-PZ03-A05-R22-C2,2.5
SAAR Location,F2-PZ03-A05-R22-D1,2.5
SAAR Location,F2-PZ03-A05-R22-D2,2.5
SAAR Location,F2-PZ03-A05-R22-E1,2.5
SAAR Location,F2-PZ03-A05-R22-E2,2.5
SAAR Location,F2-PZ03-A05-R23-A1,2.5
SAAR Location,F2-PZ03-A05-R23-A2,2.5
SAAR Location,F2-PZ03-A05-R23-B1,2.5
SAAR Location,F2-PZ03-A05-R23-B2,2.5
SAAR Location,F2-PZ03-A05-R23-C1,2.5
SAAR Location,F2-PZ03-A05-R23-C2,2.5
SAAR Location,F2-PZ03-A05-R23-D1,2.5
SAAR Location,F2-PZ03-A05-R23-D2,2.5
SAAR Location,F2-PZ03-A05-R23-E1,2.5
SAAR Location,F2-PZ03-A05-R23-E2,2.5
SAAR Location,F2-PZ03-A05-R24-A1,2.5
SAAR Location,F2-PZ03-A05-R24-A2,2.5
SAAR Location,F2-PZ03-A05-R24-B1,2.5
SAAR Location,F2-PZ03-A05-R24-B2,2.5
SAAR Location,F2-PZ03-A05-R24-C1,2.5
SAAR Location,F2-PZ03-A05-R24-C2,2.5
SAAR Location,F2-PZ03-A05-R24-D1,2.5
SAAR Location,F2-PZ03-A05-R24-D2,2.5
SAAR Location,F2-PZ03-A05-R24-E1,2.5
SAAR Location,F2-PZ03-A05-R24-E2,2.5
SAAR Location,F2-PZ03-A05-R25-A1,2.5
SAAR Location,F2-PZ03-A05-R25-A2,2.5
SAAR Location,F2-PZ03-A05-R25-B1,2.5
SAAR Location,F2-PZ03-A05-R25-B2,2.5
SAAR Location,F2-PZ03-A05-R25-C1,2.5
SAAR Location,F2-PZ03-A05-R25-C2,2.5
SAAR Location,F2-PZ03-A05-R25-D1,2.5
SAAR Location,F2-PZ03-A05-R25-D2,2.5
SAAR Location,F2-PZ03-A05-R25-E1,2.5
SAAR Location,F2-PZ03-A05-R25-E2,2.5
SAAR Location,F2-PZ03-A05-R26-A1,2.5
SAAR Location,F2-PZ03-A05-R26-A2,2.5
SAAR Location,F2-PZ03-A05-R26-B1,2.5
SAAR Location,F2-PZ03-A05-R26-B2,2.5
SAAR Location,F2-PZ03-A05-R26-C1,2.5
SAAR Location,F2-PZ03-A05-R26-C2,2.5
SAAR Location,F2-PZ03-A05-R26-D1,2.5
SAAR Location,F2-PZ03-A05-R26-D2,2.5
SAAR Location,F2-PZ03-A05-R26-E1,2.5
SAAR Location,F2-PZ03-A05-R26-E2,2.5
SAAR Location,F2-PZ03-A05-R27-A1,2.5
SAAR Location,F2-PZ03-A05-R27-A2,2.5
SAAR Location,F2-PZ03-A05-R27-B1,2.5
SAAR Location,F2-PZ03-A05-R27-B2,2.5
SAAR Location,F2-PZ03-A05-R27-C1,2.5
SAAR Location,F2-PZ03-A05-R27-C2,2.5
SAAR Location,F2-PZ03-A05-R27-D1,2.5
SAAR Location,F2-PZ03-A05-R27-D2,2.5
SAAR Location,F2-PZ03-A05-R27-E1,2.5
SAAR Location,F2-PZ03-A05-R27-E2,2.5
SAAR Location,F2-PZ03-A05-R28-A1,2.5
SAAR Location,F2-PZ03-A05-R28-A2,2.5
SAAR Location,F2-PZ03-A05-R28-B1,2.5
SAAR Location,F2-PZ03-A05-R28-B2,2.5
SAAR Location,F2-PZ03-A05-R28-C1,2.5
SAAR Location,F2-PZ03-A05-R28-C2,2.5
SAAR Location,F2-PZ03-A05-R28-D1,2.5
SAAR Location,F2-PZ03-A05-R28-D2,2.5
SAAR Location,F2-PZ03-A05-R28-E1,2.5
SAAR Location,F2-PZ03-A05-R28-E2,2.5
SAAR Location,F2-PZ03-A05-R29-A1,2.5
SAAR Location,F2-PZ03-A05-R29-A2,2.5
SAAR Location,F2-PZ03-A05-R29-B1,2.5
SAAR Location,F2-PZ03-A05-R29-B2,2.5
SAAR Location,F2-PZ03-A05-R29-C1,2.5
SAAR Location,F2-PZ03-A05-R29-C2,2.5
SAAR Location,F2-PZ03-A05-R29-D1,2.5
SAAR Location,F2-PZ03-A05-R29-D2,2.5
SAAR Location,F2-PZ03-A05-R29-E1,2.5
SAAR Location,F2-PZ03-A05-R29-E2,2.5
SAAR Location,F2-PZ03-A05-R30-A1,2.5
SAAR Location,F2-PZ03-A05-R30-A2,2.5
SAAR Location,F2-PZ03-A05-R30-B1,2.5
SAAR Location,F2-PZ03-A05-R30-B2,2.5
SAAR Location,F2-PZ03-A05-R30-C1,2.5
SAAR Location,F2-PZ03-A05-R30-C2,2.5
SAAR Location,F2-PZ03-A05-R30-D1,2.5
SAAR Location,F2-PZ03-A05-R30-D2,2.5
SAAR Location,F2-PZ03-A05-R30-E1,2.5
SAAR Location,F2-PZ03-A05-R30-E2,2.5
SAAR Location,F2-PZ03-A05-R31-A1,2.5
SAAR Location,F2-PZ03-A05-R31-A2,2.5
SAAR Location,F2-PZ03-A05-R31-B1,2.5
SAAR Location,F2-PZ03-A05-R31-B2,2.5
SAAR Location,F2-PZ03-A05-R31-C1,2.5
SAAR Location,F2-PZ03-A05-R31-C2,2.5
SAAR Location,F2-PZ03-A05-R31-D1,2.5
SAAR Location,F2-PZ03-A05-R31-D2,2.5
SAAR Location,F2-PZ03-A05-R31-E1,2.5
SAAR Location,F2-PZ03-A05-R31-E2,2.5
SAAR Location,F2-PZ03-A05-R32-A1,2.5
SAAR Location,F2-PZ03-A05-R32-A2,2.5
SAAR Location,F2-PZ03-A05-R32-B1,2.5
SAAR Location,F2-PZ03-A05-R32-B2,2.5
SAAR Location,F2-PZ03-A05-R32-C1,2.5
SAAR Location,F2-PZ03-A05-R32-C2,2.5
SAAR Location,F2-PZ03-A05-R32-D1,2.5
SAAR Location,F2-PZ03-A05-R32-D2,2.5
SAAR Location,F2-PZ03-A05-R32-E1,2.5
SAAR Location,F2-PZ03-A05-R32-E2,2.5
SAAR Location,F2-PZ03-A05-R33-A1,2.5
SAAR Location,F2-PZ03-A05-R33-A2,2.5
SAAR Location,F2-PZ03-A05-R33-B1,2.5
SAAR Location,F2-PZ03-A05-R33-B2,2.5
SAAR Location,F2-PZ03-A05-R33-C1,2.5
SAAR Location,F2-PZ03-A05-R33-C2,2.5
SAAR Location,F2-PZ03-A05-R33-D1,2.5
SAAR Location,F2-PZ03-A05-R33-D2,2.5
SAAR Location,F2-PZ03-A05-R33-E1,2.5
SAAR Location,F2-PZ03-A05-R33-E2,2.5
SAAR Location,F2-PZ03-A05-R34-A1,2.5
SAAR Location,F2-PZ03-A05-R34-A2,2.5
SAAR Location,F2-PZ03-A05-R34-B1,2.5
SAAR Location,F2-PZ03-A05-R34-B2,2.5
SAAR Location,F2-PZ03-A05-R34-C1,2.5
SAAR Location,F2-PZ03-A05-R34-C2,2.5
SAAR Location,F2-PZ03-A05-R34-D1,2.5
SAAR Location,F2-PZ03-A05-R34-D2,2.5
SAAR Location,F2-PZ03-A05-R34-E1,2.5
SAAR Location,F2-PZ03-A05-R34-E2,2.5
SAAR Location,F2-PZ03-A05-R35-A1,2.5
SAAR Location,F2-PZ03-A05-R35-A2,2.5
SAAR Location,F2-PZ03-A05-R35-B1,2.5
SAAR Location,F2-PZ03-A05-R35-B2,2.5
SAAR Location,F2-PZ03-A05-R35-C1,2.5
SAAR Location,F2-PZ03-A05-R35-C2,2.5
SAAR Location,F2-PZ03-A05-R35-D1,2.5
SAAR Location,F2-PZ03-A05-R35-D2,2.5
SAAR Location,F2-PZ03-A05-R35-E1,2.5
SAAR Location,F2-PZ03-A05-R35-E2,2.5
SAAR Location,F2-PZ03-A05-R36-A1,2.5
SAAR Location,F2-PZ03-A05-R36-A2,2.5
SAAR Location,F2-PZ03-A05-R36-B1,2.5
SAAR Location,F2-PZ03-A05-R36-B2,2.5
SAAR Location,F2-PZ03-A05-R36-C1,2.5
SAAR Location,F2-PZ03-A05-R36-C2,2.5
SAAR Location,F2-PZ03-A05-R36-D1,2.5
SAAR Location,F2-PZ03-A05-R36-D2,2.5
SAAR Location,F2-PZ03-A05-R36-E1,2.5
SAAR Location,F2-PZ03-A05-R36-E2,2.5
SAAR Location,F2-PZ03-A05-R37-A1,2.5
SAAR Location,F2-PZ03-A05-R37-A2,2.5
SAAR Location,F2-PZ03-A05-R37-B1,2.5
SAAR Location,F2-PZ03-A05-R37-B2,2.5
SAAR Location,F2-PZ03-A05-R37-C1,2.5
SAAR Location,F2-PZ03-A05-R37-C2,2.5
SAAR Location,F2-PZ03-A05-R37-D1,2.5
SAAR Location,F2-PZ03-A05-R37-D2,2.5
SAAR Location,F2-PZ03-A05-R37-E1,2.5
SAAR Location,F2-PZ03-A05-R37-E2,2.5
SAAR Location,F2-PZ03-A05-R38-A1,2.5
SAAR Location,F2-PZ03-A05-R38-A2,2.5
SAAR Location,F2-PZ03-A05-R38-B1,2.5
SAAR Location,F2-PZ03-A05-R38-B2,2.5
SAAR Location,F2-PZ03-A05-R38-C1,2.5
SAAR Location,F2-PZ03-A05-R38-C2,2.5
SAAR Location,F2-PZ03-A05-R38-D1,2.5
SAAR Location,F2-PZ03-A05-R38-D2,2.5
SAAR Location,F2-PZ03-A05-R38-E1,2.5
SAAR Location,F2-PZ03-A05-R38-E2,2.5
SAAR Location,F2-PZ03-A05-R39-A1,2.5
SAAR Location,F2-PZ03-A05-R39-A2,2.5
SAAR Location,F2-PZ03-A05-R39-B1,2.5
SAAR Location,F2-PZ03-A05-R39-B2,2.5
SAAR Location,F2-PZ03-A05-R39-C1,2.5
SAAR Location,F2-PZ03-A05-R39-C2,2.5
SAAR Location,F2-PZ03-A05-R39-D1,2.5
SAAR Location,F2-PZ03-A05-R39-D2,2.5
SAAR Location,F2-PZ03-A05-R39-E1,2.5
SAAR Location,F2-PZ03-A05-R39-E2,2.5
SAAR Location,F2-PZ03-A05-R40-A1,2.5
SAAR Location,F2-PZ03-A05-R40-A2,2.5
SAAR Location,F2-PZ03-A05-R40-B1,2.5
SAAR Location,F2-PZ03-A05-R40-B2,2.5
SAAR Location,F2-PZ03-A05-R40-C1,2.5
SAAR Location,F2-PZ03-A05-R40-C2,2.5
SAAR Location,F2-PZ03-A05-R40-D1,2.5
SAAR Location,F2-PZ03-A05-R40-D2,2.5
SAAR Location,F2-PZ03-A05-R40-E1,2.5
SAAR Location,F2-PZ03-A05-R40-E2,2.5
SAAR Location,F2-PZ03-A06-R01-A1,2.5
SAAR Location,F2-PZ03-A06-R01-A2,2.5
SAAR Location,F2-PZ03-A06-R01-B1,2.5
SAAR Location,F2-PZ03-A06-R01-B2,2.5
SAAR Location,F2-PZ03-A06-R01-C1,2.5
SAAR Location,F2-PZ03-A06-R01-C2,2.5
SAAR Location,F2-PZ03-A06-R01-D1,2.5
SAAR Location,F2-PZ03-A06-R01-D2,2.5
SAAR Location,F2-PZ03-A06-R01-E1,2.5
SAAR Location,F2-PZ03-A06-R01-E2,2.5
SAAR Location,F2-PZ03-A06-R02-A1,2.5
SAAR Location,F2-PZ03-A06-R02-A2,2.5
SAAR Location,F2-PZ03-A06-R02-B1,2.5
SAAR Location,F2-PZ03-A06-R02-B2,2.5
SAAR Location,F2-PZ03-A06-R02-C1,2.5
SAAR Location,F2-PZ03-A06-R02-C2,2.5
SAAR Location,F2-PZ03-A06-R02-D1,2.5
SAAR Location,F2-PZ03-A06-R02-D2,2.5
SAAR Location,F2-PZ03-A06-R02-E1,2.5
SAAR Location,F2-PZ03-A06-R02-E2,2.5
SAAR Location,F2-PZ03-A06-R03-A1,2.5
SAAR Location,F2-PZ03-A06-R03-A2,2.5
SAAR Location,F2-PZ03-A06-R03-B1,2.5
SAAR Location,F2-PZ03-A06-R03-B2,2.5
SAAR Location,F2-PZ03-A06-R03-C1,2.5
SAAR Location,F2-PZ03-A06-R03-C2,2.5
SAAR Location,F2-PZ03-A06-R03-D1,2.5
SAAR Location,F2-PZ03-A06-R03-D2,2.5
SAAR Location,F2-PZ03-A06-R03-E1,2.5
SAAR Location,F2-PZ03-A06-R03-E2,2.5
SAAR Location,F2-PZ03-A06-R04-A1,2.5
SAAR Location,F2-PZ03-A06-R04-A2,2.5
SAAR Location,F2-PZ03-A06-R04-B1,2.5
SAAR Location,F2-PZ03-A06-R04-B2,2.5
SAAR Location,F2-PZ03-A06-R04-C1,2.5
SAAR Location,F2-PZ03-A06-R04-C2,2.5
SAAR Location,F2-PZ03-A06-R04-D1,2.5
SAAR Location,F2-PZ03-A06-R04-D2,2.5
SAAR Location,F2-PZ03-A06-R04-E1,2.5
SAAR Location,F2-PZ03-A06-R04-E2,2.5
SAAR Location,F2-PZ03-A06-R05-A1,2.5
SAAR Location,F2-PZ03-A06-R05-A2,2.5
SAAR Location,F2-PZ03-A06-R05-B1,2.5
SAAR Location,F2-PZ03-A06-R05-B2,2.5
SAAR Location,F2-PZ03-A06-R05-C1,2.5
SAAR Location,F2-PZ03-A06-R05-C2,2.5
SAAR Location,F2-PZ03-A06-R05-D1,2.5
SAAR Location,F2-PZ03-A06-R05-D2,2.5
SAAR Location,F2-PZ03-A06-R05-E1,2.5
SAAR Location,F2-PZ03-A06-R05-E2,2.5
SAAR Location,F2-PZ03-A06-R06-A1,2.5
SAAR Location,F2-PZ03-A06-R06-A2,2.5
SAAR Location,F2-PZ03-A06-R06-B1,2.5
SAAR Location,F2-PZ03-A06-R06-B2,2.5
SAAR Location,F2-PZ03-A06-R06-C1,2.5
SAAR Location,F2-PZ03-A06-R06-C2,2.5
SAAR Location,F2-PZ03-A06-R06-D1,2.5
SAAR Location,F2-PZ03-A06-R06-D2,2.5
SAAR Location,F2-PZ03-A06-R06-E1,2.5
SAAR Location,F2-PZ03-A06-R06-E2,2.5
SAAR Location,F2-PZ03-A06-R07-A1,2.5
SAAR Location,F2-PZ03-A06-R07-A2,2.5
SAAR Location,F2-PZ03-A06-R07-B1,2.5
SAAR Location,F2-PZ03-A06-R07-B2,2.5
SAAR Location,F2-PZ03-A06-R07-C1,2.5
SAAR Location,F2-PZ03-A06-R07-C2,2.5
SAAR Location,F2-PZ03-A06-R07-D1,2.5
SAAR Location,F2-PZ03-A06-R07-D2,2.5
SAAR Location,F2-PZ03-A06-R07-E1,2.5
SAAR Location,F2-PZ03-A06-R07-E2,2.5
SAAR Location,F2-PZ03-A06-R08-A1,2.5
SAAR Location,F2-PZ03-A06-R08-A2,2.5
SAAR Location,F2-PZ03-A06-R08-B1,2.5
SAAR Location,F2-PZ03-A06-R08-B2,2.5
SAAR Location,F2-PZ03-A06-R08-C1,2.5
SAAR Location,F2-PZ03-A06-R08-C2,2.5
SAAR Location,F2-PZ03-A06-R08-D1,2.5
SAAR Location,F2-PZ03-A06-R08-D2,2.5
SAAR Location,F2-PZ03-A06-R08-E1,2.5
SAAR Location,F2-PZ03-A06-R08-E2,2.5
SAAR Location,F2-PZ03-A06-R09-A1,2.5
SAAR Location,F2-PZ03-A06-R09-A2,2.5
SAAR Location,F2-PZ03-A06-R09-B1,2.5
SAAR Location,F2-PZ03-A06-R09-B2,2.5
SAAR Location,F2-PZ03-A06-R09-C1,2.5
SAAR Location,F2-PZ03-A06-R09-C2,2.5
SAAR Location,F2-PZ03-A06-R09-D1,2.5
SAAR Location,F2-PZ03-A06-R09-D2,2.5
SAAR Location,F2-PZ03-A06-R09-E1,2.5
SAAR Location,F2-PZ03-A06-R09-E2,2.5
SAAR Location,F2-PZ03-A06-R10-A1,2.5
SAAR Location,F2-PZ03-A06-R10-A2,2.5
SAAR Location,F2-PZ03-A06-R10-B1,2.5
SAAR Location,F2-PZ03-A06-R10-B2,2.5
SAAR Location,F2-PZ03-A06-R10-C1,2.5
SAAR Location,F2-PZ03-A06-R10-C2,2.5
SAAR Location,F2-PZ03-A06-R10-D1,2.5
SAAR Location,F2-PZ03-A06-R10-D2,2.5
SAAR Location,F2-PZ03-A06-R10-E1,2.5
SAAR Location,F2-PZ03-A06-R10-E2,2.5
SAAR Location,F2-PZ03-A06-R11-A1,2.5
SAAR Location,F2-PZ03-A06-R11-A2,2.5
SAAR Location,F2-PZ03-A06-R11-B1,2.5
SAAR Location,F2-PZ03-A06-R11-B2,2.5
SAAR Location,F2-PZ03-A06-R11-C1,2.5
SAAR Location,F2-PZ03-A06-R11-C2,2.5
SAAR Location,F2-PZ03-A06-R11-D1,2.5
SAAR Location,F2-PZ03-A06-R11-D2,2.5
SAAR Location,F2-PZ03-A06-R11-E1,2.5
SAAR Location,F2-PZ03-A06-R11-E2,2.5
SAAR Location,F2-PZ03-A06-R12-A1,2.5
SAAR Location,F2-PZ03-A06-R12-A2,2.5
SAAR Location,F2-PZ03-A06-R12-B1,2.5
SAAR Location,F2-PZ03-A06-R12-B2,2.5
SAAR Location,F2-PZ03-A06-R12-C1,2.5
SAAR Location,F2-PZ03-A06-R12-C2,2.5
SAAR Location,F2-PZ03-A06-R12-D1,2.5
SAAR Location,F2-PZ03-A06-R12-D2,2.5
SAAR Location,F2-PZ03-A06-R12-E1,2.5
SAAR Location,F2-PZ03-A06-R12-E2,2.5
SAAR Location,F2-PZ03-A06-R13-A1,2.5
SAAR Location,F2-PZ03-A06-R13-A2,2.5
SAAR Location,F2-PZ03-A06-R13-B1,2.5
SAAR Location,F2-PZ03-A06-R13-B2,2.5
SAAR Location,F2-PZ03-A06-R13-C1,2.5
SAAR Location,F2-PZ03-A06-R13-C2,2.5
SAAR Location,F2-PZ03-A06-R13-D1,2.5
SAAR Location,F2-PZ03-A06-R13-D2,2.5
SAAR Location,F2-PZ03-A06-R13-E1,2.5
SAAR Location,F2-PZ03-A06-R13-E2,2.5
SAAR Location,F2-PZ03-A06-R14-A1,2.5
SAAR Location,F2-PZ03-A06-R14-A2,2.5
SAAR Location,F2-PZ03-A06-R14-B1,2.5
SAAR Location,F2-PZ03-A06-R14-B2,2.5
SAAR Location,F2-PZ03-A06-R14-C1,2.5
SAAR Location,F2-PZ03-A06-R14-C2,2.5
SAAR Location,F2-PZ03-A06-R14-D1,2.5
SAAR Location,F2-PZ03-A06-R14-D2,2.5
SAAR Location,F2-PZ03-A06-R14-E1,2.5
SAAR Location,F2-PZ03-A06-R14-E2,2.5
SAAR Location,F2-PZ03-A06-R15-A1,2.5
SAAR Location,F2-PZ03-A06-R15-A2,2.5
SAAR Location,F2-PZ03-A06-R15-B1,2.5
SAAR Location,F2-PZ03-A06-R15-B2,2.5
SAAR Location,F2-PZ03-A06-R15-C1,2.5
SAAR Location,F2-PZ03-A06-R15-C2,2.5
SAAR Location,F2-PZ03-A06-R15-D1,2.5
SAAR Location,F2-PZ03-A06-R15-D2,2.5
SAAR Location,F2-PZ03-A06-R15-E1,2.5
SAAR Location,F2-PZ03-A06-R15-E2,2.5
SAAR Location,F2-PZ03-A06-R16-A1,2.5
SAAR Location,F2-PZ03-A06-R16-A2,2.5
SAAR Location,F2-PZ03-A06-R16-B1,2.5
SAAR Location,F2-PZ03-A06-R16-B2,2.5
SAAR Location,F2-PZ03-A06-R16-C1,2.5
SAAR Location,F2-PZ03-A06-R16-C2,2.5
SAAR Location,F2-PZ03-A06-R16-D1,2.5
SAAR Location,F2-PZ03-A06-R16-D2,2.5
SAAR Location,F2-PZ03-A06-R16-E1,2.5
SAAR Location,F2-PZ03-A06-R16-E2,2.5
SAAR Location,F2-PZ03-A06-R17-A1,2.5
SAAR Location,F2-PZ03-A06-R17-A2,2.5
SAAR Location,F2-PZ03-A06-R17-B1,2.5
SAAR Location,F2-PZ03-A06-R17-B2,2.5
SAAR Location,F2-PZ03-A06-R17-C1,2.5
SAAR Location,F2-PZ03-A06-R17-C2,2.5
SAAR Location,F2-PZ03-A06-R17-D1,2.5
SAAR Location,F2-PZ03-A06-R17-D2,2.5
SAAR Location,F2-PZ03-A06-R17-E1,2.5
SAAR Location,F2-PZ03-A06-R17-E2,2.5
SAAR Location,F2-PZ03-A06-R18-A1,2.5
SAAR Location,F2-PZ03-A06-R18-A2,2.5
SAAR Location,F2-PZ03-A06-R18-B1,2.5
SAAR Location,F2-PZ03-A06-R18-B2,2.5
SAAR Location,F2-PZ03-A06-R18-C1,2.5
SAAR Location,F2-PZ03-A06-R18-C2,2.5
SAAR Location,F2-PZ03-A06-R18-D1,2.5
SAAR Location,F2-PZ03-A06-R18-D2,2.5
SAAR Location,F2-PZ03-A06-R18-E1,2.5
SAAR Location,F2-PZ03-A06-R18-E2,2.5
SAAR Location,F2-PZ03-A06-R19-A1,2.5
SAAR Location,F2-PZ03-A06-R19-A2,2.5
SAAR Location,F2-PZ03-A06-R19-B1,2.5
SAAR Location,F2-PZ03-A06-R19-B2,2.5
SAAR Location,F2-PZ03-A06-R19-C1,2.5
SAAR Location,F2-PZ03-A06-R19-C2,2.5
SAAR Location,F2-PZ03-A06-R19-D1,2.5
SAAR Location,F2-PZ03-A06-R19-D2,2.5
SAAR Location,F2-PZ03-A06-R19-E1,2.5
SAAR Location,F2-PZ03-A06-R19-E2,2.5
SAAR Location,F2-PZ03-A06-R20-A1,2.5
SAAR Location,F2-PZ03-A06-R20-A2,2.5
SAAR Location,F2-PZ03-A06-R20-B1,2.5
SAAR Location,F2-PZ03-A06-R20-B2,2.5
SAAR Location,F2-PZ03-A06-R20-C1,2.5
SAAR Location,F2-PZ03-A06-R20-C2,2.5
SAAR Location,F2-PZ03-A06-R20-D1,2.5
SAAR Location,F2-PZ03-A06-R20-D2,2.5
SAAR Location,F2-PZ03-A06-R20-E1,2.5
SAAR Location,F2-PZ03-A06-R20-E2,2.5
SAAR Location,F2-PZ03-A07-R01-A1,2.5
SAAR Location,F2-PZ03-A07-R01-A2,2.5
SAAR Location,F2-PZ03-A07-R01-B1,2.5
SAAR Location,F2-PZ03-A07-R01-B2,2.5
SAAR Location,F2-PZ03-A07-R01-C1,2.5
SAAR Location,F2-PZ03-A07-R01-C2,2.5
SAAR Location,F2-PZ03-A07-R01-D1,2.5
SAAR Location,F2-PZ03-A07-R01-D2,2.5
SAAR Location,F2-PZ03-A07-R01-E1,2.5
SAAR Location,F2-PZ03-A07-R01-E2,2.5
SAAR Location,F2-PZ03-A07-R02-A1,2.5
SAAR Location,F2-PZ03-A07-R02-A2,2.5
SAAR Location,F2-PZ03-A07-R02-B1,2.5
SAAR Location,F2-PZ03-A07-R02-B2,2.5
SAAR Location,F2-PZ03-A07-R02-C1,2.5
SAAR Location,F2-PZ03-A07-R02-C2,2.5
SAAR Location,F2-PZ03-A07-R02-D1,2.5
SAAR Location,F2-PZ03-A07-R02-D2,2.5
SAAR Location,F2-PZ03-A07-R02-E1,2.5
SAAR Location,F2-PZ03-A07-R02-E2,2.5
SAAR Location,F2-PZ03-A07-R03-A1,2.5
SAAR Location,F2-PZ03-A07-R03-A2,2.5
SAAR Location,F2-PZ03-A07-R03-B1,2.5
SAAR Location,F2-PZ03-A07-R03-B2,2.5
SAAR Location,F2-PZ03-A07-R03-C1,2.5
SAAR Location,F2-PZ03-A07-R03-C2,2.5
SAAR Location,F2-PZ03-A07-R03-D1,2.5
SAAR Location,F2-PZ03-A07-R03-D2,2.5
SAAR Location,F2-PZ03-A07-R03-E1,2.5
SAAR Location,F2-PZ03-A07-R03-E2,2.5
SAAR Location,F2-PZ03-A07-R04-A1,2.5
SAAR Location,F2-PZ03-A07-R04-A2,2.5
SAAR Location,F2-PZ03-A07-R04-B1,2.5
SAAR Location,F2-PZ03-A07-R04-B2,2.5
SAAR Location,F2-PZ03-A07-R04-C1,2.5
SAAR Location,F2-PZ03-A07-R04-C2,2.5
SAAR Location,F2-PZ03-A07-R04-D1,2.5
SAAR Location,F2-PZ03-A07-R04-D2,2.5
SAAR Location,F2-PZ03-A07-R04-E1,2.5
SAAR Location,F2-PZ03-A07-R04-E2,2.5
SAAR Location,F2-PZ03-A07-R05-A1,2.5
SAAR Location,F2-PZ03-A07-R05-A2,2.5
SAAR Location,F2-PZ03-A07-R05-B1,2.5
SAAR Location,F2-PZ03-A07-R05-B2,2.5
SAAR Location,F2-PZ03-A07-R05-C1,2.5
SAAR Location,F2-PZ03-A07-R05-C2,2.5
SAAR Location,F2-PZ03-A07-R05-D1,2.5
SAAR Location,F2-PZ03-A07-R05-D2,2.5
SAAR Location,F2-PZ03-A07-R05-E1,2.5
SAAR Location,F2-PZ03-A07-R05-E2,2.5
SAAR Location,F2-PZ03-A07-R06-A1,2.5
SAAR Location,F2-PZ03-A07-R06-A2,2.5
SAAR Location,F2-PZ03-A07-R06-B1,2.5
SAAR Location,F2-PZ03-A07-R06-B2,2.5
SAAR Location,F2-PZ03-A07-R06-C1,2.5
SAAR Location,F2-PZ03-A07-R06-C2,2.5
SAAR Location,F2-PZ03-A07-R06-D1,2.5
SAAR Location,F2-PZ03-A07-R06-D2,2.5
SAAR Location,F2-PZ03-A07-R06-E1,2.5
SAAR Location,F2-PZ03-A07-R06-E2,2.5
SAAR Location,F2-PZ03-A07-R07-A1,2.5
SAAR Location,F2-PZ03-A07-R07-A2,2.5
SAAR Location,F2-PZ03-A07-R07-B1,2.5
SAAR Location,F2-PZ03-A07-R07-B2,2.5
SAAR Location,F2-PZ03-A07-R07-C1,2.5
SAAR Location,F2-PZ03-A07-R07-C2,2.5
SAAR Location,F2-PZ03-A07-R07-D1,2.5
SAAR Location,F2-PZ03-A07-R07-D2,2.5
SAAR Location,F2-PZ03-A07-R07-E1,2.5
SAAR Location,F2-PZ03-A07-R07-E2,2.5
SAAR Location,F2-PZ03-A07-R08-A1,2.5
SAAR Location,F2-PZ03-A07-R08-A2,2.5
SAAR Location,F2-PZ03-A07-R08-B1,2.5
SAAR Location,F2-PZ03-A07-R08-B2,2.5
SAAR Location,F2-PZ03-A07-R08-C1,2.5
SAAR Location,F2-PZ03-A07-R08-C2,2.5
SAAR Location,F2-PZ03-A07-R08-D1,2.5
SAAR Location,F2-PZ03-A07-R08-D2,2.5
SAAR Location,F2-PZ03-A07-R08-E1,2.5
SAAR Location,F2-PZ03-A07-R08-E2,2.5
SAAR Location,F2-PZ03-A07-R09-A1,2.5
SAAR Location,F2-PZ03-A07-R09-A2,2.5
SAAR Location,F2-PZ03-A07-R09-B1,2.5
SAAR Location,F2-PZ03-A07-R09-B2,2.5
SAAR Location,F2-PZ03-A07-R09-C1,2.5
SAAR Location,F2-PZ03-A07-R09-C2,2.5
SAAR Location,F2-PZ03-A07-R09-D1,2.5
SAAR Location,F2-PZ03-A07-R09-D2,2.5
SAAR Location,F2-PZ03-A07-R09-E1,2.5
SAAR Location,F2-PZ03-A07-R09-E2,2.5
SAAR Location,F2-PZ03-A07-R10-A1,2.5
SAAR Location,F2-PZ03-A07-R10-A2,2.5
SAAR Location,F2-PZ03-A07-R10-B1,2.5
SAAR Location,F2-PZ03-A07-R10-B2,2.5
SAAR Location,F2-PZ03-A07-R10-C1,2.5
SAAR Location,F2-PZ03-A07-R10-C2,2.5
SAAR Location,F2-PZ03-A07-R10-D1,2.5
SAAR Location,F2-PZ03-A07-R10-D2,2.5
SAAR Location,F2-PZ03-A07-R10-E1,2.5
SAAR Location,F2-PZ03-A07-R10-E2,2.5
SAAR Location,F2-PZ03-A07-R11-A1,2.5
SAAR Location,F2-PZ03-A07-R11-A2,2.5
SAAR Location,F2-PZ03-A07-R11-B1,2.5
SAAR Location,F2-PZ03-A07-R11-B2,2.5
SAAR Location,F2-PZ03-A07-R11-C1,2.5
SAAR Location,F2-PZ03-A07-R11-C2,2.5
SAAR Location,F2-PZ03-A07-R11-D1,2.5
SAAR Location,F2-PZ03-A07-R11-D2,2.5
SAAR Location,F2-PZ03-A07-R11-E1,2.5
SAAR Location,F2-PZ03-A07-R11-E2,2.5
SAAR Location,F2-PZ03-A07-R12-A1,2.5
SAAR Location,F2-PZ03-A07-R12-A2,2.5
SAAR Location,F2-PZ03-A07-R12-B1,2.5
SAAR Location,F2-PZ03-A07-R12-B2,2.5
SAAR Location,F2-PZ03-A07-R12-C1,2.5
SAAR Location,F2-PZ03-A07-R12-C2,2.5
SAAR Location,F2-PZ03-A07-R12-D1,2.5
SAAR Location,F2-PZ03-A07-R12-D2,2.5
SAAR Location,F2-PZ03-A07-R12-E1,2.5
SAAR Location,F2-PZ03-A07-R12-E2,2.5
SAAR Location,F2-PZ03-A07-R13-A1,2.5
SAAR Location,F2-PZ03-A07-R13-A2,2.5
SAAR Location,F2-PZ03-A07-R13-B1,2.5
SAAR Location,F2-PZ03-A07-R13-B2,2.5
SAAR Location,F2-PZ03-A07-R13-C1,2.5
SAAR Location,F2-PZ03-A07-R13-C2,2.5
SAAR Location,F2-PZ03-A07-R13-D1,2.5
SAAR Location,F2-PZ03-A07-R13-D2,2.5
SAAR Location,F2-PZ03-A07-R13-E1,2.5
SAAR Location,F2-PZ03-A07-R13-E2,2.5
SAAR Location,F2-PZ03-A07-R14-A1,2.5
SAAR Location,F2-PZ03-A07-R14-A2,2.5
SAAR Location,F2-PZ03-A07-R14-B1,2.5
SAAR Location,F2-PZ03-A07-R14-B2,2.5
SAAR Location,F2-PZ03-A07-R14-C1,2.5
SAAR Location,F2-PZ03-A07-R14-C2,2.5
SAAR Location,F2-PZ03-A07-R14-D1,2.5
SAAR Location,F2-PZ03-A07-R14-D2,2.5
SAAR Location,F2-PZ03-A07-R14-E1,2.5
SAAR Location,F2-PZ03-A07-R14-E2,2.5
SAAR Location,F2-PZ03-A07-R15-A1,2.5
SAAR Location,F2-PZ03-A07-R15-A2,2.5
SAAR Location,F2-PZ03-A07-R15-B1,2.5
SAAR Location,F2-PZ03-A07-R15-B2,2.5
SAAR Location,F2-PZ03-A07-R15-C1,2.5
SAAR Location,F2-PZ03-A07-R15-C2,2.5
SAAR Location,F2-PZ03-A07-R15-D1,2.5
SAAR Location,F2-PZ03-A07-R15-D2,2.5
SAAR Location,F2-PZ03-A07-R15-E1,2.5
SAAR Location,F2-PZ03-A07-R15-E2,2.5
SAAR Location,F2-PZ03-A07-R16-A1,2.5
SAAR Location,F2-PZ03-A07-R16-A2,2.5
SAAR Location,F2-PZ03-A07-R16-B1,2.5
SAAR Location,F2-PZ03-A07-R16-B2,2.5
SAAR Location,F2-PZ03-A07-R16-C1,2.5
SAAR Location,F2-PZ03-A07-R16-C2,2.5
SAAR Location,F2-PZ03-A07-R16-D1,2.5
SAAR Location,F2-PZ03-A07-R16-D2,2.5
SAAR Location,F2-PZ03-A07-R16-E1,2.5
SAAR Location,F2-PZ03-A07-R16-E2,2.5
SAAR Location,F2-PZ03-A07-R17-A1,2.5
SAAR Location,F2-PZ03-A07-R17-A2,2.5
SAAR Location,F2-PZ03-A07-R17-B1,2.5
SAAR Location,F2-PZ03-A07-R17-B2,2.5
SAAR Location,F2-PZ03-A07-R17-C1,2.5
SAAR Location,F2-PZ03-A07-R17-C2,2.5
SAAR Location,F2-PZ03-A07-R17-D1,2.5
SAAR Location,F2-PZ03-A07-R17-D2,2.5
SAAR Location,F2-PZ03-A07-R17-E1,2.5
SAAR Location,F2-PZ03-A07-R17-E2,2.5
SAAR Location,F2-PZ03-A07-R18-A1,2.5
SAAR Location,F2-PZ03-A07-R18-A2,2.5
SAAR Location,F2-PZ03-A07-R18-B1,2.5
SAAR Location,F2-PZ03-A07-R18-B2,2.5
SAAR Location,F2-PZ03-A07-R18-C1,2.5
SAAR Location,F2-PZ03-A07-R18-C2,2.5
SAAR Location,F2-PZ03-A07-R18-D1,2.5
SAAR Location,F2-PZ03-A07-R18-D2,2.5
SAAR Location,F2-PZ03-A07-R18-E1,2.5
SAAR Location,F2-PZ03-A07-R18-E2,2.5
SAAR Location,F2-PZ03-A07-R19-A1,2.5
SAAR Location,F2-PZ03-A07-R19-A2,2.5
SAAR Location,F2-PZ03-A07-R19-B1,2.5
SAAR Location,F2-PZ03-A07-R19-B2,2.5
SAAR Location,F2-PZ03-A07-R19-C1,2.5
SAAR Location,F2-PZ03-A07-R19-C2,2.5
SAAR Location,F2-PZ03-A07-R19-D1,2.5
SAAR Location,F2-PZ03-A07-R19-D2,2.5
SAAR Location,F2-PZ03-A07-R19-E1,2.5
SAAR Location,F2-PZ03-A07-R19-E2,2.5
SAAR Location,F2-PZ03-A07-R20-A1,2.5
SAAR Location,F2-PZ03-A07-R20-A2,2.5
SAAR Location,F2-PZ03-A07-R20-B1,2.5
SAAR Location,F2-PZ03-A07-R20-B2,2.5
SAAR Location,F2-PZ03-A07-R20-C1,2.5
SAAR Location,F2-PZ03-A07-R20-C2,2.5
SAAR Location,F2-PZ03-A07-R20-D1,2.5
SAAR Location,F2-PZ03-A07-R20-D2,2.5
SAAR Location,F2-PZ03-A07-R20-E1,2.5
SAAR Location,F2-PZ03-A07-R20-E2,2.5
SAAR Location,F2-PZ03-A07-R21-A1,2.5
SAAR Location,F2-PZ03-A07-R21-A2,2.5
SAAR Location,F2-PZ03-A07-R21-B1,2.5
SAAR Location,F2-PZ03-A07-R21-B2,2.5
SAAR Location,F2-PZ03-A07-R21-C1,2.5
SAAR Location,F2-PZ03-A07-R21-C2,2.5
SAAR Location,F2-PZ03-A07-R21-D1,2.5
SAAR Location,F2-PZ03-A07-R21-D2,2.5
SAAR Location,F2-PZ03-A07-R21-E1,2.5
SAAR Location,F2-PZ03-A07-R21-E2,2.5
SAAR Location,F2-PZ03-A07-R22-A1,2.5
SAAR Location,F2-PZ03-A07-R22-A2,2.5
SAAR Location,F2-PZ03-A07-R22-B1,2.5
SAAR Location,F2-PZ03-A07-R22-B2,2.5
SAAR Location,F2-PZ03-A07-R22-C1,2.5
SAAR Location,F2-PZ03-A07-R22-C2,2.5
SAAR Location,F2-PZ03-A07-R22-D1,2.5
SAAR Location,F2-PZ03-A07-R22-D2,2.5
SAAR Location,F2-PZ03-A07-R22-E1,2.5
SAAR Location,F2-PZ03-A07-R22-E2,2.5
SAAR Location,F2-PZ03-A07-R23-A1,2.5
SAAR Location,F2-PZ03-A07-R23-A2,2.5
SAAR Location,F2-PZ03-A07-R23-B1,2.5
SAAR Location,F2-PZ03-A07-R23-B2,2.5
SAAR Location,F2-PZ03-A07-R23-C1,2.5
SAAR Location,F2-PZ03-A07-R23-C2,2.5
SAAR Location,F2-PZ03-A07-R23-D1,2.5
SAAR Location,F2-PZ03-A07-R23-D2,2.5
SAAR Location,F2-PZ03-A07-R23-E1,2.5
SAAR Location,F2-PZ03-A07-R23-E2,2.5
SAAR Location,F2-PZ03-A07-R24-A1,2.5
SAAR Location,F2-PZ03-A07-R24-A2,2.5
SAAR Location,F2-PZ03-A07-R24-B1,2.5
SAAR Location,F2-PZ03-A07-R24-B2,2.5
SAAR Location,F2-PZ03-A07-R24-C1,2.5
SAAR Location,F2-PZ03-A07-R24-C2,2.5
SAAR Location,F2-PZ03-A07-R24-D1,2.5
SAAR Location,F2-PZ03-A07-R24-D2,2.5
SAAR Location,F2-PZ03-A07-R24-E1,2.5
SAAR Location,F2-PZ03-A07-R24-E2,2.5
SAAR Location,F2-PZ03-A07-R25-A1,2.5
SAAR Location,F2-PZ03-A07-R25-A2,2.5
SAAR Location,F2-PZ03-A07-R25-B1,2.5
SAAR Location,F2-PZ03-A07-R25-B2,2.5
SAAR Location,F2-PZ03-A07-R25-C1,2.5
SAAR Location,F2-PZ03-A07-R25-C2,2.5
SAAR Location,F2-PZ03-A07-R25-D1,2.5
SAAR Location,F2-PZ03-A07-R25-D2,2.5
SAAR Location,F2-PZ03-A07-R25-E1,2.5
SAAR Location,F2-PZ03-A07-R25-E2,2.5
SAAR Location,F2-PZ03-A07-R26-A1,2.5
SAAR Location,F2-PZ03-A07-R26-A2,2.5
SAAR Location,F2-PZ03-A07-R26-B1,2.5
SAAR Location,F2-PZ03-A07-R26-B2,2.5
SAAR Location,F2-PZ03-A07-R26-C1,2.5
SAAR Location,F2-PZ03-A07-R26-C2,2.5
SAAR Location,F2-PZ03-A07-R26-D1,2.5
SAAR Location,F2-PZ03-A07-R26-D2,2.5
SAAR Location,F2-PZ03-A07-R26-E1,2.5
SAAR Location,F2-PZ03-A07-R26-E2,2.5
SAAR Location,F2-PZ03-A07-R27-A1,2.5
SAAR Location,F2-PZ03-A07-R27-A2,2.5
SAAR Location,F2-PZ03-A07-R27-B1,2.5
SAAR Location,F2-PZ03-A07-R27-B2,2.5
SAAR Location,F2-PZ03-A07-R27-C1,2.5
SAAR Location,F2-PZ03-A07-R27-C2,2.5
SAAR Location,F2-PZ03-A07-R27-D1,2.5
SAAR Location,F2-PZ03-A07-R27-D2,2.5
SAAR Location,F2-PZ03-A07-R27-E1,2.5
SAAR Location,F2-PZ03-A07-R27-E2,2.5
SAAR Location,F2-PZ03-A07-R28-A1,2.5
SAAR Location,F2-PZ03-A07-R28-A2,2.5
SAAR Location,F2-PZ03-A07-R28-B1,2.5
SAAR Location,F2-PZ03-A07-R28-B2,2.5
SAAR Location,F2-PZ03-A07-R28-C1,2.5
SAAR Location,F2-PZ03-A07-R28-C2,2.5
SAAR Location,F2-PZ03-A07-R28-D1,2.5
SAAR Location,F2-PZ03-A07-R28-D2,2.5
SAAR Location,F2-PZ03-A07-R28-E1,2.5
SAAR Location,F2-PZ03-A07-R28-E2,2.5
SAAR Location,F2-PZ03-A07-R29-A1,2.5
SAAR Location,F2-PZ03-A07-R29-A2,2.5
SAAR Location,F2-PZ03-A07-R29-B1,2.5
SAAR Location,F2-PZ03-A07-R29-B2,2.5
SAAR Location,F2-PZ03-A07-R29-C1,2.5
SAAR Location,F2-PZ03-A07-R29-C2,2.5
SAAR Location,F2-PZ03-A07-R29-D1,2.5
SAAR Location,F2-PZ03-A07-R29-D2,2.5
SAAR Location,F2-PZ03-A07-R29-E1,2.5
SAAR Location,F2-PZ03-A07-R29-E2,2.5
SAAR Location,F2-PZ03-A07-R30-A1,2.5
SAAR Location,F2-PZ03-A07-R30-A2,2.5
SAAR Location,F2-PZ03-A07-R30-B1,2.5
SAAR Location,F2-PZ03-A07-R30-B2,2.5
SAAR Location,F2-PZ03-A07-R30-C1,2.5
SAAR Location,F2-PZ03-A07-R30-C2,2.5
SAAR Location,F2-PZ03-A07-R30-D1,2.5
SAAR Location,F2-PZ03-A07-R30-D2,2.5
SAAR Location,F2-PZ03-A07-R30-E1,2.5
SAAR Location,F2-PZ03-A07-R30-E2,2.5
SAAR Location,F2-PZ03-A07-R31-A1,2.5
SAAR Location,F2-PZ03-A07-R31-A2,2.5
SAAR Location,F2-PZ03-A07-R31-B1,2.5
SAAR Location,F2-PZ03-A07-R31-B2,2.5
SAAR Location,F2-PZ03-A07-R31-C1,2.5
SAAR Location,F2-PZ03-A07-R31-C2,2.5
SAAR Location,F2-PZ03-A07-R31-D1,2.5
SAAR Location,F2-PZ03-A07-R31-D2,2.5
SAAR Location,F2-PZ03-A07-R31-E1,2.5
SAAR Location,F2-PZ03-A07-R31-E2,2.5
SAAR Location,F2-PZ03-A07-R32-A1,2.5
SAAR Location,F2-PZ03-A07-R32-A2,2.5
SAAR Location,F2-PZ03-A07-R32-B1,2.5
SAAR Location,F2-PZ03-A07-R32-B2,2.5
SAAR Location,F2-PZ03-A07-R32-C1,2.5
SAAR Location,F2-PZ03-A07-R32-C2,2.5
SAAR Location,F2-PZ03-A07-R32-D1,2.5
SAAR Location,F2-PZ03-A07-R32-D2,2.5
SAAR Location,F2-PZ03-A07-R32-E1,2.5
SAAR Location,F2-PZ03-A07-R32-E2,2.5
SAAR Location,F2-PZ03-A07-R33-A1,2.5
SAAR Location,F2-PZ03-A07-R33-A2,2.5
SAAR Location,F2-PZ03-A07-R33-B1,2.5
SAAR Location,F2-PZ03-A07-R33-B2,2.5
SAAR Location,F2-PZ03-A07-R33-C1,2.5
SAAR Location,F2-PZ03-A07-R33-C2,2.5
SAAR Location,F2-PZ03-A07-R33-D1,2.5
SAAR Location,F2-PZ03-A07-R33-D2,2.5
SAAR Location,F2-PZ03-A07-R33-E1,2.5
SAAR Location,F2-PZ03-A07-R33-E2,2.5
SAAR Location,F2-PZ03-A07-R34-A1,2.5
SAAR Location,F2-PZ03-A07-R34-A2,2.5
SAAR Location,F2-PZ03-A07-R34-B1,2.5
SAAR Location,F2-PZ03-A07-R34-B2,2.5
SAAR Location,F2-PZ03-A07-R34-C1,2.5
SAAR Location,F2-PZ03-A07-R34-C2,2.5
SAAR Location,F2-PZ03-A07-R34-D1,2.5
SAAR Location,F2-PZ03-A07-R34-D2,2.5
SAAR Location,F2-PZ03-A07-R34-E1,2.5
SAAR Location,F2-PZ03-A07-R34-E2,2.5
SAAR Location,F2-PZ03-A07-R35-A1,2.5
SAAR Location,F2-PZ03-A07-R35-A2,2.5
SAAR Location,F2-PZ03-A07-R35-B1,2.5
SAAR Location,F2-PZ03-A07-R35-B2,2.5
SAAR Location,F2-PZ03-A07-R35-C1,2.5
SAAR Location,F2-PZ03-A07-R35-C2,2.5
SAAR Location,F2-PZ03-A07-R35-D1,2.5
SAAR Location,F2-PZ03-A07-R35-D2,2.5
SAAR Location,F2-PZ03-A07-R35-E1,2.5
SAAR Location,F2-PZ03-A07-R35-E2,2.5
SAAR Location,F2-PZ03-A07-R36-A1,2.5
SAAR Location,F2-PZ03-A07-R36-A2,2.5
SAAR Location,F2-PZ03-A07-R36-B1,2.5
SAAR Location,F2-PZ03-A07-R36-B2,2.5
SAAR Location,F2-PZ03-A07-R36-C1,2.5
SAAR Location,F2-PZ03-A07-R36-C2,2.5
SAAR Location,F2-PZ03-A07-R36-D1,2.5
SAAR Location,F2-PZ03-A07-R36-D2,2.5
SAAR Location,F2-PZ03-A07-R36-E1,2.5
SAAR Location,F2-PZ03-A07-R36-E2,2.5
SAAR Location,F2-PZ03-A07-R37-A1,2.5
SAAR Location,F2-PZ03-A07-R37-A2,2.5
SAAR Location,F2-PZ03-A07-R37-B1,2.5
SAAR Location,F2-PZ03-A07-R37-B2,2.5
SAAR Location,F2-PZ03-A07-R37-C1,2.5
SAAR Location,F2-PZ03-A07-R37-C2,2.5
SAAR Location,F2-PZ03-A07-R37-D1,2.5
SAAR Location,F2-PZ03-A07-R37-D2,2.5
SAAR Location,F2-PZ03-A07-R37-E1,2.5
SAAR Location,F2-PZ03-A07-R37-E2,2.5
SAAR Location,F2-PZ03-A07-R38-A1,2.5
SAAR Location,F2-PZ03-A07-R38-A2,2.5
SAAR Location,F2-PZ03-A07-R38-B1,2.5
SAAR Location,F2-PZ03-A07-R38-B2,2.5
SAAR Location,F2-PZ03-A07-R38-C1,2.5
SAAR Location,F2-PZ03-A07-R38-C2,2.5
SAAR Location,F2-PZ03-A07-R38-D1,2.5
SAAR Location,F2-PZ03-A07-R38-D2,2.5
SAAR Location,F2-PZ03-A07-R38-E1,2.5
SAAR Location,F2-PZ03-A07-R38-E2,2.5
SAAR Location,F2-PZ03-A07-R39-A1,2.5
SAAR Location,F2-PZ03-A07-R39-A2,2.5
SAAR Location,F2-PZ03-A07-R39-B1,2.5
SAAR Location,F2-PZ03-A07-R39-B2,2.5
SAAR Location,F2-PZ03-A07-R39-C1,2.5
SAAR Location,F2-PZ03-A07-R39-C2,2.5
SAAR Location,F2-PZ03-A07-R39-D1,2.5
SAAR Location,F2-PZ03-A07-R39-D2,2.5
SAAR Location,F2-PZ03-A07-R39-E1,2.5
SAAR Location,F2-PZ03-A07-R39-E2,2.5
SAAR Location,F2-PZ03-A07-R40-A1,2.5
SAAR Location,F2-PZ03-A07-R40-A2,2.5
SAAR Location,F2-PZ03-A07-R40-B1,2.5
SAAR Location,F2-PZ03-A07-R40-B2,2.5
SAAR Location,F2-PZ03-A07-R40-C1,2.5
SAAR Location,F2-PZ03-A07-R40-C2,2.5
SAAR Location,F2-PZ03-A07-R40-D1,2.5
SAAR Location,F2-PZ03-A07-R40-D2,2.5
SAAR Location,F2-PZ03-A07-R40-E1,2.5
SAAR Location,F2-PZ03-A07-R40-E2,2.5
SAAR Location,F2-PZ03-A08-R01-A1,2.5
SAAR Location,F2-PZ03-A08-R01-A2,2.5
SAAR Location,F2-PZ03-A08-R01-B1,2.5
SAAR Location,F2-PZ03-A08-R01-B2,2.5
SAAR Location,F2-PZ03-A08-R01-C1,2.5
SAAR Location,F2-PZ03-A08-R01-C2,2.5
SAAR Location,F2-PZ03-A08-R01-D1,2.5
SAAR Location,F2-PZ03-A08-R01-D2,2.5
SAAR Location,F2-PZ03-A08-R01-E1,2.5
SAAR Location,F2-PZ03-A08-R01-E2,2.5
SAAR Location,F2-PZ03-A08-R02-A1,2.5
SAAR Location,F2-PZ03-A08-R02-A2,2.5
SAAR Location,F2-PZ03-A08-R02-B1,2.5
SAAR Location,F2-PZ03-A08-R02-B2,2.5
SAAR Location,F2-PZ03-A08-R02-C1,2.5
SAAR Location,F2-PZ03-A08-R02-C2,2.5
SAAR Location,F2-PZ03-A08-R02-D1,2.5
SAAR Location,F2-PZ03-A08-R02-D2,2.5
SAAR Location,F2-PZ03-A08-R02-E1,2.5
SAAR Location,F2-PZ03-A08-R02-E2,2.5
SAAR Location,F2-PZ03-A08-R03-A1,2.5
SAAR Location,F2-PZ03-A08-R03-A2,2.5
SAAR Location,F2-PZ03-A08-R03-B1,2.5
SAAR Location,F2-PZ03-A08-R03-B2,2.5
SAAR Location,F2-PZ03-A08-R03-C1,2.5
SAAR Location,F2-PZ03-A08-R03-C2,2.5
SAAR Location,F2-PZ03-A08-R03-D1,2.5
SAAR Location,F2-PZ03-A08-R03-D2,2.5
SAAR Location,F2-PZ03-A08-R03-E1,2.5
SAAR Location,F2-PZ03-A08-R03-E2,2.5
SAAR Location,F2-PZ03-A08-R04-A1,2.5
SAAR Location,F2-PZ03-A08-R04-A2,2.5
SAAR Location,F2-PZ03-A08-R04-B1,2.5
SAAR Location,F2-PZ03-A08-R04-B2,2.5
SAAR Location,F2-PZ03-A08-R04-C1,2.5
SAAR Location,F2-PZ03-A08-R04-C2,2.5
SAAR Location,F2-PZ03-A08-R04-D1,2.5
SAAR Location,F2-PZ03-A08-R04-D2,2.5
SAAR Location,F2-PZ03-A08-R04-E1,2.5
SAAR Location,F2-PZ03-A08-R04-E2,2.5
SAAR Location,F2-PZ03-A08-R05-A1,2.5
SAAR Location,F2-PZ03-A08-R05-A2,2.5
SAAR Location,F2-PZ03-A08-R05-B1,2.5
SAAR Location,F2-PZ03-A08-R05-B2,2.5
SAAR Location,F2-PZ03-A08-R05-C1,2.5
SAAR Location,F2-PZ03-A08-R05-C2,2.5
SAAR Location,F2-PZ03-A08-R05-D1,2.5
SAAR Location,F2-PZ03-A08-R05-D2,2.5
SAAR Location,F2-PZ03-A08-R05-E1,2.5
SAAR Location,F2-PZ03-A08-R05-E2,2.5
SAAR Location,F2-PZ03-A08-R06-A1,2.5
SAAR Location,F2-PZ03-A08-R06-A2,2.5
SAAR Location,F2-PZ03-A08-R06-B1,2.5
SAAR Location,F2-PZ03-A08-R06-B2,2.5
SAAR Location,F2-PZ03-A08-R06-C1,2.5
SAAR Location,F2-PZ03-A08-R06-C2,2.5
SAAR Location,F2-PZ03-A08-R06-D1,2.5
SAAR Location,F2-PZ03-A08-R06-D2,2.5
SAAR Location,F2-PZ03-A08-R06-E1,2.5
SAAR Location,F2-PZ03-A08-R06-E2,2.5
SAAR Location,F2-PZ03-A08-R07-A1,2.5
SAAR Location,F2-PZ03-A08-R07-A2,2.5
SAAR Location,F2-PZ03-A08-R07-B1,2.5
SAAR Location,F2-PZ03-A08-R07-B2,2.5
SAAR Location,F2-PZ03-A08-R07-C1,2.5
SAAR Location,F2-PZ03-A08-R07-C2,2.5
SAAR Location,F2-PZ03-A08-R07-D1,2.5
SAAR Location,F2-PZ03-A08-R07-D2,2.5
SAAR Location,F2-PZ03-A08-R07-E1,2.5
SAAR Location,F2-PZ03-A08-R07-E2,2.5
SAAR Location,F2-PZ03-A08-R08-A1,2.5
SAAR Location,F2-PZ03-A08-R08-A2,2.5
SAAR Location,F2-PZ03-A08-R08-B1,2.5
SAAR Location,F2-PZ03-A08-R08-B2,2.5
SAAR Location,F2-PZ03-A08-R08-C1,2.5
SAAR Location,F2-PZ03-A08-R08-C2,2.5
SAAR Location,F2-PZ03-A08-R08-D1,2.5
SAAR Location,F2-PZ03-A08-R08-D2,2.5
SAAR Location,F2-PZ03-A08-R08-E1,2.5
SAAR Location,F2-PZ03-A08-R08-E2,2.5
SAAR Location,F2-PZ03-A08-R09-A1,2.5
SAAR Location,F2-PZ03-A08-R09-A2,2.5
SAAR Location,F2-PZ03-A08-R09-B1,2.5
SAAR Location,F2-PZ03-A08-R09-B2,2.5
SAAR Location,F2-PZ03-A08-R09-C1,2.5
SAAR Location,F2-PZ03-A08-R09-C2,2.5
SAAR Location,F2-PZ03-A08-R09-D1,2.5
SAAR Location,F2-PZ03-A08-R09-D2,2.5
SAAR Location,F2-PZ03-A08-R09-E1,2.5
SAAR Location,F2-PZ03-A08-R09-E2,2.5
SAAR Location,F2-PZ03-A08-R10-A1,2.5
SAAR Location,F2-PZ03-A08-R10-A2,2.5
SAAR Location,F2-PZ03-A08-R10-B1,2.5
SAAR Location,F2-PZ03-A08-R10-B2,2.5
SAAR Location,F2-PZ03-A08-R10-C1,2.5
SAAR Location,F2-PZ03-A08-R10-C2,2.5
SAAR Location,F2-PZ03-A08-R10-D1,2.5
SAAR Location,F2-PZ03-A08-R10-D2,2.5
SAAR Location,F2-PZ03-A08-R10-E1,2.5
SAAR Location,F2-PZ03-A08-R10-E2,2.5
SAAR Location,F2-PZ03-A08-R11-A1,2.5
SAAR Location,F2-PZ03-A08-R11-A2,2.5
SAAR Location,F2-PZ03-A08-R11-B1,2.5
SAAR Location,F2-PZ03-A08-R11-B2,2.5
SAAR Location,F2-PZ03-A08-R11-C1,2.5
SAAR Location,F2-PZ03-A08-R11-C2,2.5
SAAR Location,F2-PZ03-A08-R11-D1,2.5
SAAR Location,F2-PZ03-A08-R11-D2,2.5
SAAR Location,F2-PZ03-A08-R11-E1,2.5
SAAR Location,F2-PZ03-A08-R11-E2,2.5
SAAR Location,F2-PZ03-A08-R12-A1,2.5
SAAR Location,F2-PZ03-A08-R12-A2,2.5
SAAR Location,F2-PZ03-A08-R12-B1,2.5
SAAR Location,F2-PZ03-A08-R12-B2,2.5
SAAR Location,F2-PZ03-A08-R12-C1,2.5
SAAR Location,F2-PZ03-A08-R12-C2,2.5
SAAR Location,F2-PZ03-A08-R12-D1,2.5
SAAR Location,F2-PZ03-A08-R12-D2,2.5
SAAR Location,F2-PZ03-A08-R12-E1,2.5
SAAR Location,F2-PZ03-A08-R12-E2,2.5
SAAR Location,F2-PZ03-A08-R13-A1,2.5
SAAR Location,F2-PZ03-A08-R13-A2,2.5
SAAR Location,F2-PZ03-A08-R13-B1,2.5
SAAR Location,F2-PZ03-A08-R13-B2,2.5
SAAR Location,F2-PZ03-A08-R13-C1,2.5
SAAR Location,F2-PZ03-A08-R13-C2,2.5
SAAR Location,F2-PZ03-A08-R13-D1,2.5
SAAR Location,F2-PZ03-A08-R13-D2,2.5
SAAR Location,F2-PZ03-A08-R13-E1,2.5
SAAR Location,F2-PZ03-A08-R13-E2,2.5
SAAR Location,F2-PZ03-A08-R14-A1,2.5
SAAR Location,F2-PZ03-A08-R14-A2,2.5
SAAR Location,F2-PZ03-A08-R14-B1,2.5
SAAR Location,F2-PZ03-A08-R14-B2,2.5
SAAR Location,F2-PZ03-A08-R14-C1,2.5
SAAR Location,F2-PZ03-A08-R14-C2,2.5
SAAR Location,F2-PZ03-A08-R14-D1,2.5
SAAR Location,F2-PZ03-A08-R14-D2,2.5
SAAR Location,F2-PZ03-A08-R14-E1,2.5
SAAR Location,F2-PZ03-A08-R14-E2,2.5
SAAR Location,F2-PZ03-A08-R15-A1,2.5
SAAR Location,F2-PZ03-A08-R15-A2,2.5
SAAR Location,F2-PZ03-A08-R15-B1,2.5
SAAR Location,F2-PZ03-A08-R15-B2,2.5
SAAR Location,F2-PZ03-A08-R15-C1,2.5
SAAR Location,F2-PZ03-A08-R15-C2,2.5
SAAR Location,F2-PZ03-A08-R15-D1,2.5
SAAR Location,F2-PZ03-A08-R15-D2,2.5
SAAR Location,F2-PZ03-A08-R15-E1,2.5
SAAR Location,F2-PZ03-A08-R15-E2,2.5
SAAR Location,F2-PZ03-A08-R16-A1,2.5
SAAR Location,F2-PZ03-A08-R16-A2,2.5
SAAR Location,F2-PZ03-A08-R16-B1,2.5
SAAR Location,F2-PZ03-A08-R16-B2,2.5
SAAR Location,F2-PZ03-A08-R16-C1,2.5
SAAR Location,F2-PZ03-A08-R16-C2,2.5
SAAR Location,F2-PZ03-A08-R16-D1,2.5
SAAR Location,F2-PZ03-A08-R16-D2,2.5
SAAR Location,F2-PZ03-A08-R16-E1,2.5
SAAR Location,F2-PZ03-A08-R16-E2,2.5
SAAR Location,F2-PZ03-A08-R17-A1,2.5
SAAR Location,F2-PZ03-A08-R17-A2,2.5
SAAR Location,F2-PZ03-A08-R17-B1,2.5
SAAR Location,F2-PZ03-A08-R17-B2,2.5
SAAR Location,F2-PZ03-A08-R17-C1,2.5
SAAR Location,F2-PZ03-A08-R17-C2,2.5
SAAR Location,F2-PZ03-A08-R17-D1,2.5
SAAR Location,F2-PZ03-A08-R17-D2,2.5
SAAR Location,F2-PZ03-A08-R17-E1,2.5
SAAR Location,F2-PZ03-A08-R17-E2,2.5
SAAR Location,F2-PZ03-A08-R18-A1,2.5
SAAR Location,F2-PZ03-A08-R18-A2,2.5
SAAR Location,F2-PZ03-A08-R18-B1,2.5
SAAR Location,F2-PZ03-A08-R18-B2,2.5
SAAR Location,F2-PZ03-A08-R18-C1,2.5
SAAR Location,F2-PZ03-A08-R18-C2,2.5
SAAR Location,F2-PZ03-A08-R18-D1,2.5
SAAR Location,F2-PZ03-A08-R18-D2,2.5
SAAR Location,F2-PZ03-A08-R18-E1,2.5
SAAR Location,F2-PZ03-A08-R18-E2,2.5
SAAR Location,F2-PZ03-A08-R19-A1,2.5
SAAR Location,F2-PZ03-A08-R19-A2,2.5
SAAR Location,F2-PZ03-A08-R19-B1,2.5
SAAR Location,F2-PZ03-A08-R19-B2,2.5
SAAR Location,F2-PZ03-A08-R19-C1,2.5
SAAR Location,F2-PZ03-A08-R19-C2,2.5
SAAR Location,F2-PZ03-A08-R19-D1,2.5
SAAR Location,F2-PZ03-A08-R19-D2,2.5
SAAR Location,F2-PZ03-A08-R19-E1,2.5
SAAR Location,F2-PZ03-A08-R19-E2,2.5
SAAR Location,F2-PZ03-A08-R20-A1,2.5
SAAR Location,F2-PZ03-A08-R20-A2,2.5
SAAR Location,F2-PZ03-A08-R20-B1,2.5
SAAR Location,F2-PZ03-A08-R20-B2,2.5
SAAR Location,F2-PZ03-A08-R20-C1,2.5
SAAR Location,F2-PZ03-A08-R20-C2,2.5
SAAR Location,F2-PZ03-A08-R20-D1,2.5
SAAR Location,F2-PZ03-A08-R20-D2,2.5
SAAR Location,F2-PZ03-A08-R20-E1,2.5
SAAR Location,F2-PZ03-A08-R20-E2,2.5
SAAR Location,F2-PZ03-A09-R01-A1,2.5
SAAR Location,F2-PZ03-A09-R01-A2,2.5
SAAR Location,F2-PZ03-A09-R01-B1,2.5
SAAR Location,F2-PZ03-A09-R01-B2,2.5
SAAR Location,F2-PZ03-A09-R01-C1,2.5
SAAR Location,F2-PZ03-A09-R01-C2,2.5
SAAR Location,F2-PZ03-A09-R01-D1,2.5
SAAR Location,F2-PZ03-A09-R01-D2,2.5
SAAR Location,F2-PZ03-A09-R01-E1,2.5
SAAR Location,F2-PZ03-A09-R01-E2,2.5
SAAR Location,F2-PZ03-A09-R02-A1,2.5
SAAR Location,F2-PZ03-A09-R02-A2,2.5
SAAR Location,F2-PZ03-A09-R02-B1,2.5
SAAR Location,F2-PZ03-A09-R02-B2,2.5
SAAR Location,F2-PZ03-A09-R02-C1,2.5
SAAR Location,F2-PZ03-A09-R02-C2,2.5
SAAR Location,F2-PZ03-A09-R02-D1,2.5
SAAR Location,F2-PZ03-A09-R02-D2,2.5
SAAR Location,F2-PZ03-A09-R02-E1,2.5
SAAR Location,F2-PZ03-A09-R02-E2,2.5
SAAR Location,F2-PZ03-A09-R03-A1,2.5
SAAR Location,F2-PZ03-A09-R03-A2,2.5
SAAR Location,F2-PZ03-A09-R03-B1,2.5
SAAR Location,F2-PZ03-A09-R03-B2,2.5
SAAR Location,F2-PZ03-A09-R03-C1,2.5
SAAR Location,F2-PZ03-A09-R03-C2,2.5
SAAR Location,F2-PZ03-A09-R03-D1,2.5
SAAR Location,F2-PZ03-A09-R03-D2,2.5
SAAR Location,F2-PZ03-A09-R03-E1,2.5
SAAR Location,F2-PZ03-A09-R03-E2,2.5
SAAR Location,F2-PZ03-A09-R04-A1,2.5
SAAR Location,F2-PZ03-A09-R04-A2,2.5
SAAR Location,F2-PZ03-A09-R04-B1,2.5
SAAR Location,F2-PZ03-A09-R04-B2,2.5
SAAR Location,F2-PZ03-A09-R04-C1,2.5
SAAR Location,F2-PZ03-A09-R04-C2,2.5
SAAR Location,F2-PZ03-A09-R04-D1,2.5
SAAR Location,F2-PZ03-A09-R04-D2,2.5
SAAR Location,F2-PZ03-A09-R04-E1,2.5
SAAR Location,F2-PZ03-A09-R04-E2,2.5
SAAR Location,F2-PZ03-A09-R05-A1,2.5
SAAR Location,F2-PZ03-A09-R05-A2,2.5
SAAR Location,F2-PZ03-A09-R05-B1,2.5
SAAR Location,F2-PZ03-A09-R05-B2,2.5
SAAR Location,F2-PZ03-A09-R05-C1,2.5
SAAR Location,F2-PZ03-A09-R05-C2,2.5
SAAR Location,F2-PZ03-A09-R05-D1,2.5
SAAR Location,F2-PZ03-A09-R05-D2,2.5
SAAR Location,F2-PZ03-A09-R05-E1,2.5
SAAR Location,F2-PZ03-A09-R05-E2,2.5
SAAR Location,F2-PZ03-A09-R06-A1,2.5
SAAR Location,F2-PZ03-A09-R06-A2,2.5
SAAR Location,F2-PZ03-A09-R06-B1,2.5
SAAR Location,F2-PZ03-A09-R06-B2,2.5
SAAR Location,F2-PZ03-A09-R06-C1,2.5
SAAR Location,F2-PZ03-A09-R06-C2,2.5
SAAR Location,F2-PZ03-A09-R06-D1,2.5
SAAR Location,F2-PZ03-A09-R06-D2,2.5
SAAR Location,F2-PZ03-A09-R06-E1,2.5
SAAR Location,F2-PZ03-A09-R06-E2,2.5
SAAR Location,F2-PZ03-A10-R01-A1,2.5
SAAR Location,F2-PZ03-A10-R01-A2,2.5
SAAR Location,F2-PZ03-A10-R01-B1,2.5
SAAR Location,F2-PZ03-A10-R01-B2,2.5
SAAR Location,F2-PZ03-A10-R01-C1,2.5
SAAR Location,F2-PZ03-A10-R01-C2,2.5
SAAR Location,F2-PZ03-A10-R01-D1,2.5
SAAR Location,F2-PZ03-A10-R01-D2,2.5
SAAR Location,F2-PZ03-A10-R01-E1,2.5
SAAR Location,F2-PZ03-A10-R01-E2,2.5
SAAR Location,F2-PZ03-A10-R02-A1,2.5
SAAR Location,F2-PZ03-A10-R02-A2,2.5
SAAR Location,F2-PZ03-A10-R02-B1,2.5
SAAR Location,F2-PZ03-A10-R02-B2,2.5
SAAR Location,F2-PZ03-A10-R02-C1,2.5
SAAR Location,F2-PZ03-A10-R02-C2,2.5
SAAR Location,F2-PZ03-A10-R02-D1,2.5
SAAR Location,F2-PZ03-A10-R02-D2,2.5
SAAR Location,F2-PZ03-A10-R02-E1,2.5
SAAR Location,F2-PZ03-A10-R02-E2,2.5
SAAR Location,F2-PZ03-A10-R03-A1,2.5
SAAR Location,F2-PZ03-A10-R03-A2,2.5
SAAR Location,F2-PZ03-A10-R03-B1,2.5
SAAR Location,F2-PZ03-A10-R03-B2,2.5
SAAR Location,F2-PZ03-A10-R03-C1,2.5
SAAR Location,F2-PZ03-A10-R03-C2,2.5
SAAR Location,F2-PZ03-A10-R03-D1,2.5
SAAR Location,F2-PZ03-A10-R03-D2,2.5
SAAR Location,F2-PZ03-A10-R03-E1,2.5
SAAR Location,F2-PZ03-A10-R03-E2,2.5
Lower Shelve,F2-PZ03-A11-R01-A1,48
Lower Shelve,F2-PZ03-A11-R01-A2,48
Bulk Location,F2-PZ03-A11-R01-A3,60
Upper Shelve,F2-PZ03-A11-R01-B1,32
Upper Shelve,F2-PZ03-A11-R01-B2,32
Bulk Location,F2-PZ03-A11-R01-B3,60
Upper Shelve,F2-PZ03-A11-R01-B4,32
Lower Shelve,F2-PZ03-A11-R02-A1,48
Lower Shelve,F2-PZ03-A11-R02-A2,48
Bulk Location,F2-PZ03-A11-R02-A3,60
Upper Shelve,F2-PZ03-A11-R02-B1,32
Upper Shelve,F2-PZ03-A11-R02-B2,32
Bulk Location,F2-PZ03-A11-R02-B3,60
Upper Shelve,F2-PZ03-A11-R02-B4,32
Lower Shelve,F2-PZ03-A11-R03-A1,48
Lower Shelve,F2-PZ03-A11-R03-A2,48
Bulk Location,F2-PZ03-A11-R03-A3,60
Upper Shelve,F2-PZ03-A11-R03-B1,32
Upper Shelve,F2-PZ03-A11-R03-B2,32
Bulk Location,F2-PZ03-A11-R03-B3,60
Upper Shelve,F2-PZ03-A11-R03-B4,32
Lower Shelve,F2-PZ03-A11-R04-A1,48
Lower Shelve,F2-PZ03-A11-R04-A2,48
Bulk Location,F2-PZ03-A11-R04-A3,60
Upper Shelve,F2-PZ03-A11-R04-B1,32
Upper Shelve,F2-PZ03-A11-R04-B2,32
Bulk Location,F2-PZ03-A11-R04-B3,60
Upper Shelve,F2-PZ03-A11-R04-B4,32
Lower Shelve,F2-PZ03-A11-R05-A1,48
Lower Shelve,F2-PZ03-A11-R05-A2,48
Bulk Location,F2-PZ03-A11-R05-A3,60
Upper Shelve,F2-PZ03-A11-R05-B1,32
Upper Shelve,F2-PZ03-A11-R05-B2,32
Bulk Location,F2-PZ03-A11-R05-B3,60
Upper Shelve,F2-PZ03-A11-R05-B4,32
Lower Shelve,F2-PZ03-A11-R06-A1,48
Upper Shelve,F2-PZ03-A11-R06-B1,32
SAAR Location,F2-PZ04-A01-R01-A1,2.5
SAAR Location,F2-PZ04-A01-R01-A2,2.5
SAAR Location,F2-PZ04-A01-R01-B1,2.5
SAAR Location,F2-PZ04-A01-R01-B2,2.5
SAAR Location,F2-PZ04-A01-R01-C1,2.5
SAAR Location,F2-PZ04-A01-R01-C2,2.5
SAAR Location,F2-PZ04-A01-R01-D1,2.5
SAAR Location,F2-PZ04-A01-R01-D2,2.5
SAAR Location,F2-PZ04-A01-R01-E1,2.5
SAAR Location,F2-PZ04-A01-R01-E2,2.5
SAAR Location,F2-PZ04-A01-R02-A1,2.5
SAAR Location,F2-PZ04-A01-R02-A2,2.5
SAAR Location,F2-PZ04-A01-R02-B1,2.5
SAAR Location,F2-PZ04-A01-R02-B2,2.5
SAAR Location,F2-PZ04-A01-R02-C1,2.5
SAAR Location,F2-PZ04-A01-R02-C2,2.5
SAAR Location,F2-PZ04-A01-R02-D1,2.5
SAAR Location,F2-PZ04-A01-R02-D2,2.5
SAAR Location,F2-PZ04-A01-R02-E1,2.5
SAAR Location,F2-PZ04-A01-R02-E2,2.5
SAAR Location,F2-PZ04-A01-R03-A1,2.5
SAAR Location,F2-PZ04-A01-R03-A2,2.5
SAAR Location,F2-PZ04-A01-R03-B1,2.5
SAAR Location,F2-PZ04-A01-R03-B2,2.5
SAAR Location,F2-PZ04-A01-R03-C1,2.5
SAAR Location,F2-PZ04-A01-R03-C2,2.5
SAAR Location,F2-PZ04-A01-R03-D1,2.5
SAAR Location,F2-PZ04-A01-R03-D2,2.5
SAAR Location,F2-PZ04-A01-R03-E1,2.5
SAAR Location,F2-PZ04-A01-R03-E2,2.5
SAAR Location,F2-PZ04-A01-R04-A1,2.5
SAAR Location,F2-PZ04-A01-R04-A2,2.5
SAAR Location,F2-PZ04-A01-R04-B1,2.5
SAAR Location,F2-PZ04-A01-R04-B2,2.5
SAAR Location,F2-PZ04-A01-R04-C1,2.5
SAAR Location,F2-PZ04-A01-R04-C2,2.5
SAAR Location,F2-PZ04-A01-R04-D1,2.5
SAAR Location,F2-PZ04-A01-R04-D2,2.5
SAAR Location,F2-PZ04-A01-R04-E1,2.5
SAAR Location,F2-PZ04-A01-R04-E2,2.5
SAAR Location,F2-PZ04-A01-R05-A1,2.5
SAAR Location,F2-PZ04-A01-R05-A2,2.5
SAAR Location,F2-PZ04-A01-R05-B1,2.5
SAAR Location,F2-PZ04-A01-R05-B2,2.5
SAAR Location,F2-PZ04-A01-R05-C1,2.5
SAAR Location,F2-PZ04-A01-R05-C2,2.5
SAAR Location,F2-PZ04-A01-R05-D1,2.5
SAAR Location,F2-PZ04-A01-R05-D2,2.5
SAAR Location,F2-PZ04-A01-R05-E1,2.5
SAAR Location,F2-PZ04-A01-R05-E2,2.5
SAAR Location,F2-PZ04-A01-R06-A1,2.5
SAAR Location,F2-PZ04-A01-R06-A2,2.5
SAAR Location,F2-PZ04-A01-R06-B1,2.5
SAAR Location,F2-PZ04-A01-R06-B2,2.5
SAAR Location,F2-PZ04-A01-R06-C1,2.5
SAAR Location,F2-PZ04-A01-R06-C2,2.5
SAAR Location,F2-PZ04-A01-R06-D1,2.5
SAAR Location,F2-PZ04-A01-R06-D2,2.5
SAAR Location,F2-PZ04-A01-R06-E1,2.5
SAAR Location,F2-PZ04-A01-R06-E2,2.5
SAAR Location,F2-PZ04-A01-R07-A1,2.5
SAAR Location,F2-PZ04-A01-R07-A2,2.5
SAAR Location,F2-PZ04-A01-R07-B1,2.5
SAAR Location,F2-PZ04-A01-R07-B2,2.5
SAAR Location,F2-PZ04-A01-R07-C1,2.5
SAAR Location,F2-PZ04-A01-R07-C2,2.5
SAAR Location,F2-PZ04-A01-R07-D1,2.5
SAAR Location,F2-PZ04-A01-R07-D2,2.5
SAAR Location,F2-PZ04-A01-R07-E1,2.5
SAAR Location,F2-PZ04-A01-R07-E2,2.5
SAAR Location,F2-PZ04-A01-R08-A1,2.5
SAAR Location,F2-PZ04-A01-R08-A2,2.5
SAAR Location,F2-PZ04-A01-R08-B1,2.5
SAAR Location,F2-PZ04-A01-R08-B2,2.5
SAAR Location,F2-PZ04-A01-R08-C1,2.5
SAAR Location,F2-PZ04-A01-R08-C2,2.5
SAAR Location,F2-PZ04-A01-R08-D1,2.5
SAAR Location,F2-PZ04-A01-R08-D2,2.5
SAAR Location,F2-PZ04-A01-R08-E1,2.5
SAAR Location,F2-PZ04-A01-R08-E2,2.5
SAAR Location,F2-PZ04-A01-R09-A1,2.5
SAAR Location,F2-PZ04-A01-R09-A2,2.5
SAAR Location,F2-PZ04-A01-R09-B1,2.5
SAAR Location,F2-PZ04-A01-R09-B2,2.5
SAAR Location,F2-PZ04-A01-R09-C1,2.5
SAAR Location,F2-PZ04-A01-R09-C2,2.5
SAAR Location,F2-PZ04-A01-R09-D1,2.5
SAAR Location,F2-PZ04-A01-R09-D2,2.5
SAAR Location,F2-PZ04-A01-R09-E1,2.5
SAAR Location,F2-PZ04-A01-R09-E2,2.5
SAAR Location,F2-PZ04-A01-R10-A1,2.5
SAAR Location,F2-PZ04-A01-R10-A2,2.5
SAAR Location,F2-PZ04-A01-R10-B1,2.5
SAAR Location,F2-PZ04-A01-R10-B2,2.5
SAAR Location,F2-PZ04-A01-R10-C1,2.5
SAAR Location,F2-PZ04-A01-R10-C2,2.5
SAAR Location,F2-PZ04-A01-R10-D1,2.5
SAAR Location,F2-PZ04-A01-R10-D2,2.5
SAAR Location,F2-PZ04-A01-R10-E1,2.5
SAAR Location,F2-PZ04-A01-R10-E2,2.5
SAAR Location,F2-PZ04-A01-R11-A1,2.5
SAAR Location,F2-PZ04-A01-R11-A2,2.5
SAAR Location,F2-PZ04-A01-R11-B1,2.5
SAAR Location,F2-PZ04-A01-R11-B2,2.5
SAAR Location,F2-PZ04-A01-R11-C1,2.5
SAAR Location,F2-PZ04-A01-R11-C2,2.5
SAAR Location,F2-PZ04-A01-R11-D1,2.5
SAAR Location,F2-PZ04-A01-R11-D2,2.5
SAAR Location,F2-PZ04-A01-R11-E1,2.5
SAAR Location,F2-PZ04-A01-R11-E2,2.5
SAAR Location,F2-PZ04-A01-R12-A1,2.5
SAAR Location,F2-PZ04-A01-R12-A2,2.5
SAAR Location,F2-PZ04-A01-R12-B1,2.5
SAAR Location,F2-PZ04-A01-R12-B2,2.5
SAAR Location,F2-PZ04-A01-R12-C1,2.5
SAAR Location,F2-PZ04-A01-R12-C2,2.5
SAAR Location,F2-PZ04-A01-R12-D1,2.5
SAAR Location,F2-PZ04-A01-R12-D2,2.5
SAAR Location,F2-PZ04-A01-R12-E1,2.5
SAAR Location,F2-PZ04-A01-R12-E2,2.5
SAAR Location,F2-PZ04-A01-R13-A1,2.5
SAAR Location,F2-PZ04-A01-R13-A2,2.5
SAAR Location,F2-PZ04-A01-R13-B1,2.5
SAAR Location,F2-PZ04-A01-R13-B2,2.5
SAAR Location,F2-PZ04-A01-R13-C1,2.5
SAAR Location,F2-PZ04-A01-R13-C2,2.5
SAAR Location,F2-PZ04-A01-R13-D1,2.5
SAAR Location,F2-PZ04-A01-R13-D2,2.5
SAAR Location,F2-PZ04-A01-R13-E1,2.5
SAAR Location,F2-PZ04-A01-R13-E2,2.5
SAAR Location,F2-PZ04-A01-R14-A1,2.5
SAAR Location,F2-PZ04-A01-R14-A2,2.5
SAAR Location,F2-PZ04-A01-R14-B1,2.5
SAAR Location,F2-PZ04-A01-R14-B2,2.5
SAAR Location,F2-PZ04-A01-R14-C1,2.5
SAAR Location,F2-PZ04-A01-R14-C2,2.5
SAAR Location,F2-PZ04-A01-R14-D1,2.5
SAAR Location,F2-PZ04-A01-R14-D2,2.5
SAAR Location,F2-PZ04-A01-R14-E1,2.5
SAAR Location,F2-PZ04-A01-R14-E2,2.5
SAAR Location,F2-PZ04-A01-R15-A1,2.5
SAAR Location,F2-PZ04-A01-R15-A2,2.5
SAAR Location,F2-PZ04-A01-R15-B1,2.5
SAAR Location,F2-PZ04-A01-R15-B2,2.5
SAAR Location,F2-PZ04-A01-R15-C1,2.5
SAAR Location,F2-PZ04-A01-R15-C2,2.5
SAAR Location,F2-PZ04-A01-R15-D1,2.5
SAAR Location,F2-PZ04-A01-R15-D2,2.5
SAAR Location,F2-PZ04-A01-R15-E1,2.5
SAAR Location,F2-PZ04-A01-R15-E2,2.5
SAAR Location,F2-PZ04-A01-R16-A1,2.5
SAAR Location,F2-PZ04-A01-R16-A2,2.5
SAAR Location,F2-PZ04-A01-R16-B1,2.5
SAAR Location,F2-PZ04-A01-R16-B2,2.5
SAAR Location,F2-PZ04-A01-R16-C1,2.5
SAAR Location,F2-PZ04-A01-R16-C2,2.5
SAAR Location,F2-PZ04-A01-R16-D1,2.5
SAAR Location,F2-PZ04-A01-R16-D2,2.5
SAAR Location,F2-PZ04-A01-R16-E1,2.5
SAAR Location,F2-PZ04-A01-R16-E2,2.5
SAAR Location,F2-PZ04-A01-R17-A1,2.5
SAAR Location,F2-PZ04-A01-R17-A2,2.5
SAAR Location,F2-PZ04-A01-R17-B1,2.5
SAAR Location,F2-PZ04-A01-R17-B2,2.5
SAAR Location,F2-PZ04-A01-R17-C1,2.5
SAAR Location,F2-PZ04-A01-R17-C2,2.5
SAAR Location,F2-PZ04-A01-R17-D1,2.5
SAAR Location,F2-PZ04-A01-R17-D2,2.5
SAAR Location,F2-PZ04-A01-R17-E1,2.5
SAAR Location,F2-PZ04-A01-R17-E2,2.5
SAAR Location,F2-PZ04-A01-R18-A1,2.5
SAAR Location,F2-PZ04-A01-R18-A2,2.5
SAAR Location,F2-PZ04-A01-R18-B1,2.5
SAAR Location,F2-PZ04-A01-R18-B2,2.5
SAAR Location,F2-PZ04-A01-R18-C1,2.5
SAAR Location,F2-PZ04-A01-R18-C2,2.5
SAAR Location,F2-PZ04-A01-R18-D1,2.5
SAAR Location,F2-PZ04-A01-R18-D2,2.5
SAAR Location,F2-PZ04-A01-R18-E1,2.5
SAAR Location,F2-PZ04-A01-R18-E2,2.5
SAAR Location,F2-PZ04-A01-R19-A1,2.5
SAAR Location,F2-PZ04-A01-R19-A2,2.5
SAAR Location,F2-PZ04-A01-R19-B1,2.5
SAAR Location,F2-PZ04-A01-R19-B2,2.5
SAAR Location,F2-PZ04-A01-R19-C1,2.5
SAAR Location,F2-PZ04-A01-R19-C2,2.5
SAAR Location,F2-PZ04-A01-R19-D1,2.5
SAAR Location,F2-PZ04-A01-R19-D2,2.5
SAAR Location,F2-PZ04-A01-R19-E1,2.5
SAAR Location,F2-PZ04-A01-R19-E2,2.5
SAAR Location,F2-PZ04-A01-R20-A1,2.5
SAAR Location,F2-PZ04-A01-R20-A2,2.5
SAAR Location,F2-PZ04-A01-R20-B1,2.5
SAAR Location,F2-PZ04-A01-R20-B2,2.5
SAAR Location,F2-PZ04-A01-R20-C1,2.5
SAAR Location,F2-PZ04-A01-R20-C2,2.5
SAAR Location,F2-PZ04-A01-R20-D1,2.5
SAAR Location,F2-PZ04-A01-R20-D2,2.5
SAAR Location,F2-PZ04-A01-R20-E1,2.5
SAAR Location,F2-PZ04-A01-R20-E2,2.5
SAAR Location,F2-PZ04-A01-R21-A1,2.5
SAAR Location,F2-PZ04-A01-R21-A2,2.5
SAAR Location,F2-PZ04-A01-R21-B1,2.5
SAAR Location,F2-PZ04-A01-R21-B2,2.5
SAAR Location,F2-PZ04-A01-R21-C1,2.5
SAAR Location,F2-PZ04-A01-R21-C2,2.5
SAAR Location,F2-PZ04-A01-R21-D1,2.5
SAAR Location,F2-PZ04-A01-R21-D2,2.5
SAAR Location,F2-PZ04-A01-R21-E1,2.5
SAAR Location,F2-PZ04-A01-R21-E2,2.5
SAAR Location,F2-PZ04-A01-R22-A1,2.5
SAAR Location,F2-PZ04-A01-R22-A2,2.5
SAAR Location,F2-PZ04-A01-R22-B1,2.5
SAAR Location,F2-PZ04-A01-R22-B2,2.5
SAAR Location,F2-PZ04-A01-R22-C1,2.5
SAAR Location,F2-PZ04-A01-R22-C2,2.5
SAAR Location,F2-PZ04-A01-R22-D1,2.5
SAAR Location,F2-PZ04-A01-R22-D2,2.5
SAAR Location,F2-PZ04-A01-R22-E1,2.5
SAAR Location,F2-PZ04-A01-R22-E2,2.5
SAAR Location,F2-PZ04-A01-R23-A1,2.5
SAAR Location,F2-PZ04-A01-R23-A2,2.5
SAAR Location,F2-PZ04-A01-R23-B1,2.5
SAAR Location,F2-PZ04-A01-R23-B2,2.5
SAAR Location,F2-PZ04-A01-R23-C1,2.5
SAAR Location,F2-PZ04-A01-R23-C2,2.5
SAAR Location,F2-PZ04-A01-R23-D1,2.5
SAAR Location,F2-PZ04-A01-R23-D2,2.5
SAAR Location,F2-PZ04-A01-R23-E1,2.5
SAAR Location,F2-PZ04-A01-R23-E2,2.5
SAAR Location,F2-PZ04-A01-R24-A1,2.5
SAAR Location,F2-PZ04-A01-R24-A2,2.5
SAAR Location,F2-PZ04-A01-R24-B1,2.5
SAAR Location,F2-PZ04-A01-R24-B2,2.5
SAAR Location,F2-PZ04-A01-R24-C1,2.5
SAAR Location,F2-PZ04-A01-R24-C2,2.5
SAAR Location,F2-PZ04-A01-R24-D1,2.5
SAAR Location,F2-PZ04-A01-R24-D2,2.5
SAAR Location,F2-PZ04-A01-R24-E1,2.5
SAAR Location,F2-PZ04-A01-R24-E2,2.5
SAAR Location,F2-PZ04-A01-R25-A1,2.5
SAAR Location,F2-PZ04-A01-R25-A2,2.5
SAAR Location,F2-PZ04-A01-R25-B1,2.5
SAAR Location,F2-PZ04-A01-R25-B2,2.5
SAAR Location,F2-PZ04-A01-R25-C1,2.5
SAAR Location,F2-PZ04-A01-R25-C2,2.5
SAAR Location,F2-PZ04-A01-R25-D1,2.5
SAAR Location,F2-PZ04-A01-R25-D2,2.5
SAAR Location,F2-PZ04-A01-R25-E1,2.5
SAAR Location,F2-PZ04-A01-R25-E2,2.5
SAAR Location,F2-PZ04-A01-R26-A1,2.5
SAAR Location,F2-PZ04-A01-R26-A2,2.5
SAAR Location,F2-PZ04-A01-R26-B1,2.5
SAAR Location,F2-PZ04-A01-R26-B2,2.5
SAAR Location,F2-PZ04-A01-R26-C1,2.5
SAAR Location,F2-PZ04-A01-R26-C2,2.5
SAAR Location,F2-PZ04-A01-R26-D1,2.5
SAAR Location,F2-PZ04-A01-R26-D2,2.5
SAAR Location,F2-PZ04-A01-R26-E1,2.5
SAAR Location,F2-PZ04-A01-R26-E2,2.5
SAAR Location,F2-PZ04-A01-R27-A1,2.5
SAAR Location,F2-PZ04-A01-R27-A2,2.5
SAAR Location,F2-PZ04-A01-R27-B1,2.5
SAAR Location,F2-PZ04-A01-R27-B2,2.5
SAAR Location,F2-PZ04-A01-R27-C1,2.5
SAAR Location,F2-PZ04-A01-R27-C2,2.5
SAAR Location,F2-PZ04-A01-R27-D1,2.5
SAAR Location,F2-PZ04-A01-R27-D2,2.5
SAAR Location,F2-PZ04-A01-R27-E1,2.5
SAAR Location,F2-PZ04-A01-R27-E2,2.5
SAAR Location,F2-PZ04-A01-R28-A1,2.5
SAAR Location,F2-PZ04-A01-R28-A2,2.5
SAAR Location,F2-PZ04-A01-R28-B1,2.5
SAAR Location,F2-PZ04-A01-R28-B2,2.5
SAAR Location,F2-PZ04-A01-R28-C1,2.5
SAAR Location,F2-PZ04-A01-R28-C2,2.5
SAAR Location,F2-PZ04-A01-R28-D1,2.5
SAAR Location,F2-PZ04-A01-R28-D2,2.5
SAAR Location,F2-PZ04-A01-R28-E1,2.5
SAAR Location,F2-PZ04-A01-R28-E2,2.5
SAAR Location,F2-PZ04-A01-R29-A1,2.5
SAAR Location,F2-PZ04-A01-R29-A2,2.5
SAAR Location,F2-PZ04-A01-R29-B1,2.5
SAAR Location,F2-PZ04-A01-R29-B2,2.5
SAAR Location,F2-PZ04-A01-R29-C1,2.5
SAAR Location,F2-PZ04-A01-R29-C2,2.5
SAAR Location,F2-PZ04-A01-R29-D1,2.5
SAAR Location,F2-PZ04-A01-R29-D2,2.5
SAAR Location,F2-PZ04-A01-R29-E1,2.5
SAAR Location,F2-PZ04-A01-R29-E2,2.5
SAAR Location,F2-PZ04-A01-R30-A1,2.5
SAAR Location,F2-PZ04-A01-R30-A2,2.5
SAAR Location,F2-PZ04-A01-R30-B1,2.5
SAAR Location,F2-PZ04-A01-R30-B2,2.5
SAAR Location,F2-PZ04-A01-R30-C1,2.5
SAAR Location,F2-PZ04-A01-R30-C2,2.5
SAAR Location,F2-PZ04-A01-R30-D1,2.5
SAAR Location,F2-PZ04-A01-R30-D2,2.5
SAAR Location,F2-PZ04-A01-R30-E1,2.5
SAAR Location,F2-PZ04-A01-R30-E2,2.5
SAAR Location,F2-PZ04-A01-R31-A1,2.5
SAAR Location,F2-PZ04-A01-R31-A2,2.5
SAAR Location,F2-PZ04-A01-R31-B1,2.5
SAAR Location,F2-PZ04-A01-R31-B2,2.5
SAAR Location,F2-PZ04-A01-R31-C1,2.5
SAAR Location,F2-PZ04-A01-R31-C2,2.5
SAAR Location,F2-PZ04-A01-R31-D1,2.5
SAAR Location,F2-PZ04-A01-R31-D2,2.5
SAAR Location,F2-PZ04-A01-R31-E1,2.5
SAAR Location,F2-PZ04-A01-R31-E2,2.5
SAAR Location,F2-PZ04-A01-R32-A1,2.5
SAAR Location,F2-PZ04-A01-R32-A2,2.5
SAAR Location,F2-PZ04-A01-R32-B1,2.5
SAAR Location,F2-PZ04-A01-R32-B2,2.5
SAAR Location,F2-PZ04-A01-R32-C1,2.5
SAAR Location,F2-PZ04-A01-R32-C2,2.5
SAAR Location,F2-PZ04-A01-R32-D1,2.5
SAAR Location,F2-PZ04-A01-R32-D2,2.5
SAAR Location,F2-PZ04-A01-R32-E1,2.5
SAAR Location,F2-PZ04-A01-R32-E2,2.5
SAAR Location,F2-PZ04-A01-R33-A1,2.5
SAAR Location,F2-PZ04-A01-R33-A2,2.5
SAAR Location,F2-PZ04-A01-R33-B1,2.5
SAAR Location,F2-PZ04-A01-R33-B2,2.5
SAAR Location,F2-PZ04-A01-R33-C1,2.5
SAAR Location,F2-PZ04-A01-R33-C2,2.5
SAAR Location,F2-PZ04-A01-R33-D1,2.5
SAAR Location,F2-PZ04-A01-R33-D2,2.5
SAAR Location,F2-PZ04-A01-R33-E1,2.5
SAAR Location,F2-PZ04-A01-R33-E2,2.5
SAAR Location,F2-PZ04-A01-R34-A1,2.5
SAAR Location,F2-PZ04-A01-R34-A2,2.5
SAAR Location,F2-PZ04-A01-R34-B1,2.5
SAAR Location,F2-PZ04-A01-R34-B2,2.5
SAAR Location,F2-PZ04-A01-R34-C1,2.5
SAAR Location,F2-PZ04-A01-R34-C2,2.5
SAAR Location,F2-PZ04-A01-R34-D1,2.5
SAAR Location,F2-PZ04-A01-R34-D2,2.5
SAAR Location,F2-PZ04-A01-R34-E1,2.5
SAAR Location,F2-PZ04-A01-R34-E2,2.5
SAAR Location,F2-PZ04-A01-R35-A1,2.5
SAAR Location,F2-PZ04-A01-R35-A2,2.5
SAAR Location,F2-PZ04-A01-R35-B1,2.5
SAAR Location,F2-PZ04-A01-R35-B2,2.5
SAAR Location,F2-PZ04-A01-R35-C1,2.5
SAAR Location,F2-PZ04-A01-R35-C2,2.5
SAAR Location,F2-PZ04-A01-R35-D1,2.5
SAAR Location,F2-PZ04-A01-R35-D2,2.5
SAAR Location,F2-PZ04-A01-R35-E1,2.5
SAAR Location,F2-PZ04-A01-R35-E2,2.5
SAAR Location,F2-PZ04-A01-R36-A1,2.5
SAAR Location,F2-PZ04-A01-R36-A2,2.5
SAAR Location,F2-PZ04-A01-R36-B1,2.5
SAAR Location,F2-PZ04-A01-R36-B2,2.5
SAAR Location,F2-PZ04-A01-R36-C1,2.5
SAAR Location,F2-PZ04-A01-R36-C2,2.5
SAAR Location,F2-PZ04-A01-R36-D1,2.5
SAAR Location,F2-PZ04-A01-R36-D2,2.5
SAAR Location,F2-PZ04-A01-R36-E1,2.5
SAAR Location,F2-PZ04-A01-R36-E2,2.5
SAAR Location,F2-PZ04-A01-R37-A1,2.5
SAAR Location,F2-PZ04-A01-R37-A2,2.5
SAAR Location,F2-PZ04-A01-R37-B1,2.5
SAAR Location,F2-PZ04-A01-R37-B2,2.5
SAAR Location,F2-PZ04-A01-R37-C1,2.5
SAAR Location,F2-PZ04-A01-R37-C2,2.5
SAAR Location,F2-PZ04-A01-R37-D1,2.5
SAAR Location,F2-PZ04-A01-R37-D2,2.5
SAAR Location,F2-PZ04-A01-R37-E1,2.5
SAAR Location,F2-PZ04-A01-R37-E2,2.5
SAAR Location,F2-PZ04-A01-R38-A1,2.5
SAAR Location,F2-PZ04-A01-R38-A2,2.5
SAAR Location,F2-PZ04-A01-R38-B1,2.5
SAAR Location,F2-PZ04-A01-R38-B2,2.5
SAAR Location,F2-PZ04-A01-R38-C1,2.5
SAAR Location,F2-PZ04-A01-R38-C2,2.5
SAAR Location,F2-PZ04-A01-R38-D1,2.5
SAAR Location,F2-PZ04-A01-R38-D2,2.5
SAAR Location,F2-PZ04-A01-R38-E1,2.5
SAAR Location,F2-PZ04-A01-R38-E2,2.5
SAAR Location,F2-PZ04-A01-R39-A1,2.5
SAAR Location,F2-PZ04-A01-R39-A2,2.5
SAAR Location,F2-PZ04-A01-R39-B1,2.5
SAAR Location,F2-PZ04-A01-R39-B2,2.5
SAAR Location,F2-PZ04-A01-R39-C1,2.5
SAAR Location,F2-PZ04-A01-R39-C2,2.5
SAAR Location,F2-PZ04-A01-R39-D1,2.5
SAAR Location,F2-PZ04-A01-R39-D2,2.5
SAAR Location,F2-PZ04-A01-R39-E1,2.5
SAAR Location,F2-PZ04-A01-R39-E2,2.5
SAAR Location,F2-PZ04-A01-R40-A1,2.5
SAAR Location,F2-PZ04-A01-R40-A2,2.5
SAAR Location,F2-PZ04-A01-R40-B1,2.5
SAAR Location,F2-PZ04-A01-R40-B2,2.5
SAAR Location,F2-PZ04-A01-R40-C1,2.5
SAAR Location,F2-PZ04-A01-R40-C2,2.5
SAAR Location,F2-PZ04-A01-R40-D1,2.5
SAAR Location,F2-PZ04-A01-R40-D2,2.5
SAAR Location,F2-PZ04-A01-R40-E1,2.5
SAAR Location,F2-PZ04-A01-R40-E2,2.5
SAAR Location,F2-PZ04-A01-R41-A1,2.5
SAAR Location,F2-PZ04-A01-R41-A2,2.5
SAAR Location,F2-PZ04-A01-R41-B1,2.5
SAAR Location,F2-PZ04-A01-R41-B2,2.5
SAAR Location,F2-PZ04-A01-R41-C1,2.5
SAAR Location,F2-PZ04-A01-R41-C2,2.5
SAAR Location,F2-PZ04-A01-R41-D1,2.5
SAAR Location,F2-PZ04-A01-R41-D2,2.5
SAAR Location,F2-PZ04-A01-R41-E1,2.5
SAAR Location,F2-PZ04-A01-R41-E2,2.5
SAAR Location,F2-PZ04-A01-R42-A1,2.5
SAAR Location,F2-PZ04-A01-R42-A2,2.5
SAAR Location,F2-PZ04-A01-R42-B1,2.5
SAAR Location,F2-PZ04-A01-R42-B2,2.5
SAAR Location,F2-PZ04-A01-R42-C1,2.5
SAAR Location,F2-PZ04-A01-R42-C2,2.5
SAAR Location,F2-PZ04-A01-R42-D1,2.5
SAAR Location,F2-PZ04-A01-R42-D2,2.5
SAAR Location,F2-PZ04-A01-R42-E1,2.5
SAAR Location,F2-PZ04-A01-R42-E2,2.5
SAAR Location,F2-PZ04-A01-R43-A1,2.5
SAAR Location,F2-PZ04-A01-R43-A2,2.5
SAAR Location,F2-PZ04-A01-R43-B1,2.5
SAAR Location,F2-PZ04-A01-R43-B2,2.5
SAAR Location,F2-PZ04-A01-R43-C1,2.5
SAAR Location,F2-PZ04-A01-R43-C2,2.5
SAAR Location,F2-PZ04-A01-R43-D1,2.5
SAAR Location,F2-PZ04-A01-R43-D2,2.5
SAAR Location,F2-PZ04-A01-R43-E1,2.5
SAAR Location,F2-PZ04-A01-R43-E2,2.5
SAAR Location,F2-PZ04-A01-R44-A1,2.5
SAAR Location,F2-PZ04-A01-R44-A2,2.5
SAAR Location,F2-PZ04-A01-R44-B1,2.5
SAAR Location,F2-PZ04-A01-R44-B2,2.5
SAAR Location,F2-PZ04-A01-R44-C1,2.5
SAAR Location,F2-PZ04-A01-R44-C2,2.5
SAAR Location,F2-PZ04-A01-R44-D1,2.5
SAAR Location,F2-PZ04-A01-R44-D2,2.5
SAAR Location,F2-PZ04-A01-R44-E1,2.5
SAAR Location,F2-PZ04-A01-R44-E2,2.5
SAAR Location,F2-PZ04-A01-R45-A1,2.5
SAAR Location,F2-PZ04-A01-R45-A2,2.5
SAAR Location,F2-PZ04-A01-R45-B1,2.5
SAAR Location,F2-PZ04-A01-R45-B2,2.5
SAAR Location,F2-PZ04-A01-R45-C1,2.5
SAAR Location,F2-PZ04-A01-R45-C2,2.5
SAAR Location,F2-PZ04-A01-R45-D1,2.5
SAAR Location,F2-PZ04-A01-R45-D2,2.5
SAAR Location,F2-PZ04-A01-R45-E1,2.5
SAAR Location,F2-PZ04-A01-R45-E2,2.5
SAAR Location,F2-PZ04-A01-R46-A1,2.5
SAAR Location,F2-PZ04-A01-R46-A2,2.5
SAAR Location,F2-PZ04-A01-R46-B1,2.5
SAAR Location,F2-PZ04-A01-R46-B2,2.5
SAAR Location,F2-PZ04-A01-R46-C1,2.5
SAAR Location,F2-PZ04-A01-R46-C2,2.5
SAAR Location,F2-PZ04-A01-R46-D1,2.5
SAAR Location,F2-PZ04-A01-R46-D2,2.5
SAAR Location,F2-PZ04-A01-R46-E1,2.5
SAAR Location,F2-PZ04-A01-R46-E2,2.5
SAAR Location,F2-PZ04-A01-R47-A1,2.5
SAAR Location,F2-PZ04-A01-R47-A2,2.5
SAAR Location,F2-PZ04-A01-R47-B1,2.5
SAAR Location,F2-PZ04-A01-R47-B2,2.5
SAAR Location,F2-PZ04-A01-R47-C1,2.5
SAAR Location,F2-PZ04-A01-R47-C2,2.5
SAAR Location,F2-PZ04-A01-R47-D1,2.5
SAAR Location,F2-PZ04-A01-R47-D2,2.5
SAAR Location,F2-PZ04-A01-R47-E1,2.5
SAAR Location,F2-PZ04-A01-R47-E2,2.5
SAAR Location,F2-PZ04-A01-R48-A1,2.5
SAAR Location,F2-PZ04-A01-R48-A2,2.5
SAAR Location,F2-PZ04-A01-R48-B1,2.5
SAAR Location,F2-PZ04-A01-R48-B2,2.5
SAAR Location,F2-PZ04-A01-R48-C1,2.5
SAAR Location,F2-PZ04-A01-R48-C2,2.5
SAAR Location,F2-PZ04-A01-R48-D1,2.5
SAAR Location,F2-PZ04-A01-R48-D2,2.5
SAAR Location,F2-PZ04-A01-R48-E1,2.5
SAAR Location,F2-PZ04-A01-R48-E2,2.5
SAAR Location,F2-PZ04-A01-R49-A1,2.5
SAAR Location,F2-PZ04-A01-R49-A2,2.5
SAAR Location,F2-PZ04-A01-R49-B1,2.5
SAAR Location,F2-PZ04-A01-R49-B2,2.5
SAAR Location,F2-PZ04-A01-R49-C1,2.5
SAAR Location,F2-PZ04-A01-R49-C2,2.5
SAAR Location,F2-PZ04-A01-R49-D1,2.5
SAAR Location,F2-PZ04-A01-R49-D2,2.5
SAAR Location,F2-PZ04-A01-R49-E1,2.5
SAAR Location,F2-PZ04-A01-R49-E2,2.5
SAAR Location,F2-PZ04-A01-R50-A1,2.5
SAAR Location,F2-PZ04-A01-R50-A2,2.5
SAAR Location,F2-PZ04-A01-R50-B1,2.5
SAAR Location,F2-PZ04-A01-R50-B2,2.5
SAAR Location,F2-PZ04-A01-R50-C1,2.5
SAAR Location,F2-PZ04-A01-R50-C2,2.5
SAAR Location,F2-PZ04-A01-R50-D1,2.5
SAAR Location,F2-PZ04-A01-R50-D2,2.5
SAAR Location,F2-PZ04-A01-R50-E1,2.5
SAAR Location,F2-PZ04-A01-R50-E2,2.5
SAAR Location,F2-PZ04-A01-R51-A1,2.5
SAAR Location,F2-PZ04-A01-R51-A2,2.5
SAAR Location,F2-PZ04-A01-R51-B1,2.5
SAAR Location,F2-PZ04-A01-R51-B2,2.5
SAAR Location,F2-PZ04-A01-R51-C1,2.5
SAAR Location,F2-PZ04-A01-R51-C2,2.5
SAAR Location,F2-PZ04-A01-R51-D1,2.5
SAAR Location,F2-PZ04-A01-R51-D2,2.5
SAAR Location,F2-PZ04-A01-R51-E1,2.5
SAAR Location,F2-PZ04-A01-R51-E2,2.5
SAAR Location,F2-PZ04-A01-R52-A1,2.5
SAAR Location,F2-PZ04-A01-R52-A2,2.5
SAAR Location,F2-PZ04-A01-R52-B1,2.5
SAAR Location,F2-PZ04-A01-R52-B2,2.5
SAAR Location,F2-PZ04-A01-R52-C1,2.5
SAAR Location,F2-PZ04-A01-R52-C2,2.5
SAAR Location,F2-PZ04-A01-R52-D1,2.5
SAAR Location,F2-PZ04-A01-R52-D2,2.5
SAAR Location,F2-PZ04-A01-R52-E1,2.5
SAAR Location,F2-PZ04-A01-R52-E2,2.5
SAAR Location,F2-PZ04-A02-R01-A1,2.5
SAAR Location,F2-PZ04-A02-R01-A2,2.5
SAAR Location,F2-PZ04-A02-R01-B1,2.5
SAAR Location,F2-PZ04-A02-R01-B2,2.5
SAAR Location,F2-PZ04-A02-R01-C1,2.5
SAAR Location,F2-PZ04-A02-R01-C2,2.5
SAAR Location,F2-PZ04-A02-R01-D1,2.5
SAAR Location,F2-PZ04-A02-R01-D2,2.5
SAAR Location,F2-PZ04-A02-R01-E1,2.5
SAAR Location,F2-PZ04-A02-R01-E2,2.5
SAAR Location,F2-PZ04-A02-R02-A1,2.5
SAAR Location,F2-PZ04-A02-R02-A2,2.5
SAAR Location,F2-PZ04-A02-R02-B1,2.5
SAAR Location,F2-PZ04-A02-R02-B2,2.5
SAAR Location,F2-PZ04-A02-R02-C1,2.5
SAAR Location,F2-PZ04-A02-R02-C2,2.5
SAAR Location,F2-PZ04-A02-R02-D1,2.5
SAAR Location,F2-PZ04-A02-R02-D2,2.5
SAAR Location,F2-PZ04-A02-R02-E1,2.5
SAAR Location,F2-PZ04-A02-R02-E2,2.5
SAAR Location,F2-PZ04-A02-R03-A1,2.5
SAAR Location,F2-PZ04-A02-R03-A2,2.5
SAAR Location,F2-PZ04-A02-R03-B1,2.5
SAAR Location,F2-PZ04-A02-R03-B2,2.5
SAAR Location,F2-PZ04-A02-R03-C1,2.5
SAAR Location,F2-PZ04-A02-R03-C2,2.5
SAAR Location,F2-PZ04-A02-R03-D1,2.5
SAAR Location,F2-PZ04-A02-R03-D2,2.5
SAAR Location,F2-PZ04-A02-R03-E1,2.5
SAAR Location,F2-PZ04-A02-R03-E2,2.5
SAAR Location,F2-PZ04-A02-R04-A1,2.5
SAAR Location,F2-PZ04-A02-R04-A2,2.5
SAAR Location,F2-PZ04-A02-R04-B1,2.5
SAAR Location,F2-PZ04-A02-R04-B2,2.5
SAAR Location,F2-PZ04-A02-R04-C1,2.5
SAAR Location,F2-PZ04-A02-R04-C2,2.5
SAAR Location,F2-PZ04-A02-R04-D1,2.5
SAAR Location,F2-PZ04-A02-R04-D2,2.5
SAAR Location,F2-PZ04-A02-R04-E1,2.5
SAAR Location,F2-PZ04-A02-R04-E2,2.5
SAAR Location,F2-PZ04-A02-R05-A1,2.5
SAAR Location,F2-PZ04-A02-R05-A2,2.5
SAAR Location,F2-PZ04-A02-R05-B1,2.5
SAAR Location,F2-PZ04-A02-R05-B2,2.5
SAAR Location,F2-PZ04-A02-R05-C1,2.5
SAAR Location,F2-PZ04-A02-R05-C2,2.5
SAAR Location,F2-PZ04-A02-R05-D1,2.5
SAAR Location,F2-PZ04-A02-R05-D2,2.5
SAAR Location,F2-PZ04-A02-R05-E1,2.5
SAAR Location,F2-PZ04-A02-R05-E2,2.5
SAAR Location,F2-PZ04-A02-R06-A1,2.5
SAAR Location,F2-PZ04-A02-R06-A2,2.5
SAAR Location,F2-PZ04-A02-R06-B1,2.5
SAAR Location,F2-PZ04-A02-R06-B2,2.5
SAAR Location,F2-PZ04-A02-R06-C1,2.5
SAAR Location,F2-PZ04-A02-R06-C2,2.5
SAAR Location,F2-PZ04-A02-R06-D1,2.5
SAAR Location,F2-PZ04-A02-R06-D2,2.5
SAAR Location,F2-PZ04-A02-R06-E1,2.5
SAAR Location,F2-PZ04-A02-R06-E2,2.5
SAAR Location,F2-PZ04-A02-R07-A1,2.5
SAAR Location,F2-PZ04-A02-R07-A2,2.5
SAAR Location,F2-PZ04-A02-R07-B1,2.5
SAAR Location,F2-PZ04-A02-R07-B2,2.5
SAAR Location,F2-PZ04-A02-R07-C1,2.5
SAAR Location,F2-PZ04-A02-R07-C2,2.5
SAAR Location,F2-PZ04-A02-R07-D1,2.5
SAAR Location,F2-PZ04-A02-R07-D2,2.5
SAAR Location,F2-PZ04-A02-R07-E1,2.5
SAAR Location,F2-PZ04-A02-R07-E2,2.5
SAAR Location,F2-PZ04-A02-R08-A1,2.5
SAAR Location,F2-PZ04-A02-R08-A2,2.5
SAAR Location,F2-PZ04-A02-R08-B1,2.5
SAAR Location,F2-PZ04-A02-R08-B2,2.5
SAAR Location,F2-PZ04-A02-R08-C1,2.5
SAAR Location,F2-PZ04-A02-R08-C2,2.5
SAAR Location,F2-PZ04-A02-R08-D1,2.5
SAAR Location,F2-PZ04-A02-R08-D2,2.5
SAAR Location,F2-PZ04-A02-R08-E1,2.5
SAAR Location,F2-PZ04-A02-R08-E2,2.5
SAAR Location,F2-PZ04-A02-R09-A1,2.5
SAAR Location,F2-PZ04-A02-R09-A2,2.5
SAAR Location,F2-PZ04-A02-R09-B1,2.5
SAAR Location,F2-PZ04-A02-R09-B2,2.5
SAAR Location,F2-PZ04-A02-R09-C1,2.5
SAAR Location,F2-PZ04-A02-R09-C2,2.5
SAAR Location,F2-PZ04-A02-R09-D1,2.5
SAAR Location,F2-PZ04-A02-R09-D2,2.5
SAAR Location,F2-PZ04-A02-R09-E1,2.5
SAAR Location,F2-PZ04-A02-R09-E2,2.5
SAAR Location,F2-PZ04-A02-R10-A1,2.5
SAAR Location,F2-PZ04-A02-R10-A2,2.5
SAAR Location,F2-PZ04-A02-R10-B1,2.5
SAAR Location,F2-PZ04-A02-R10-B2,2.5
SAAR Location,F2-PZ04-A02-R10-C1,2.5
SAAR Location,F2-PZ04-A02-R10-C2,2.5
SAAR Location,F2-PZ04-A02-R10-D1,2.5
SAAR Location,F2-PZ04-A02-R10-D2,2.5
SAAR Location,F2-PZ04-A02-R10-E1,2.5
SAAR Location,F2-PZ04-A02-R10-E2,2.5
SAAR Location,F2-PZ04-A02-R11-A1,2.5
SAAR Location,F2-PZ04-A02-R11-A2,2.5
SAAR Location,F2-PZ04-A02-R11-B1,2.5
SAAR Location,F2-PZ04-A02-R11-B2,2.5
SAAR Location,F2-PZ04-A02-R11-C1,2.5
SAAR Location,F2-PZ04-A02-R11-C2,2.5
SAAR Location,F2-PZ04-A02-R11-D1,2.5
SAAR Location,F2-PZ04-A02-R11-D2,2.5
SAAR Location,F2-PZ04-A02-R11-E1,2.5
SAAR Location,F2-PZ04-A02-R11-E2,2.5
SAAR Location,F2-PZ04-A02-R12-A1,2.5
SAAR Location,F2-PZ04-A02-R12-A2,2.5
SAAR Location,F2-PZ04-A02-R12-B1,2.5
SAAR Location,F2-PZ04-A02-R12-B2,2.5
SAAR Location,F2-PZ04-A02-R12-C1,2.5
SAAR Location,F2-PZ04-A02-R12-C2,2.5
SAAR Location,F2-PZ04-A02-R12-D1,2.5
SAAR Location,F2-PZ04-A02-R12-D2,2.5
SAAR Location,F2-PZ04-A02-R12-E1,2.5
SAAR Location,F2-PZ04-A02-R12-E2,2.5
SAAR Location,F2-PZ04-A02-R13-A1,2.5
SAAR Location,F2-PZ04-A02-R13-A2,2.5
SAAR Location,F2-PZ04-A02-R13-B1,2.5
SAAR Location,F2-PZ04-A02-R13-B2,2.5
SAAR Location,F2-PZ04-A02-R13-C1,2.5
SAAR Location,F2-PZ04-A02-R13-C2,2.5
SAAR Location,F2-PZ04-A02-R13-D1,2.5
SAAR Location,F2-PZ04-A02-R13-D2,2.5
SAAR Location,F2-PZ04-A02-R13-E1,2.5
SAAR Location,F2-PZ04-A02-R13-E2,2.5
SAAR Location,F2-PZ04-A02-R14-A1,2.5
SAAR Location,F2-PZ04-A02-R14-A2,2.5
SAAR Location,F2-PZ04-A02-R14-B1,2.5
SAAR Location,F2-PZ04-A02-R14-B2,2.5
SAAR Location,F2-PZ04-A02-R14-C1,2.5
SAAR Location,F2-PZ04-A02-R14-C2,2.5
SAAR Location,F2-PZ04-A02-R14-D1,2.5
SAAR Location,F2-PZ04-A02-R14-D2,2.5
SAAR Location,F2-PZ04-A02-R14-E1,2.5
SAAR Location,F2-PZ04-A02-R14-E2,2.5
SAAR Location,F2-PZ04-A02-R15-A1,2.5
SAAR Location,F2-PZ04-A02-R15-A2,2.5
SAAR Location,F2-PZ04-A02-R15-B1,2.5
SAAR Location,F2-PZ04-A02-R15-B2,2.5
SAAR Location,F2-PZ04-A02-R15-C1,2.5
SAAR Location,F2-PZ04-A02-R15-C2,2.5
SAAR Location,F2-PZ04-A02-R15-D1,2.5
SAAR Location,F2-PZ04-A02-R15-D2,2.5
SAAR Location,F2-PZ04-A02-R15-E1,2.5
SAAR Location,F2-PZ04-A02-R15-E2,2.5
SAAR Location,F2-PZ04-A02-R16-A1,2.5
SAAR Location,F2-PZ04-A02-R16-A2,2.5
SAAR Location,F2-PZ04-A02-R16-B1,2.5
SAAR Location,F2-PZ04-A02-R16-B2,2.5
SAAR Location,F2-PZ04-A02-R16-C1,2.5
SAAR Location,F2-PZ04-A02-R16-C2,2.5
SAAR Location,F2-PZ04-A02-R16-D1,2.5
SAAR Location,F2-PZ04-A02-R16-D2,2.5
SAAR Location,F2-PZ04-A02-R16-E1,2.5
SAAR Location,F2-PZ04-A02-R16-E2,2.5
SAAR Location,F2-PZ04-A02-R17-A1,2.5
SAAR Location,F2-PZ04-A02-R17-A2,2.5
SAAR Location,F2-PZ04-A02-R17-B1,2.5
SAAR Location,F2-PZ04-A02-R17-B2,2.5
SAAR Location,F2-PZ04-A02-R17-C1,2.5
SAAR Location,F2-PZ04-A02-R17-C2,2.5
SAAR Location,F2-PZ04-A02-R17-D1,2.5
SAAR Location,F2-PZ04-A02-R17-D2,2.5
SAAR Location,F2-PZ04-A02-R17-E1,2.5
SAAR Location,F2-PZ04-A02-R17-E2,2.5
SAAR Location,F2-PZ04-A02-R18-A1,2.5
SAAR Location,F2-PZ04-A02-R18-A2,2.5
SAAR Location,F2-PZ04-A02-R18-B1,2.5
SAAR Location,F2-PZ04-A02-R18-B2,2.5
SAAR Location,F2-PZ04-A02-R18-C1,2.5
SAAR Location,F2-PZ04-A02-R18-C2,2.5
SAAR Location,F2-PZ04-A02-R18-D1,2.5
SAAR Location,F2-PZ04-A02-R18-D2,2.5
SAAR Location,F2-PZ04-A02-R18-E1,2.5
SAAR Location,F2-PZ04-A02-R18-E2,2.5
SAAR Location,F2-PZ04-A02-R19-A1,2.5
SAAR Location,F2-PZ04-A02-R19-A2,2.5
SAAR Location,F2-PZ04-A02-R19-B1,2.5
SAAR Location,F2-PZ04-A02-R19-B2,2.5
SAAR Location,F2-PZ04-A02-R19-C1,2.5
SAAR Location,F2-PZ04-A02-R19-C2,2.5
SAAR Location,F2-PZ04-A02-R19-D1,2.5
SAAR Location,F2-PZ04-A02-R19-D2,2.5
SAAR Location,F2-PZ04-A02-R19-E1,2.5
SAAR Location,F2-PZ04-A02-R19-E2,2.5
SAAR Location,F2-PZ04-A02-R20-A1,2.5
SAAR Location,F2-PZ04-A02-R20-A2,2.5
SAAR Location,F2-PZ04-A02-R20-B1,2.5
SAAR Location,F2-PZ04-A02-R20-B2,2.5
SAAR Location,F2-PZ04-A02-R20-C1,2.5
SAAR Location,F2-PZ04-A02-R20-C2,2.5
SAAR Location,F2-PZ04-A02-R20-D1,2.5
SAAR Location,F2-PZ04-A02-R20-D2,2.5
SAAR Location,F2-PZ04-A02-R20-E1,2.5
SAAR Location,F2-PZ04-A02-R20-E2,2.5
SAAR Location,F2-PZ04-A03-R01-A1,2.5
SAAR Location,F2-PZ04-A03-R01-A2,2.5
SAAR Location,F2-PZ04-A03-R01-B1,2.5
SAAR Location,F2-PZ04-A03-R01-B2,2.5
SAAR Location,F2-PZ04-A03-R01-C1,2.5
SAAR Location,F2-PZ04-A03-R01-C2,2.5
SAAR Location,F2-PZ04-A03-R01-D1,2.5
SAAR Location,F2-PZ04-A03-R01-D2,2.5
SAAR Location,F2-PZ04-A03-R01-E1,2.5
SAAR Location,F2-PZ04-A03-R01-E2,2.5
SAAR Location,F2-PZ04-A03-R02-A1,2.5
SAAR Location,F2-PZ04-A03-R02-A2,2.5
SAAR Location,F2-PZ04-A03-R02-B1,2.5
SAAR Location,F2-PZ04-A03-R02-B2,2.5
SAAR Location,F2-PZ04-A03-R02-C1,2.5
SAAR Location,F2-PZ04-A03-R02-C2,2.5
SAAR Location,F2-PZ04-A03-R02-D1,2.5
SAAR Location,F2-PZ04-A03-R02-D2,2.5
SAAR Location,F2-PZ04-A03-R02-E1,2.5
SAAR Location,F2-PZ04-A03-R02-E2,2.5
SAAR Location,F2-PZ04-A03-R03-A1,2.5
SAAR Location,F2-PZ04-A03-R03-A2,2.5
SAAR Location,F2-PZ04-A03-R03-B1,2.5
SAAR Location,F2-PZ04-A03-R03-B2,2.5
SAAR Location,F2-PZ04-A03-R03-C1,2.5
SAAR Location,F2-PZ04-A03-R03-C2,2.5
SAAR Location,F2-PZ04-A03-R03-D1,2.5
SAAR Location,F2-PZ04-A03-R03-D2,2.5
SAAR Location,F2-PZ04-A03-R03-E1,2.5
SAAR Location,F2-PZ04-A03-R03-E2,2.5
SAAR Location,F2-PZ04-A03-R04-A1,2.5
SAAR Location,F2-PZ04-A03-R04-A2,2.5
SAAR Location,F2-PZ04-A03-R04-B1,2.5
SAAR Location,F2-PZ04-A03-R04-B2,2.5
SAAR Location,F2-PZ04-A03-R04-C1,2.5
SAAR Location,F2-PZ04-A03-R04-C2,2.5
SAAR Location,F2-PZ04-A03-R04-D1,2.5
SAAR Location,F2-PZ04-A03-R04-D2,2.5
SAAR Location,F2-PZ04-A03-R04-E1,2.5
SAAR Location,F2-PZ04-A03-R04-E2,2.5
SAAR Location,F2-PZ04-A03-R05-A1,2.5
SAAR Location,F2-PZ04-A03-R05-A2,2.5
SAAR Location,F2-PZ04-A03-R05-B1,2.5
SAAR Location,F2-PZ04-A03-R05-B2,2.5
SAAR Location,F2-PZ04-A03-R05-C1,2.5
SAAR Location,F2-PZ04-A03-R05-C2,2.5
SAAR Location,F2-PZ04-A03-R05-D1,2.5
SAAR Location,F2-PZ04-A03-R05-D2,2.5
SAAR Location,F2-PZ04-A03-R05-E1,2.5
SAAR Location,F2-PZ04-A03-R05-E2,2.5
SAAR Location,F2-PZ04-A03-R06-A1,2.5
SAAR Location,F2-PZ04-A03-R06-A2,2.5
SAAR Location,F2-PZ04-A03-R06-B1,2.5
SAAR Location,F2-PZ04-A03-R06-B2,2.5
SAAR Location,F2-PZ04-A03-R06-C1,2.5
SAAR Location,F2-PZ04-A03-R06-C2,2.5
SAAR Location,F2-PZ04-A03-R06-D1,2.5
SAAR Location,F2-PZ04-A03-R06-D2,2.5
SAAR Location,F2-PZ04-A03-R06-E1,2.5
SAAR Location,F2-PZ04-A03-R06-E2,2.5
SAAR Location,F2-PZ04-A03-R07-A1,2.5
SAAR Location,F2-PZ04-A03-R07-A2,2.5
SAAR Location,F2-PZ04-A03-R07-B1,2.5
SAAR Location,F2-PZ04-A03-R07-B2,2.5
SAAR Location,F2-PZ04-A03-R07-C1,2.5
SAAR Location,F2-PZ04-A03-R07-C2,2.5
SAAR Location,F2-PZ04-A03-R07-D1,2.5
SAAR Location,F2-PZ04-A03-R07-D2,2.5
SAAR Location,F2-PZ04-A03-R07-E1,2.5
SAAR Location,F2-PZ04-A03-R07-E2,2.5
SAAR Location,F2-PZ04-A03-R08-A1,2.5
SAAR Location,F2-PZ04-A03-R08-A2,2.5
SAAR Location,F2-PZ04-A03-R08-B1,2.5
SAAR Location,F2-PZ04-A03-R08-B2,2.5
SAAR Location,F2-PZ04-A03-R08-C1,2.5
SAAR Location,F2-PZ04-A03-R08-C2,2.5
SAAR Location,F2-PZ04-A03-R08-D1,2.5
SAAR Location,F2-PZ04-A03-R08-D2,2.5
SAAR Location,F2-PZ04-A03-R08-E1,2.5
SAAR Location,F2-PZ04-A03-R08-E2,2.5
SAAR Location,F2-PZ04-A03-R09-A1,2.5
SAAR Location,F2-PZ04-A03-R09-A2,2.5
SAAR Location,F2-PZ04-A03-R09-B1,2.5
SAAR Location,F2-PZ04-A03-R09-B2,2.5
SAAR Location,F2-PZ04-A03-R09-C1,2.5
SAAR Location,F2-PZ04-A03-R09-C2,2.5
SAAR Location,F2-PZ04-A03-R09-D1,2.5
SAAR Location,F2-PZ04-A03-R09-D2,2.5
SAAR Location,F2-PZ04-A03-R09-E1,2.5
SAAR Location,F2-PZ04-A03-R09-E2,2.5
SAAR Location,F2-PZ04-A03-R10-A1,2.5
SAAR Location,F2-PZ04-A03-R10-A2,2.5
SAAR Location,F2-PZ04-A03-R10-B1,2.5
SAAR Location,F2-PZ04-A03-R10-B2,2.5
SAAR Location,F2-PZ04-A03-R10-C1,2.5
SAAR Location,F2-PZ04-A03-R10-C2,2.5
SAAR Location,F2-PZ04-A03-R10-D1,2.5
SAAR Location,F2-PZ04-A03-R10-D2,2.5
SAAR Location,F2-PZ04-A03-R10-E1,2.5
SAAR Location,F2-PZ04-A03-R10-E2,2.5
SAAR Location,F2-PZ04-A03-R11-A1,2.5
SAAR Location,F2-PZ04-A03-R11-A2,2.5
SAAR Location,F2-PZ04-A03-R11-B1,2.5
SAAR Location,F2-PZ04-A03-R11-B2,2.5
SAAR Location,F2-PZ04-A03-R11-C1,2.5
SAAR Location,F2-PZ04-A03-R11-C2,2.5
SAAR Location,F2-PZ04-A03-R11-D1,2.5
SAAR Location,F2-PZ04-A03-R11-D2,2.5
SAAR Location,F2-PZ04-A03-R11-E1,2.5
SAAR Location,F2-PZ04-A03-R11-E2,2.5
SAAR Location,F2-PZ04-A03-R12-A1,2.5
SAAR Location,F2-PZ04-A03-R12-A2,2.5
SAAR Location,F2-PZ04-A03-R12-B1,2.5
SAAR Location,F2-PZ04-A03-R12-B2,2.5
SAAR Location,F2-PZ04-A03-R12-C1,2.5
SAAR Location,F2-PZ04-A03-R12-C2,2.5
SAAR Location,F2-PZ04-A03-R12-D1,2.5
SAAR Location,F2-PZ04-A03-R12-D2,2.5
SAAR Location,F2-PZ04-A03-R12-E1,2.5
SAAR Location,F2-PZ04-A03-R12-E2,2.5
SAAR Location,F2-PZ04-A03-R13-A1,2.5
SAAR Location,F2-PZ04-A03-R13-A2,2.5
SAAR Location,F2-PZ04-A03-R13-B1,2.5
SAAR Location,F2-PZ04-A03-R13-B2,2.5
SAAR Location,F2-PZ04-A03-R13-C1,2.5
SAAR Location,F2-PZ04-A03-R13-C2,2.5
SAAR Location,F2-PZ04-A03-R13-D1,2.5
SAAR Location,F2-PZ04-A03-R13-D2,2.5
SAAR Location,F2-PZ04-A03-R13-E1,2.5
SAAR Location,F2-PZ04-A03-R13-E2,2.5
SAAR Location,F2-PZ04-A03-R14-A1,2.5
SAAR Location,F2-PZ04-A03-R14-A2,2.5
SAAR Location,F2-PZ04-A03-R14-B1,2.5
SAAR Location,F2-PZ04-A03-R14-B2,2.5
SAAR Location,F2-PZ04-A03-R14-C1,2.5
SAAR Location,F2-PZ04-A03-R14-C2,2.5
SAAR Location,F2-PZ04-A03-R14-D1,2.5
SAAR Location,F2-PZ04-A03-R14-D2,2.5
SAAR Location,F2-PZ04-A03-R14-E1,2.5
SAAR Location,F2-PZ04-A03-R14-E2,2.5
SAAR Location,F2-PZ04-A03-R15-A1,2.5
SAAR Location,F2-PZ04-A03-R15-A2,2.5
SAAR Location,F2-PZ04-A03-R15-B1,2.5
SAAR Location,F2-PZ04-A03-R15-B2,2.5
SAAR Location,F2-PZ04-A03-R15-C1,2.5
SAAR Location,F2-PZ04-A03-R15-C2,2.5
SAAR Location,F2-PZ04-A03-R15-D1,2.5
SAAR Location,F2-PZ04-A03-R15-D2,2.5
SAAR Location,F2-PZ04-A03-R15-E1,2.5
SAAR Location,F2-PZ04-A03-R15-E2,2.5
SAAR Location,F2-PZ04-A03-R16-A1,2.5
SAAR Location,F2-PZ04-A03-R16-A2,2.5
SAAR Location,F2-PZ04-A03-R16-B1,2.5
SAAR Location,F2-PZ04-A03-R16-B2,2.5
SAAR Location,F2-PZ04-A03-R16-C1,2.5
SAAR Location,F2-PZ04-A03-R16-C2,2.5
SAAR Location,F2-PZ04-A03-R16-D1,2.5
SAAR Location,F2-PZ04-A03-R16-D2,2.5
SAAR Location,F2-PZ04-A03-R16-E1,2.5
SAAR Location,F2-PZ04-A03-R16-E2,2.5
SAAR Location,F2-PZ04-A03-R17-A1,2.5
SAAR Location,F2-PZ04-A03-R17-A2,2.5
SAAR Location,F2-PZ04-A03-R17-B1,2.5
SAAR Location,F2-PZ04-A03-R17-B2,2.5
SAAR Location,F2-PZ04-A03-R17-C1,2.5
SAAR Location,F2-PZ04-A03-R17-C2,2.5
SAAR Location,F2-PZ04-A03-R17-D1,2.5
SAAR Location,F2-PZ04-A03-R17-D2,2.5
SAAR Location,F2-PZ04-A03-R17-E1,2.5
SAAR Location,F2-PZ04-A03-R17-E2,2.5
SAAR Location,F2-PZ04-A03-R18-A1,2.5
SAAR Location,F2-PZ04-A03-R18-A2,2.5
SAAR Location,F2-PZ04-A03-R18-B1,2.5
SAAR Location,F2-PZ04-A03-R18-B2,2.5
SAAR Location,F2-PZ04-A03-R18-C1,2.5
SAAR Location,F2-PZ04-A03-R18-C2,2.5
SAAR Location,F2-PZ04-A03-R18-D1,2.5
SAAR Location,F2-PZ04-A03-R18-D2,2.5
SAAR Location,F2-PZ04-A03-R18-E1,2.5
SAAR Location,F2-PZ04-A03-R18-E2,2.5
SAAR Location,F2-PZ04-A03-R19-A1,2.5
SAAR Location,F2-PZ04-A03-R19-A2,2.5
SAAR Location,F2-PZ04-A03-R19-B1,2.5
SAAR Location,F2-PZ04-A03-R19-B2,2.5
SAAR Location,F2-PZ04-A03-R19-C1,2.5
SAAR Location,F2-PZ04-A03-R19-C2,2.5
SAAR Location,F2-PZ04-A03-R19-D1,2.5
SAAR Location,F2-PZ04-A03-R19-D2,2.5
SAAR Location,F2-PZ04-A03-R19-E1,2.5
SAAR Location,F2-PZ04-A03-R19-E2,2.5
SAAR Location,F2-PZ04-A03-R20-A1,2.5
SAAR Location,F2-PZ04-A03-R20-A2,2.5
SAAR Location,F2-PZ04-A03-R20-B1,2.5
SAAR Location,F2-PZ04-A03-R20-B2,2.5
SAAR Location,F2-PZ04-A03-R20-C1,2.5
SAAR Location,F2-PZ04-A03-R20-C2,2.5
SAAR Location,F2-PZ04-A03-R20-D1,2.5
SAAR Location,F2-PZ04-A03-R20-D2,2.5
SAAR Location,F2-PZ04-A03-R20-E1,2.5
SAAR Location,F2-PZ04-A03-R20-E2,2.5
SAAR Location,F2-PZ04-A03-R21-A1,2.5
SAAR Location,F2-PZ04-A03-R21-A2,2.5
SAAR Location,F2-PZ04-A03-R21-B1,2.5
SAAR Location,F2-PZ04-A03-R21-B2,2.5
SAAR Location,F2-PZ04-A03-R21-C1,2.5
SAAR Location,F2-PZ04-A03-R21-C2,2.5
SAAR Location,F2-PZ04-A03-R21-D1,2.5
SAAR Location,F2-PZ04-A03-R21-D2,2.5
SAAR Location,F2-PZ04-A03-R21-E1,2.5
SAAR Location,F2-PZ04-A03-R21-E2,2.5
SAAR Location,F2-PZ04-A03-R22-A1,2.5
SAAR Location,F2-PZ04-A03-R22-A2,2.5
SAAR Location,F2-PZ04-A03-R22-B1,2.5
SAAR Location,F2-PZ04-A03-R22-B2,2.5
SAAR Location,F2-PZ04-A03-R22-C1,2.5
SAAR Location,F2-PZ04-A03-R22-C2,2.5
SAAR Location,F2-PZ04-A03-R22-D1,2.5
SAAR Location,F2-PZ04-A03-R22-D2,2.5
SAAR Location,F2-PZ04-A03-R22-E1,2.5
SAAR Location,F2-PZ04-A03-R22-E2,2.5
SAAR Location,F2-PZ04-A03-R23-A1,2.5
SAAR Location,F2-PZ04-A03-R23-A2,2.5
SAAR Location,F2-PZ04-A03-R23-B1,2.5
SAAR Location,F2-PZ04-A03-R23-B2,2.5
SAAR Location,F2-PZ04-A03-R23-C1,2.5
SAAR Location,F2-PZ04-A03-R23-C2,2.5
SAAR Location,F2-PZ04-A03-R23-D1,2.5
SAAR Location,F2-PZ04-A03-R23-D2,2.5
SAAR Location,F2-PZ04-A03-R23-E1,2.5
SAAR Location,F2-PZ04-A03-R23-E2,2.5
SAAR Location,F2-PZ04-A03-R24-A1,2.5
SAAR Location,F2-PZ04-A03-R24-A2,2.5
SAAR Location,F2-PZ04-A03-R24-B1,2.5
SAAR Location,F2-PZ04-A03-R24-B2,2.5
SAAR Location,F2-PZ04-A03-R24-C1,2.5
SAAR Location,F2-PZ04-A03-R24-C2,2.5
SAAR Location,F2-PZ04-A03-R24-D1,2.5
SAAR Location,F2-PZ04-A03-R24-D2,2.5
SAAR Location,F2-PZ04-A03-R24-E1,2.5
SAAR Location,F2-PZ04-A03-R24-E2,2.5
SAAR Location,F2-PZ04-A03-R25-A1,2.5
SAAR Location,F2-PZ04-A03-R25-A2,2.5
SAAR Location,F2-PZ04-A03-R25-B1,2.5
SAAR Location,F2-PZ04-A03-R25-B2,2.5
SAAR Location,F2-PZ04-A03-R25-C1,2.5
SAAR Location,F2-PZ04-A03-R25-C2,2.5
SAAR Location,F2-PZ04-A03-R25-D1,2.5
SAAR Location,F2-PZ04-A03-R25-D2,2.5
SAAR Location,F2-PZ04-A03-R25-E1,2.5
SAAR Location,F2-PZ04-A03-R25-E2,2.5
SAAR Location,F2-PZ04-A03-R26-A1,2.5
SAAR Location,F2-PZ04-A03-R26-A2,2.5
SAAR Location,F2-PZ04-A03-R26-B1,2.5
SAAR Location,F2-PZ04-A03-R26-B2,2.5
SAAR Location,F2-PZ04-A03-R26-C1,2.5
SAAR Location,F2-PZ04-A03-R26-C2,2.5
SAAR Location,F2-PZ04-A03-R26-D1,2.5
SAAR Location,F2-PZ04-A03-R26-D2,2.5
SAAR Location,F2-PZ04-A03-R26-E1,2.5
SAAR Location,F2-PZ04-A03-R26-E2,2.5
SAAR Location,F2-PZ04-A03-R27-A1,2.5
SAAR Location,F2-PZ04-A03-R27-A2,2.5
SAAR Location,F2-PZ04-A03-R27-B1,2.5
SAAR Location,F2-PZ04-A03-R27-B2,2.5
SAAR Location,F2-PZ04-A03-R27-C1,2.5
SAAR Location,F2-PZ04-A03-R27-C2,2.5
SAAR Location,F2-PZ04-A03-R27-D1,2.5
SAAR Location,F2-PZ04-A03-R27-D2,2.5
SAAR Location,F2-PZ04-A03-R27-E1,2.5
SAAR Location,F2-PZ04-A03-R27-E2,2.5
SAAR Location,F2-PZ04-A03-R28-A1,2.5
SAAR Location,F2-PZ04-A03-R28-A2,2.5
SAAR Location,F2-PZ04-A03-R28-B1,2.5
SAAR Location,F2-PZ04-A03-R28-B2,2.5
SAAR Location,F2-PZ04-A03-R28-C1,2.5
SAAR Location,F2-PZ04-A03-R28-C2,2.5
SAAR Location,F2-PZ04-A03-R28-D1,2.5
SAAR Location,F2-PZ04-A03-R28-D2,2.5
SAAR Location,F2-PZ04-A03-R28-E1,2.5
SAAR Location,F2-PZ04-A03-R28-E2,2.5
SAAR Location,F2-PZ04-A03-R29-A1,2.5
SAAR Location,F2-PZ04-A03-R29-A2,2.5
SAAR Location,F2-PZ04-A03-R29-B1,2.5
SAAR Location,F2-PZ04-A03-R29-B2,2.5
SAAR Location,F2-PZ04-A03-R29-C1,2.5
SAAR Location,F2-PZ04-A03-R29-C2,2.5
SAAR Location,F2-PZ04-A03-R29-D1,2.5
SAAR Location,F2-PZ04-A03-R29-D2,2.5
SAAR Location,F2-PZ04-A03-R29-E1,2.5
SAAR Location,F2-PZ04-A03-R29-E2,2.5
SAAR Location,F2-PZ04-A03-R30-A1,2.5
SAAR Location,F2-PZ04-A03-R30-A2,2.5
SAAR Location,F2-PZ04-A03-R30-B1,2.5
SAAR Location,F2-PZ04-A03-R30-B2,2.5
SAAR Location,F2-PZ04-A03-R30-C1,2.5
SAAR Location,F2-PZ04-A03-R30-C2,2.5
SAAR Location,F2-PZ04-A03-R30-D1,2.5
SAAR Location,F2-PZ04-A03-R30-D2,2.5
SAAR Location,F2-PZ04-A03-R30-E1,2.5
SAAR Location,F2-PZ04-A03-R30-E2,2.5
SAAR Location,F2-PZ04-A03-R31-A1,2.5
SAAR Location,F2-PZ04-A03-R31-A2,2.5
SAAR Location,F2-PZ04-A03-R31-B1,2.5
SAAR Location,F2-PZ04-A03-R31-B2,2.5
SAAR Location,F2-PZ04-A03-R31-C1,2.5
SAAR Location,F2-PZ04-A03-R31-C2,2.5
SAAR Location,F2-PZ04-A03-R31-D1,2.5
SAAR Location,F2-PZ04-A03-R31-D2,2.5
SAAR Location,F2-PZ04-A03-R31-E1,2.5
SAAR Location,F2-PZ04-A03-R31-E2,2.5
SAAR Location,F2-PZ04-A03-R32-A1,2.5
SAAR Location,F2-PZ04-A03-R32-A2,2.5
SAAR Location,F2-PZ04-A03-R32-B1,2.5
SAAR Location,F2-PZ04-A03-R32-B2,2.5
SAAR Location,F2-PZ04-A03-R32-C1,2.5
SAAR Location,F2-PZ04-A03-R32-C2,2.5
SAAR Location,F2-PZ04-A03-R32-D1,2.5
SAAR Location,F2-PZ04-A03-R32-D2,2.5
SAAR Location,F2-PZ04-A03-R32-E1,2.5
SAAR Location,F2-PZ04-A03-R32-E2,2.5
SAAR Location,F2-PZ04-A03-R33-A1,2.5
SAAR Location,F2-PZ04-A03-R33-A2,2.5
SAAR Location,F2-PZ04-A03-R33-B1,2.5
SAAR Location,F2-PZ04-A03-R33-B2,2.5
SAAR Location,F2-PZ04-A03-R33-C1,2.5
SAAR Location,F2-PZ04-A03-R33-C2,2.5
SAAR Location,F2-PZ04-A03-R33-D1,2.5
SAAR Location,F2-PZ04-A03-R33-D2,2.5
SAAR Location,F2-PZ04-A03-R33-E1,2.5
SAAR Location,F2-PZ04-A03-R33-E2,2.5
SAAR Location,F2-PZ04-A03-R34-A1,2.5
SAAR Location,F2-PZ04-A03-R34-A2,2.5
SAAR Location,F2-PZ04-A03-R34-B1,2.5
SAAR Location,F2-PZ04-A03-R34-B2,2.5
SAAR Location,F2-PZ04-A03-R34-C1,2.5
SAAR Location,F2-PZ04-A03-R34-C2,2.5
SAAR Location,F2-PZ04-A03-R34-D1,2.5
SAAR Location,F2-PZ04-A03-R34-D2,2.5
SAAR Location,F2-PZ04-A03-R34-E1,2.5
SAAR Location,F2-PZ04-A03-R34-E2,2.5
SAAR Location,F2-PZ04-A03-R35-A1,2.5
SAAR Location,F2-PZ04-A03-R35-A2,2.5
SAAR Location,F2-PZ04-A03-R35-B1,2.5
SAAR Location,F2-PZ04-A03-R35-B2,2.5
SAAR Location,F2-PZ04-A03-R35-C1,2.5
SAAR Location,F2-PZ04-A03-R35-C2,2.5
SAAR Location,F2-PZ04-A03-R35-D1,2.5
SAAR Location,F2-PZ04-A03-R35-D2,2.5
SAAR Location,F2-PZ04-A03-R35-E1,2.5
SAAR Location,F2-PZ04-A03-R35-E2,2.5
SAAR Location,F2-PZ04-A03-R36-A1,2.5
SAAR Location,F2-PZ04-A03-R36-A2,2.5
SAAR Location,F2-PZ04-A03-R36-B1,2.5
SAAR Location,F2-PZ04-A03-R36-B2,2.5
SAAR Location,F2-PZ04-A03-R36-C1,2.5
SAAR Location,F2-PZ04-A03-R36-C2,2.5
SAAR Location,F2-PZ04-A03-R36-D1,2.5
SAAR Location,F2-PZ04-A03-R36-D2,2.5
SAAR Location,F2-PZ04-A03-R36-E1,2.5
SAAR Location,F2-PZ04-A03-R36-E2,2.5
SAAR Location,F2-PZ04-A03-R37-A1,2.5
SAAR Location,F2-PZ04-A03-R37-A2,2.5
SAAR Location,F2-PZ04-A03-R37-B1,2.5
SAAR Location,F2-PZ04-A03-R37-B2,2.5
SAAR Location,F2-PZ04-A03-R37-C1,2.5
SAAR Location,F2-PZ04-A03-R37-C2,2.5
SAAR Location,F2-PZ04-A03-R37-D1,2.5
SAAR Location,F2-PZ04-A03-R37-D2,2.5
SAAR Location,F2-PZ04-A03-R37-E1,2.5
SAAR Location,F2-PZ04-A03-R37-E2,2.5
SAAR Location,F2-PZ04-A03-R38-A1,2.5
SAAR Location,F2-PZ04-A03-R38-A2,2.5
SAAR Location,F2-PZ04-A03-R38-B1,2.5
SAAR Location,F2-PZ04-A03-R38-B2,2.5
SAAR Location,F2-PZ04-A03-R38-C1,2.5
SAAR Location,F2-PZ04-A03-R38-C2,2.5
SAAR Location,F2-PZ04-A03-R38-D1,2.5
SAAR Location,F2-PZ04-A03-R38-D2,2.5
SAAR Location,F2-PZ04-A03-R38-E1,2.5
SAAR Location,F2-PZ04-A03-R38-E2,2.5
SAAR Location,F2-PZ04-A03-R39-A1,2.5
SAAR Location,F2-PZ04-A03-R39-A2,2.5
SAAR Location,F2-PZ04-A03-R39-B1,2.5
SAAR Location,F2-PZ04-A03-R39-B2,2.5
SAAR Location,F2-PZ04-A03-R39-C1,2.5
SAAR Location,F2-PZ04-A03-R39-C2,2.5
SAAR Location,F2-PZ04-A03-R39-D1,2.5
SAAR Location,F2-PZ04-A03-R39-D2,2.5
SAAR Location,F2-PZ04-A03-R39-E1,2.5
SAAR Location,F2-PZ04-A03-R39-E2,2.5
SAAR Location,F2-PZ04-A03-R40-A1,2.5
SAAR Location,F2-PZ04-A03-R40-A2,2.5
SAAR Location,F2-PZ04-A03-R40-B1,2.5
SAAR Location,F2-PZ04-A03-R40-B2,2.5
SAAR Location,F2-PZ04-A03-R40-C1,2.5
SAAR Location,F2-PZ04-A03-R40-C2,2.5
SAAR Location,F2-PZ04-A03-R40-D1,2.5
SAAR Location,F2-PZ04-A03-R40-D2,2.5
SAAR Location,F2-PZ04-A03-R40-E1,2.5
SAAR Location,F2-PZ04-A03-R40-E2,2.5
SAAR Location,F2-PZ04-A03-R41-A1,2.5
SAAR Location,F2-PZ04-A03-R41-A2,2.5
SAAR Location,F2-PZ04-A03-R41-B1,2.5
SAAR Location,F2-PZ04-A03-R41-B2,2.5
SAAR Location,F2-PZ04-A03-R41-C1,2.5
SAAR Location,F2-PZ04-A03-R41-C2,2.5
SAAR Location,F2-PZ04-A03-R41-D1,2.5
SAAR Location,F2-PZ04-A03-R41-D2,2.5
SAAR Location,F2-PZ04-A03-R41-E1,2.5
SAAR Location,F2-PZ04-A03-R41-E2,2.5
SAAR Location,F2-PZ04-A03-R42-A1,2.5
SAAR Location,F2-PZ04-A03-R42-A2,2.5
SAAR Location,F2-PZ04-A03-R42-B1,2.5
SAAR Location,F2-PZ04-A03-R42-B2,2.5
SAAR Location,F2-PZ04-A03-R42-C1,2.5
SAAR Location,F2-PZ04-A03-R42-C2,2.5
SAAR Location,F2-PZ04-A03-R42-D1,2.5
SAAR Location,F2-PZ04-A03-R42-D2,2.5
SAAR Location,F2-PZ04-A03-R42-E1,2.5
SAAR Location,F2-PZ04-A03-R42-E2,2.5
SAAR Location,F2-PZ04-A03-R43-A1,2.5
SAAR Location,F2-PZ04-A03-R43-A2,2.5
SAAR Location,F2-PZ04-A03-R43-B1,2.5
SAAR Location,F2-PZ04-A03-R43-B2,2.5
SAAR Location,F2-PZ04-A03-R43-C1,2.5
SAAR Location,F2-PZ04-A03-R43-C2,2.5
SAAR Location,F2-PZ04-A03-R43-D1,2.5
SAAR Location,F2-PZ04-A03-R43-D2,2.5
SAAR Location,F2-PZ04-A03-R43-E1,2.5
SAAR Location,F2-PZ04-A03-R43-E2,2.5
SAAR Location,F2-PZ04-A03-R44-A1,2.5
SAAR Location,F2-PZ04-A03-R44-A2,2.5
SAAR Location,F2-PZ04-A03-R44-B1,2.5
SAAR Location,F2-PZ04-A03-R44-B2,2.5
SAAR Location,F2-PZ04-A03-R44-C1,2.5
SAAR Location,F2-PZ04-A03-R44-C2,2.5
SAAR Location,F2-PZ04-A03-R44-D1,2.5
SAAR Location,F2-PZ04-A03-R44-D2,2.5
SAAR Location,F2-PZ04-A03-R44-E1,2.5
SAAR Location,F2-PZ04-A03-R44-E2,2.5
SAAR Location,F2-PZ04-A03-R45-A1,2.5
SAAR Location,F2-PZ04-A03-R45-A2,2.5
SAAR Location,F2-PZ04-A03-R45-B1,2.5
SAAR Location,F2-PZ04-A03-R45-B2,2.5
SAAR Location,F2-PZ04-A03-R45-C1,2.5
SAAR Location,F2-PZ04-A03-R45-C2,2.5
SAAR Location,F2-PZ04-A03-R45-D1,2.5
SAAR Location,F2-PZ04-A03-R45-D2,2.5
SAAR Location,F2-PZ04-A03-R45-E1,2.5
SAAR Location,F2-PZ04-A03-R45-E2,2.5
SAAR Location,F2-PZ04-A03-R46-A1,2.5
SAAR Location,F2-PZ04-A03-R46-A2,2.5
SAAR Location,F2-PZ04-A03-R46-B1,2.5
SAAR Location,F2-PZ04-A03-R46-B2,2.5
SAAR Location,F2-PZ04-A03-R46-C1,2.5
SAAR Location,F2-PZ04-A03-R46-C2,2.5
SAAR Location,F2-PZ04-A03-R46-D1,2.5
SAAR Location,F2-PZ04-A03-R46-D2,2.5
SAAR Location,F2-PZ04-A03-R46-E1,2.5
SAAR Location,F2-PZ04-A03-R46-E2,2.5
SAAR Location,F2-PZ04-A03-R47-A1,2.5
SAAR Location,F2-PZ04-A03-R47-A2,2.5
SAAR Location,F2-PZ04-A03-R47-B1,2.5
SAAR Location,F2-PZ04-A03-R47-B2,2.5
SAAR Location,F2-PZ04-A03-R47-C1,2.5
SAAR Location,F2-PZ04-A03-R47-C2,2.5
SAAR Location,F2-PZ04-A03-R47-D1,2.5
SAAR Location,F2-PZ04-A03-R47-D2,2.5
SAAR Location,F2-PZ04-A03-R47-E1,2.5
SAAR Location,F2-PZ04-A03-R47-E2,2.5
SAAR Location,F2-PZ04-A03-R48-A1,2.5
SAAR Location,F2-PZ04-A03-R48-A2,2.5
SAAR Location,F2-PZ04-A03-R48-B1,2.5
SAAR Location,F2-PZ04-A03-R48-B2,2.5
SAAR Location,F2-PZ04-A03-R48-C1,2.5
SAAR Location,F2-PZ04-A03-R48-C2,2.5
SAAR Location,F2-PZ04-A03-R48-D1,2.5
SAAR Location,F2-PZ04-A03-R48-D2,2.5
SAAR Location,F2-PZ04-A03-R48-E1,2.5
SAAR Location,F2-PZ04-A03-R48-E2,2.5
SAAR Location,F2-PZ04-A03-R49-A1,2.5
SAAR Location,F2-PZ04-A03-R49-A2,2.5
SAAR Location,F2-PZ04-A03-R49-B1,2.5
SAAR Location,F2-PZ04-A03-R49-B2,2.5
SAAR Location,F2-PZ04-A03-R49-C1,2.5
SAAR Location,F2-PZ04-A03-R49-C2,2.5
SAAR Location,F2-PZ04-A03-R49-D1,2.5
SAAR Location,F2-PZ04-A03-R49-D2,2.5
SAAR Location,F2-PZ04-A03-R49-E1,2.5
SAAR Location,F2-PZ04-A03-R49-E2,2.5
SAAR Location,F2-PZ04-A03-R50-A1,2.5
SAAR Location,F2-PZ04-A03-R50-A2,2.5
SAAR Location,F2-PZ04-A03-R50-B1,2.5
SAAR Location,F2-PZ04-A03-R50-B2,2.5
SAAR Location,F2-PZ04-A03-R50-C1,2.5
SAAR Location,F2-PZ04-A03-R50-C2,2.5
SAAR Location,F2-PZ04-A03-R50-D1,2.5
SAAR Location,F2-PZ04-A03-R50-D2,2.5
SAAR Location,F2-PZ04-A03-R50-E1,2.5
SAAR Location,F2-PZ04-A03-R50-E2,2.5
SAAR Location,F2-PZ04-A03-R51-A1,2.5
SAAR Location,F2-PZ04-A03-R51-A2,2.5
SAAR Location,F2-PZ04-A03-R51-B1,2.5
SAAR Location,F2-PZ04-A03-R51-B2,2.5
SAAR Location,F2-PZ04-A03-R51-C1,2.5
SAAR Location,F2-PZ04-A03-R51-C2,2.5
SAAR Location,F2-PZ04-A03-R51-D1,2.5
SAAR Location,F2-PZ04-A03-R51-D2,2.5
SAAR Location,F2-PZ04-A03-R51-E1,2.5
SAAR Location,F2-PZ04-A03-R51-E2,2.5
SAAR Location,F2-PZ04-A03-R52-A1,2.5
SAAR Location,F2-PZ04-A03-R52-A2,2.5
SAAR Location,F2-PZ04-A03-R52-B1,2.5
SAAR Location,F2-PZ04-A03-R52-B2,2.5
SAAR Location,F2-PZ04-A03-R52-C1,2.5
SAAR Location,F2-PZ04-A03-R52-C2,2.5
SAAR Location,F2-PZ04-A03-R52-D1,2.5
SAAR Location,F2-PZ04-A03-R52-D2,2.5
SAAR Location,F2-PZ04-A03-R52-E1,2.5
SAAR Location,F2-PZ04-A03-R52-E2,2.5
SAAR Location,F2-PZ04-A04-R01-A1,2.5
SAAR Location,F2-PZ04-A04-R01-A2,2.5
SAAR Location,F2-PZ04-A04-R01-B1,2.5
SAAR Location,F2-PZ04-A04-R01-B2,2.5
SAAR Location,F2-PZ04-A04-R01-C1,2.5
SAAR Location,F2-PZ04-A04-R01-C2,2.5
SAAR Location,F2-PZ04-A04-R01-D1,2.5
SAAR Location,F2-PZ04-A04-R01-D2,2.5
SAAR Location,F2-PZ04-A04-R01-E1,2.5
SAAR Location,F2-PZ04-A04-R01-E2,2.5
SAAR Location,F2-PZ04-A04-R02-A1,2.5
SAAR Location,F2-PZ04-A04-R02-A2,2.5
SAAR Location,F2-PZ04-A04-R02-B1,2.5
SAAR Location,F2-PZ04-A04-R02-B2,2.5
SAAR Location,F2-PZ04-A04-R02-C1,2.5
SAAR Location,F2-PZ04-A04-R02-C2,2.5
SAAR Location,F2-PZ04-A04-R02-D1,2.5
SAAR Location,F2-PZ04-A04-R02-D2,2.5
SAAR Location,F2-PZ04-A04-R02-E1,2.5
SAAR Location,F2-PZ04-A04-R02-E2,2.5
SAAR Location,F2-PZ04-A04-R03-A1,2.5
SAAR Location,F2-PZ04-A04-R03-A2,2.5
SAAR Location,F2-PZ04-A04-R03-B1,2.5
SAAR Location,F2-PZ04-A04-R03-B2,2.5
SAAR Location,F2-PZ04-A04-R03-C1,2.5
SAAR Location,F2-PZ04-A04-R03-C2,2.5
SAAR Location,F2-PZ04-A04-R03-D1,2.5
SAAR Location,F2-PZ04-A04-R03-D2,2.5
SAAR Location,F2-PZ04-A04-R03-E1,2.5
SAAR Location,F2-PZ04-A04-R03-E2,2.5
SAAR Location,F2-PZ04-A04-R04-A1,2.5
SAAR Location,F2-PZ04-A04-R04-A2,2.5
SAAR Location,F2-PZ04-A04-R04-B1,2.5
SAAR Location,F2-PZ04-A04-R04-B2,2.5
SAAR Location,F2-PZ04-A04-R04-C1,2.5
SAAR Location,F2-PZ04-A04-R04-C2,2.5
SAAR Location,F2-PZ04-A04-R04-D1,2.5
SAAR Location,F2-PZ04-A04-R04-D2,2.5
SAAR Location,F2-PZ04-A04-R04-E1,2.5
SAAR Location,F2-PZ04-A04-R04-E2,2.5
SAAR Location,F2-PZ04-A04-R05-A1,2.5
SAAR Location,F2-PZ04-A04-R05-A2,2.5
SAAR Location,F2-PZ04-A04-R05-B1,2.5
SAAR Location,F2-PZ04-A04-R05-B2,2.5
SAAR Location,F2-PZ04-A04-R05-C1,2.5
SAAR Location,F2-PZ04-A04-R05-C2,2.5
SAAR Location,F2-PZ04-A04-R05-D1,2.5
SAAR Location,F2-PZ04-A04-R05-D2,2.5
SAAR Location,F2-PZ04-A04-R05-E1,2.5
SAAR Location,F2-PZ04-A04-R05-E2,2.5
SAAR Location,F2-PZ04-A04-R06-A1,2.5
SAAR Location,F2-PZ04-A04-R06-A2,2.5
SAAR Location,F2-PZ04-A04-R06-B1,2.5
SAAR Location,F2-PZ04-A04-R06-B2,2.5
SAAR Location,F2-PZ04-A04-R06-C1,2.5
SAAR Location,F2-PZ04-A04-R06-C2,2.5
SAAR Location,F2-PZ04-A04-R06-D1,2.5
SAAR Location,F2-PZ04-A04-R06-D2,2.5
SAAR Location,F2-PZ04-A04-R06-E1,2.5
SAAR Location,F2-PZ04-A04-R06-E2,2.5
SAAR Location,F2-PZ04-A04-R07-A1,2.5
SAAR Location,F2-PZ04-A04-R07-A2,2.5
SAAR Location,F2-PZ04-A04-R07-B1,2.5
SAAR Location,F2-PZ04-A04-R07-B2,2.5
SAAR Location,F2-PZ04-A04-R07-C1,2.5
SAAR Location,F2-PZ04-A04-R07-C2,2.5
SAAR Location,F2-PZ04-A04-R07-D1,2.5
SAAR Location,F2-PZ04-A04-R07-D2,2.5
SAAR Location,F2-PZ04-A04-R07-E1,2.5
SAAR Location,F2-PZ04-A04-R07-E2,2.5
SAAR Location,F2-PZ04-A04-R08-A1,2.5
SAAR Location,F2-PZ04-A04-R08-A2,2.5
SAAR Location,F2-PZ04-A04-R08-B1,2.5
SAAR Location,F2-PZ04-A04-R08-B2,2.5
SAAR Location,F2-PZ04-A04-R08-C1,2.5
SAAR Location,F2-PZ04-A04-R08-C2,2.5
SAAR Location,F2-PZ04-A04-R08-D1,2.5
SAAR Location,F2-PZ04-A04-R08-D2,2.5
SAAR Location,F2-PZ04-A04-R08-E1,2.5
SAAR Location,F2-PZ04-A04-R08-E2,2.5
SAAR Location,F2-PZ04-A04-R09-A1,2.5
SAAR Location,F2-PZ04-A04-R09-A2,2.5
SAAR Location,F2-PZ04-A04-R09-B1,2.5
SAAR Location,F2-PZ04-A04-R09-B2,2.5
SAAR Location,F2-PZ04-A04-R09-C1,2.5
SAAR Location,F2-PZ04-A04-R09-C2,2.5
SAAR Location,F2-PZ04-A04-R09-D1,2.5
SAAR Location,F2-PZ04-A04-R09-D2,2.5
SAAR Location,F2-PZ04-A04-R09-E1,2.5
SAAR Location,F2-PZ04-A04-R09-E2,2.5
SAAR Location,F2-PZ04-A04-R10-A1,2.5
SAAR Location,F2-PZ04-A04-R10-A2,2.5
SAAR Location,F2-PZ04-A04-R10-B1,2.5
SAAR Location,F2-PZ04-A04-R10-B2,2.5
SAAR Location,F2-PZ04-A04-R10-C1,2.5
SAAR Location,F2-PZ04-A04-R10-C2,2.5
SAAR Location,F2-PZ04-A04-R10-D1,2.5
SAAR Location,F2-PZ04-A04-R10-D2,2.5
SAAR Location,F2-PZ04-A04-R10-E1,2.5
SAAR Location,F2-PZ04-A04-R10-E2,2.5
SAAR Location,F2-PZ04-A04-R11-A1,2.5
SAAR Location,F2-PZ04-A04-R11-A2,2.5
SAAR Location,F2-PZ04-A04-R11-B1,2.5
SAAR Location,F2-PZ04-A04-R11-B2,2.5
SAAR Location,F2-PZ04-A04-R11-C1,2.5
SAAR Location,F2-PZ04-A04-R11-C2,2.5
SAAR Location,F2-PZ04-A04-R11-D1,2.5
SAAR Location,F2-PZ04-A04-R11-D2,2.5
SAAR Location,F2-PZ04-A04-R11-E1,2.5
SAAR Location,F2-PZ04-A04-R11-E2,2.5
SAAR Location,F2-PZ04-A04-R12-A1,2.5
SAAR Location,F2-PZ04-A04-R12-A2,2.5
SAAR Location,F2-PZ04-A04-R12-B1,2.5
SAAR Location,F2-PZ04-A04-R12-B2,2.5
SAAR Location,F2-PZ04-A04-R12-C1,2.5
SAAR Location,F2-PZ04-A04-R12-C2,2.5
SAAR Location,F2-PZ04-A04-R12-D1,2.5
SAAR Location,F2-PZ04-A04-R12-D2,2.5
SAAR Location,F2-PZ04-A04-R12-E1,2.5
SAAR Location,F2-PZ04-A04-R12-E2,2.5
SAAR Location,F2-PZ04-A04-R13-A1,2.5
SAAR Location,F2-PZ04-A04-R13-A2,2.5
SAAR Location,F2-PZ04-A04-R13-B1,2.5
SAAR Location,F2-PZ04-A04-R13-B2,2.5
SAAR Location,F2-PZ04-A04-R13-C1,2.5
SAAR Location,F2-PZ04-A04-R13-C2,2.5
SAAR Location,F2-PZ04-A04-R13-D1,2.5
SAAR Location,F2-PZ04-A04-R13-D2,2.5
SAAR Location,F2-PZ04-A04-R13-E1,2.5
SAAR Location,F2-PZ04-A04-R13-E2,2.5
SAAR Location,F2-PZ04-A04-R14-A1,2.5
SAAR Location,F2-PZ04-A04-R14-A2,2.5
SAAR Location,F2-PZ04-A04-R14-B1,2.5
SAAR Location,F2-PZ04-A04-R14-B2,2.5
SAAR Location,F2-PZ04-A04-R14-C1,2.5
SAAR Location,F2-PZ04-A04-R14-C2,2.5
SAAR Location,F2-PZ04-A04-R14-D1,2.5
SAAR Location,F2-PZ04-A04-R14-D2,2.5
SAAR Location,F2-PZ04-A04-R14-E1,2.5
SAAR Location,F2-PZ04-A04-R14-E2,2.5
SAAR Location,F2-PZ04-A04-R15-A1,2.5
SAAR Location,F2-PZ04-A04-R15-A2,2.5
SAAR Location,F2-PZ04-A04-R15-B1,2.5
SAAR Location,F2-PZ04-A04-R15-B2,2.5
SAAR Location,F2-PZ04-A04-R15-C1,2.5
SAAR Location,F2-PZ04-A04-R15-C2,2.5
SAAR Location,F2-PZ04-A04-R15-D1,2.5
SAAR Location,F2-PZ04-A04-R15-D2,2.5
SAAR Location,F2-PZ04-A04-R15-E1,2.5
SAAR Location,F2-PZ04-A04-R15-E2,2.5
SAAR Location,F2-PZ04-A04-R16-A1,2.5
SAAR Location,F2-PZ04-A04-R16-A2,2.5
SAAR Location,F2-PZ04-A04-R16-B1,2.5
SAAR Location,F2-PZ04-A04-R16-B2,2.5
SAAR Location,F2-PZ04-A04-R16-C1,2.5
SAAR Location,F2-PZ04-A04-R16-C2,2.5
SAAR Location,F2-PZ04-A04-R16-D1,2.5
SAAR Location,F2-PZ04-A04-R16-D2,2.5
SAAR Location,F2-PZ04-A04-R16-E1,2.5
SAAR Location,F2-PZ04-A04-R16-E2,2.5
SAAR Location,F2-PZ04-A04-R17-A1,2.5
SAAR Location,F2-PZ04-A04-R17-A2,2.5
SAAR Location,F2-PZ04-A04-R17-B1,2.5
SAAR Location,F2-PZ04-A04-R17-B2,2.5
SAAR Location,F2-PZ04-A04-R17-C1,2.5
SAAR Location,F2-PZ04-A04-R17-C2,2.5
SAAR Location,F2-PZ04-A04-R17-D1,2.5
SAAR Location,F2-PZ04-A04-R17-D2,2.5
SAAR Location,F2-PZ04-A04-R17-E1,2.5
SAAR Location,F2-PZ04-A04-R17-E2,2.5
SAAR Location,F2-PZ04-A04-R18-A1,2.5
SAAR Location,F2-PZ04-A04-R18-A2,2.5
SAAR Location,F2-PZ04-A04-R18-B1,2.5
SAAR Location,F2-PZ04-A04-R18-B2,2.5
SAAR Location,F2-PZ04-A04-R18-C1,2.5
SAAR Location,F2-PZ04-A04-R18-C2,2.5
SAAR Location,F2-PZ04-A04-R18-D1,2.5
SAAR Location,F2-PZ04-A04-R18-D2,2.5
SAAR Location,F2-PZ04-A04-R18-E1,2.5
SAAR Location,F2-PZ04-A04-R18-E2,2.5
SAAR Location,F2-PZ04-A04-R19-A1,2.5
SAAR Location,F2-PZ04-A04-R19-A2,2.5
SAAR Location,F2-PZ04-A04-R19-B1,2.5
SAAR Location,F2-PZ04-A04-R19-B2,2.5
SAAR Location,F2-PZ04-A04-R19-C1,2.5
SAAR Location,F2-PZ04-A04-R19-C2,2.5
SAAR Location,F2-PZ04-A04-R19-D1,2.5
SAAR Location,F2-PZ04-A04-R19-D2,2.5
SAAR Location,F2-PZ04-A04-R19-E1,2.5
SAAR Location,F2-PZ04-A04-R19-E2,2.5
SAAR Location,F2-PZ04-A04-R20-A1,2.5
SAAR Location,F2-PZ04-A04-R20-A2,2.5
SAAR Location,F2-PZ04-A04-R20-B1,2.5
SAAR Location,F2-PZ04-A04-R20-B2,2.5
SAAR Location,F2-PZ04-A04-R20-C1,2.5
SAAR Location,F2-PZ04-A04-R20-C2,2.5
SAAR Location,F2-PZ04-A04-R20-D1,2.5
SAAR Location,F2-PZ04-A04-R20-D2,2.5
SAAR Location,F2-PZ04-A04-R20-E1,2.5
SAAR Location,F2-PZ04-A04-R20-E2,2.5
SAAR Location,F2-PZ04-A04-R21-A1,2.5
SAAR Location,F2-PZ04-A04-R21-A2,2.5
SAAR Location,F2-PZ04-A04-R21-B1,2.5
SAAR Location,F2-PZ04-A04-R21-B2,2.5
SAAR Location,F2-PZ04-A04-R21-C1,2.5
SAAR Location,F2-PZ04-A04-R21-C2,2.5
SAAR Location,F2-PZ04-A04-R21-D1,2.5
SAAR Location,F2-PZ04-A04-R21-D2,2.5
SAAR Location,F2-PZ04-A04-R21-E1,2.5
SAAR Location,F2-PZ04-A04-R21-E2,2.5
SAAR Location,F2-PZ04-A04-R22-A1,2.5
SAAR Location,F2-PZ04-A04-R22-A2,2.5
SAAR Location,F2-PZ04-A04-R22-B1,2.5
SAAR Location,F2-PZ04-A04-R22-B2,2.5
SAAR Location,F2-PZ04-A04-R22-C1,2.5
SAAR Location,F2-PZ04-A04-R22-C2,2.5
SAAR Location,F2-PZ04-A04-R22-D1,2.5
SAAR Location,F2-PZ04-A04-R22-D2,2.5
SAAR Location,F2-PZ04-A04-R22-E1,2.5
SAAR Location,F2-PZ04-A04-R22-E2,2.5
SAAR Location,F2-PZ04-A04-R23-A1,2.5
SAAR Location,F2-PZ04-A04-R23-A2,2.5
SAAR Location,F2-PZ04-A04-R23-B1,2.5
SAAR Location,F2-PZ04-A04-R23-B2,2.5
SAAR Location,F2-PZ04-A04-R23-C1,2.5
SAAR Location,F2-PZ04-A04-R23-C2,2.5
SAAR Location,F2-PZ04-A04-R23-D1,2.5
SAAR Location,F2-PZ04-A04-R23-D2,2.5
SAAR Location,F2-PZ04-A04-R23-E1,2.5
SAAR Location,F2-PZ04-A04-R23-E2,2.5
SAAR Location,F2-PZ04-A04-R24-A1,2.5
SAAR Location,F2-PZ04-A04-R24-A2,2.5
SAAR Location,F2-PZ04-A04-R24-B1,2.5
SAAR Location,F2-PZ04-A04-R24-B2,2.5
SAAR Location,F2-PZ04-A04-R24-C1,2.5
SAAR Location,F2-PZ04-A04-R24-C2,2.5
SAAR Location,F2-PZ04-A04-R24-D1,2.5
SAAR Location,F2-PZ04-A04-R24-D2,2.5
SAAR Location,F2-PZ04-A04-R24-E1,2.5
SAAR Location,F2-PZ04-A04-R24-E2,2.5
SAAR Location,F2-PZ04-A04-R25-A1,2.5
SAAR Location,F2-PZ04-A04-R25-A2,2.5
SAAR Location,F2-PZ04-A04-R25-B1,2.5
SAAR Location,F2-PZ04-A04-R25-B2,2.5
SAAR Location,F2-PZ04-A04-R25-C1,2.5
SAAR Location,F2-PZ04-A04-R25-C2,2.5
SAAR Location,F2-PZ04-A04-R25-D1,2.5
SAAR Location,F2-PZ04-A04-R25-D2,2.5
SAAR Location,F2-PZ04-A04-R25-E1,2.5
SAAR Location,F2-PZ04-A04-R25-E2,2.5
SAAR Location,F2-PZ04-A04-R26-A1,2.5
SAAR Location,F2-PZ04-A04-R26-A2,2.5
SAAR Location,F2-PZ04-A04-R26-B1,2.5
SAAR Location,F2-PZ04-A04-R26-B2,2.5
SAAR Location,F2-PZ04-A04-R26-C1,2.5
SAAR Location,F2-PZ04-A04-R26-C2,2.5
SAAR Location,F2-PZ04-A04-R26-D1,2.5
SAAR Location,F2-PZ04-A04-R26-D2,2.5
SAAR Location,F2-PZ04-A04-R26-E1,2.5
SAAR Location,F2-PZ04-A04-R26-E2,2.5
SAAR Location,F2-PZ04-A05-R01-A1,2.5
SAAR Location,F2-PZ04-A05-R01-A2,2.5
SAAR Location,F2-PZ04-A05-R01-B1,2.5
SAAR Location,F2-PZ04-A05-R01-B2,2.5
SAAR Location,F2-PZ04-A05-R01-C1,2.5
SAAR Location,F2-PZ04-A05-R01-C2,2.5
SAAR Location,F2-PZ04-A05-R01-D1,2.5
SAAR Location,F2-PZ04-A05-R01-D2,2.5
SAAR Location,F2-PZ04-A05-R01-E1,2.5
SAAR Location,F2-PZ04-A05-R01-E2,2.5
SAAR Location,F2-PZ04-A05-R02-A1,2.5
SAAR Location,F2-PZ04-A05-R02-A2,2.5
SAAR Location,F2-PZ04-A05-R02-B1,2.5
SAAR Location,F2-PZ04-A05-R02-B2,2.5
SAAR Location,F2-PZ04-A05-R02-C1,2.5
SAAR Location,F2-PZ04-A05-R02-C2,2.5
SAAR Location,F2-PZ04-A05-R02-D1,2.5
SAAR Location,F2-PZ04-A05-R02-D2,2.5
SAAR Location,F2-PZ04-A05-R02-E1,2.5
SAAR Location,F2-PZ04-A05-R02-E2,2.5
SAAR Location,F2-PZ04-A05-R03-A1,2.5
SAAR Location,F2-PZ04-A05-R03-A2,2.5
SAAR Location,F2-PZ04-A05-R03-B1,2.5
SAAR Location,F2-PZ04-A05-R03-B2,2.5
SAAR Location,F2-PZ04-A05-R03-C1,2.5
SAAR Location,F2-PZ04-A05-R03-C2,2.5
SAAR Location,F2-PZ04-A05-R03-D1,2.5
SAAR Location,F2-PZ04-A05-R03-D2,2.5
SAAR Location,F2-PZ04-A05-R03-E1,2.5
SAAR Location,F2-PZ04-A05-R03-E2,2.5
SAAR Location,F2-PZ04-A05-R04-A1,2.5
SAAR Location,F2-PZ04-A05-R04-A2,2.5
SAAR Location,F2-PZ04-A05-R04-B1,2.5
SAAR Location,F2-PZ04-A05-R04-B2,2.5
SAAR Location,F2-PZ04-A05-R04-C1,2.5
SAAR Location,F2-PZ04-A05-R04-C2,2.5
SAAR Location,F2-PZ04-A05-R04-D1,2.5
SAAR Location,F2-PZ04-A05-R04-D2,2.5
SAAR Location,F2-PZ04-A05-R04-E1,2.5
SAAR Location,F2-PZ04-A05-R04-E2,2.5
SAAR Location,F2-PZ04-A05-R05-A1,2.5
SAAR Location,F2-PZ04-A05-R05-A2,2.5
SAAR Location,F2-PZ04-A05-R05-B1,2.5
SAAR Location,F2-PZ04-A05-R05-B2,2.5
SAAR Location,F2-PZ04-A05-R05-C1,2.5
SAAR Location,F2-PZ04-A05-R05-C2,2.5
SAAR Location,F2-PZ04-A05-R05-D1,2.5
SAAR Location,F2-PZ04-A05-R05-D2,2.5
SAAR Location,F2-PZ04-A05-R05-E1,2.5
SAAR Location,F2-PZ04-A05-R05-E2,2.5
SAAR Location,F2-PZ04-A05-R06-A1,2.5
SAAR Location,F2-PZ04-A05-R06-A2,2.5
SAAR Location,F2-PZ04-A05-R06-B1,2.5
SAAR Location,F2-PZ04-A05-R06-B2,2.5
SAAR Location,F2-PZ04-A05-R06-C1,2.5
SAAR Location,F2-PZ04-A05-R06-C2,2.5
SAAR Location,F2-PZ04-A05-R06-D1,2.5
SAAR Location,F2-PZ04-A05-R06-D2,2.5
SAAR Location,F2-PZ04-A05-R06-E1,2.5
SAAR Location,F2-PZ04-A05-R06-E2,2.5
SAAR Location,F2-PZ04-A05-R07-A1,2.5
SAAR Location,F2-PZ04-A05-R07-A2,2.5
SAAR Location,F2-PZ04-A05-R07-B1,2.5
SAAR Location,F2-PZ04-A05-R07-B2,2.5
SAAR Location,F2-PZ04-A05-R07-C1,2.5
SAAR Location,F2-PZ04-A05-R07-C2,2.5
SAAR Location,F2-PZ04-A05-R07-D1,2.5
SAAR Location,F2-PZ04-A05-R07-D2,2.5
SAAR Location,F2-PZ04-A05-R07-E1,2.5
SAAR Location,F2-PZ04-A05-R07-E2,2.5
SAAR Location,F2-PZ04-A05-R08-A1,2.5
SAAR Location,F2-PZ04-A05-R08-A2,2.5
SAAR Location,F2-PZ04-A05-R08-B1,2.5
SAAR Location,F2-PZ04-A05-R08-B2,2.5
SAAR Location,F2-PZ04-A05-R08-C1,2.5
SAAR Location,F2-PZ04-A05-R08-C2,2.5
SAAR Location,F2-PZ04-A05-R08-D1,2.5
SAAR Location,F2-PZ04-A05-R08-D2,2.5
SAAR Location,F2-PZ04-A05-R08-E1,2.5
SAAR Location,F2-PZ04-A05-R08-E2,2.5
SAAR Location,F2-PZ04-A05-R09-A1,2.5
SAAR Location,F2-PZ04-A05-R09-A2,2.5
SAAR Location,F2-PZ04-A05-R09-B1,2.5
SAAR Location,F2-PZ04-A05-R09-B2,2.5
SAAR Location,F2-PZ04-A05-R09-C1,2.5
SAAR Location,F2-PZ04-A05-R09-C2,2.5
SAAR Location,F2-PZ04-A05-R09-D1,2.5
SAAR Location,F2-PZ04-A05-R09-D2,2.5
SAAR Location,F2-PZ04-A05-R09-E1,2.5
SAAR Location,F2-PZ04-A05-R09-E2,2.5
SAAR Location,F2-PZ04-A05-R10-A1,2.5
SAAR Location,F2-PZ04-A05-R10-A2,2.5
SAAR Location,F2-PZ04-A05-R10-B1,2.5
SAAR Location,F2-PZ04-A05-R10-B2,2.5
SAAR Location,F2-PZ04-A05-R10-C1,2.5
SAAR Location,F2-PZ04-A05-R10-C2,2.5
SAAR Location,F2-PZ04-A05-R10-D1,2.5
SAAR Location,F2-PZ04-A05-R10-D2,2.5
SAAR Location,F2-PZ04-A05-R10-E1,2.5
SAAR Location,F2-PZ04-A05-R10-E2,2.5
SAAR Location,F2-PZ04-A05-R11-A1,2.5
SAAR Location,F2-PZ04-A05-R11-A2,2.5
SAAR Location,F2-PZ04-A05-R11-B1,2.5
SAAR Location,F2-PZ04-A05-R11-B2,2.5
SAAR Location,F2-PZ04-A05-R11-C1,2.5
SAAR Location,F2-PZ04-A05-R11-C2,2.5
SAAR Location,F2-PZ04-A05-R11-D1,2.5
SAAR Location,F2-PZ04-A05-R11-D2,2.5
SAAR Location,F2-PZ04-A05-R11-E1,2.5
SAAR Location,F2-PZ04-A05-R11-E2,2.5
SAAR Location,F2-PZ04-A05-R12-A1,2.5
SAAR Location,F2-PZ04-A05-R12-A2,2.5
SAAR Location,F2-PZ04-A05-R12-B1,2.5
SAAR Location,F2-PZ04-A05-R12-B2,2.5
SAAR Location,F2-PZ04-A05-R12-C1,2.5
SAAR Location,F2-PZ04-A05-R12-C2,2.5
SAAR Location,F2-PZ04-A05-R12-D1,2.5
SAAR Location,F2-PZ04-A05-R12-D2,2.5
SAAR Location,F2-PZ04-A05-R12-E1,2.5
SAAR Location,F2-PZ04-A05-R12-E2,2.5
SAAR Location,F2-PZ04-A05-R13-A1,2.5
SAAR Location,F2-PZ04-A05-R13-A2,2.5
SAAR Location,F2-PZ04-A05-R13-B1,2.5
SAAR Location,F2-PZ04-A05-R13-B2,2.5
SAAR Location,F2-PZ04-A05-R13-C1,2.5
SAAR Location,F2-PZ04-A05-R13-C2,2.5
SAAR Location,F2-PZ04-A05-R13-D1,2.5
SAAR Location,F2-PZ04-A05-R13-D2,2.5
SAAR Location,F2-PZ04-A05-R13-E1,2.5
SAAR Location,F2-PZ04-A05-R13-E2,2.5
SAAR Location,F2-PZ04-A05-R14-A1,2.5
SAAR Location,F2-PZ04-A05-R14-A2,2.5
SAAR Location,F2-PZ04-A05-R14-B1,2.5
SAAR Location,F2-PZ04-A05-R14-B2,2.5
SAAR Location,F2-PZ04-A05-R14-C1,2.5
SAAR Location,F2-PZ04-A05-R14-C2,2.5
SAAR Location,F2-PZ04-A05-R14-D1,2.5
SAAR Location,F2-PZ04-A05-R14-D2,2.5
SAAR Location,F2-PZ04-A05-R14-E1,2.5
SAAR Location,F2-PZ04-A05-R14-E2,2.5
SAAR Location,F2-PZ04-A05-R15-A1,2.5
SAAR Location,F2-PZ04-A05-R15-A2,2.5
SAAR Location,F2-PZ04-A05-R15-B1,2.5
SAAR Location,F2-PZ04-A05-R15-B2,2.5
SAAR Location,F2-PZ04-A05-R15-C1,2.5
SAAR Location,F2-PZ04-A05-R15-C2,2.5
SAAR Location,F2-PZ04-A05-R15-D1,2.5
SAAR Location,F2-PZ04-A05-R15-D2,2.5
SAAR Location,F2-PZ04-A05-R15-E1,2.5
SAAR Location,F2-PZ04-A05-R15-E2,2.5
SAAR Location,F2-PZ04-A05-R16-A1,2.5
SAAR Location,F2-PZ04-A05-R16-A2,2.5
SAAR Location,F2-PZ04-A05-R16-B1,2.5
SAAR Location,F2-PZ04-A05-R16-B2,2.5
SAAR Location,F2-PZ04-A05-R16-C1,2.5
SAAR Location,F2-PZ04-A05-R16-C2,2.5
SAAR Location,F2-PZ04-A05-R16-D1,2.5
SAAR Location,F2-PZ04-A05-R16-D2,2.5
SAAR Location,F2-PZ04-A05-R16-E1,2.5
SAAR Location,F2-PZ04-A05-R16-E2,2.5
SAAR Location,F2-PZ04-A05-R17-A1,2.5
SAAR Location,F2-PZ04-A05-R17-A2,2.5
SAAR Location,F2-PZ04-A05-R17-B1,2.5
SAAR Location,F2-PZ04-A05-R17-B2,2.5
SAAR Location,F2-PZ04-A05-R17-C1,2.5
SAAR Location,F2-PZ04-A05-R17-C2,2.5
SAAR Location,F2-PZ04-A05-R17-D1,2.5
SAAR Location,F2-PZ04-A05-R17-D2,2.5
SAAR Location,F2-PZ04-A05-R17-E1,2.5
SAAR Location,F2-PZ04-A05-R17-E2,2.5
SAAR Location,F2-PZ04-A05-R18-A1,2.5
SAAR Location,F2-PZ04-A05-R18-A2,2.5
SAAR Location,F2-PZ04-A05-R18-B1,2.5
SAAR Location,F2-PZ04-A05-R18-B2,2.5
SAAR Location,F2-PZ04-A05-R18-C1,2.5
SAAR Location,F2-PZ04-A05-R18-C2,2.5
SAAR Location,F2-PZ04-A05-R18-D1,2.5
SAAR Location,F2-PZ04-A05-R18-D2,2.5
SAAR Location,F2-PZ04-A05-R18-E1,2.5
SAAR Location,F2-PZ04-A05-R18-E2,2.5
SAAR Location,F2-PZ04-A05-R19-A1,2.5
SAAR Location,F2-PZ04-A05-R19-A2,2.5
SAAR Location,F2-PZ04-A05-R19-B1,2.5
SAAR Location,F2-PZ04-A05-R19-B2,2.5
SAAR Location,F2-PZ04-A05-R19-C1,2.5
SAAR Location,F2-PZ04-A05-R19-C2,2.5
SAAR Location,F2-PZ04-A05-R19-D1,2.5
SAAR Location,F2-PZ04-A05-R19-D2,2.5
SAAR Location,F2-PZ04-A05-R19-E1,2.5
SAAR Location,F2-PZ04-A05-R19-E2,2.5
SAAR Location,F2-PZ04-A05-R20-A1,2.5
SAAR Location,F2-PZ04-A05-R20-A2,2.5
SAAR Location,F2-PZ04-A05-R20-B1,2.5
SAAR Location,F2-PZ04-A05-R20-B2,2.5
SAAR Location,F2-PZ04-A05-R20-C1,2.5
SAAR Location,F2-PZ04-A05-R20-C2,2.5
SAAR Location,F2-PZ04-A05-R20-D1,2.5
SAAR Location,F2-PZ04-A05-R20-D2,2.5
SAAR Location,F2-PZ04-A05-R20-E1,2.5
SAAR Location,F2-PZ04-A05-R20-E2,2.5
SAAR Location,F2-PZ04-A05-R21-A1,2.5
SAAR Location,F2-PZ04-A05-R21-A2,2.5
SAAR Location,F2-PZ04-A05-R21-B1,2.5
SAAR Location,F2-PZ04-A05-R21-B2,2.5
SAAR Location,F2-PZ04-A05-R21-C1,2.5
SAAR Location,F2-PZ04-A05-R21-C2,2.5
SAAR Location,F2-PZ04-A05-R21-D1,2.5
SAAR Location,F2-PZ04-A05-R21-D2,2.5
SAAR Location,F2-PZ04-A05-R21-E1,2.5
SAAR Location,F2-PZ04-A05-R21-E2,2.5
SAAR Location,F2-PZ04-A05-R22-A1,2.5
SAAR Location,F2-PZ04-A05-R22-A2,2.5
SAAR Location,F2-PZ04-A05-R22-B1,2.5
SAAR Location,F2-PZ04-A05-R22-B2,2.5
SAAR Location,F2-PZ04-A05-R22-C1,2.5
SAAR Location,F2-PZ04-A05-R22-C2,2.5
SAAR Location,F2-PZ04-A05-R22-D1,2.5
SAAR Location,F2-PZ04-A05-R22-D2,2.5
SAAR Location,F2-PZ04-A05-R22-E1,2.5
SAAR Location,F2-PZ04-A05-R22-E2,2.5
SAAR Location,F2-PZ04-A05-R23-A1,2.5
SAAR Location,F2-PZ04-A05-R23-A2,2.5
SAAR Location,F2-PZ04-A05-R23-B1,2.5
SAAR Location,F2-PZ04-A05-R23-B2,2.5
SAAR Location,F2-PZ04-A05-R23-C1,2.5
SAAR Location,F2-PZ04-A05-R23-C2,2.5
SAAR Location,F2-PZ04-A05-R23-D1,2.5
SAAR Location,F2-PZ04-A05-R23-D2,2.5
SAAR Location,F2-PZ04-A05-R23-E1,2.5
SAAR Location,F2-PZ04-A05-R23-E2,2.5
SAAR Location,F2-PZ04-A05-R24-A1,2.5
SAAR Location,F2-PZ04-A05-R24-A2,2.5
SAAR Location,F2-PZ04-A05-R24-B1,2.5
SAAR Location,F2-PZ04-A05-R24-B2,2.5
SAAR Location,F2-PZ04-A05-R24-C1,2.5
SAAR Location,F2-PZ04-A05-R24-C2,2.5
SAAR Location,F2-PZ04-A05-R24-D1,2.5
SAAR Location,F2-PZ04-A05-R24-D2,2.5
SAAR Location,F2-PZ04-A05-R24-E1,2.5
SAAR Location,F2-PZ04-A05-R24-E2,2.5
SAAR Location,F2-PZ04-A05-R25-A1,2.5
SAAR Location,F2-PZ04-A05-R25-A2,2.5
SAAR Location,F2-PZ04-A05-R25-B1,2.5
SAAR Location,F2-PZ04-A05-R25-B2,2.5
SAAR Location,F2-PZ04-A05-R25-C1,2.5
SAAR Location,F2-PZ04-A05-R25-C2,2.5
SAAR Location,F2-PZ04-A05-R25-D1,2.5
SAAR Location,F2-PZ04-A05-R25-D2,2.5
SAAR Location,F2-PZ04-A05-R25-E1,2.5
SAAR Location,F2-PZ04-A05-R25-E2,2.5
SAAR Location,F2-PZ04-A05-R26-A1,2.5
SAAR Location,F2-PZ04-A05-R26-A2,2.5
SAAR Location,F2-PZ04-A05-R26-B1,2.5
SAAR Location,F2-PZ04-A05-R26-B2,2.5
SAAR Location,F2-PZ04-A05-R26-C1,2.5
SAAR Location,F2-PZ04-A05-R26-C2,2.5
SAAR Location,F2-PZ04-A05-R26-D1,2.5
SAAR Location,F2-PZ04-A05-R26-D2,2.5
SAAR Location,F2-PZ04-A05-R26-E1,2.5
SAAR Location,F2-PZ04-A05-R26-E2,2.5
SAAR Location,F2-PZ04-A05-R27-A1,2.5
SAAR Location,F2-PZ04-A05-R27-A2,2.5
SAAR Location,F2-PZ04-A05-R27-B1,2.5
SAAR Location,F2-PZ04-A05-R27-B2,2.5
SAAR Location,F2-PZ04-A05-R27-C1,2.5
SAAR Location,F2-PZ04-A05-R27-C2,2.5
SAAR Location,F2-PZ04-A05-R27-D1,2.5
SAAR Location,F2-PZ04-A05-R27-D2,2.5
SAAR Location,F2-PZ04-A05-R27-E1,2.5
SAAR Location,F2-PZ04-A05-R27-E2,2.5
SAAR Location,F2-PZ04-A05-R28-A1,2.5
SAAR Location,F2-PZ04-A05-R28-A2,2.5
SAAR Location,F2-PZ04-A05-R28-B1,2.5
SAAR Location,F2-PZ04-A05-R28-B2,2.5
SAAR Location,F2-PZ04-A05-R28-C1,2.5
SAAR Location,F2-PZ04-A05-R28-C2,2.5
SAAR Location,F2-PZ04-A05-R28-D1,2.5
SAAR Location,F2-PZ04-A05-R28-D2,2.5
SAAR Location,F2-PZ04-A05-R28-E1,2.5
SAAR Location,F2-PZ04-A05-R28-E2,2.5
SAAR Location,F2-PZ04-A05-R29-A1,2.5
SAAR Location,F2-PZ04-A05-R29-A2,2.5
SAAR Location,F2-PZ04-A05-R29-B1,2.5
SAAR Location,F2-PZ04-A05-R29-B2,2.5
SAAR Location,F2-PZ04-A05-R29-C1,2.5
SAAR Location,F2-PZ04-A05-R29-C2,2.5
SAAR Location,F2-PZ04-A05-R29-D1,2.5
SAAR Location,F2-PZ04-A05-R29-D2,2.5
SAAR Location,F2-PZ04-A05-R29-E1,2.5
SAAR Location,F2-PZ04-A05-R29-E2,2.5
SAAR Location,F2-PZ04-A05-R30-A1,2.5
SAAR Location,F2-PZ04-A05-R30-A2,2.5
SAAR Location,F2-PZ04-A05-R30-B1,2.5
SAAR Location,F2-PZ04-A05-R30-B2,2.5
SAAR Location,F2-PZ04-A05-R30-C1,2.5
SAAR Location,F2-PZ04-A05-R30-C2,2.5
SAAR Location,F2-PZ04-A05-R30-D1,2.5
SAAR Location,F2-PZ04-A05-R30-D2,2.5
SAAR Location,F2-PZ04-A05-R30-E1,2.5
SAAR Location,F2-PZ04-A05-R30-E2,2.5
SAAR Location,F2-PZ04-A05-R31-A1,2.5
SAAR Location,F2-PZ04-A05-R31-A2,2.5
SAAR Location,F2-PZ04-A05-R31-B1,2.5
SAAR Location,F2-PZ04-A05-R31-B2,2.5
SAAR Location,F2-PZ04-A05-R31-C1,2.5
SAAR Location,F2-PZ04-A05-R31-C2,2.5
SAAR Location,F2-PZ04-A05-R31-D1,2.5
SAAR Location,F2-PZ04-A05-R31-D2,2.5
SAAR Location,F2-PZ04-A05-R31-E1,2.5
SAAR Location,F2-PZ04-A05-R31-E2,2.5
SAAR Location,F2-PZ04-A05-R32-A1,2.5
SAAR Location,F2-PZ04-A05-R32-A2,2.5
SAAR Location,F2-PZ04-A05-R32-B1,2.5
SAAR Location,F2-PZ04-A05-R32-B2,2.5
SAAR Location,F2-PZ04-A05-R32-C1,2.5
SAAR Location,F2-PZ04-A05-R32-C2,2.5
SAAR Location,F2-PZ04-A05-R32-D1,2.5
SAAR Location,F2-PZ04-A05-R32-D2,2.5
SAAR Location,F2-PZ04-A05-R32-E1,2.5
SAAR Location,F2-PZ04-A05-R32-E2,2.5
SAAR Location,F2-PZ04-A05-R33-A1,2.5
SAAR Location,F2-PZ04-A05-R33-A2,2.5
SAAR Location,F2-PZ04-A05-R33-B1,2.5
SAAR Location,F2-PZ04-A05-R33-B2,2.5
SAAR Location,F2-PZ04-A05-R33-C1,2.5
SAAR Location,F2-PZ04-A05-R33-C2,2.5
SAAR Location,F2-PZ04-A05-R33-D1,2.5
SAAR Location,F2-PZ04-A05-R33-D2,2.5
SAAR Location,F2-PZ04-A05-R33-E1,2.5
SAAR Location,F2-PZ04-A05-R33-E2,2.5
SAAR Location,F2-PZ04-A05-R34-A1,2.5
SAAR Location,F2-PZ04-A05-R34-A2,2.5
SAAR Location,F2-PZ04-A05-R34-B1,2.5
SAAR Location,F2-PZ04-A05-R34-B2,2.5
SAAR Location,F2-PZ04-A05-R34-C1,2.5
SAAR Location,F2-PZ04-A05-R34-C2,2.5
SAAR Location,F2-PZ04-A05-R34-D1,2.5
SAAR Location,F2-PZ04-A05-R34-D2,2.5
SAAR Location,F2-PZ04-A05-R34-E1,2.5
SAAR Location,F2-PZ04-A05-R34-E2,2.5
SAAR Location,F2-PZ04-A05-R35-A1,2.5
SAAR Location,F2-PZ04-A05-R35-A2,2.5
SAAR Location,F2-PZ04-A05-R35-B1,2.5
SAAR Location,F2-PZ04-A05-R35-B2,2.5
SAAR Location,F2-PZ04-A05-R35-C1,2.5
SAAR Location,F2-PZ04-A05-R35-C2,2.5
SAAR Location,F2-PZ04-A05-R35-D1,2.5
SAAR Location,F2-PZ04-A05-R35-D2,2.5
SAAR Location,F2-PZ04-A05-R35-E1,2.5
SAAR Location,F2-PZ04-A05-R35-E2,2.5
SAAR Location,F2-PZ04-A05-R36-A1,2.5
SAAR Location,F2-PZ04-A05-R36-A2,2.5
SAAR Location,F2-PZ04-A05-R36-B1,2.5
SAAR Location,F2-PZ04-A05-R36-B2,2.5
SAAR Location,F2-PZ04-A05-R36-C1,2.5
SAAR Location,F2-PZ04-A05-R36-C2,2.5
SAAR Location,F2-PZ04-A05-R36-D1,2.5
SAAR Location,F2-PZ04-A05-R36-D2,2.5
SAAR Location,F2-PZ04-A05-R36-E1,2.5
SAAR Location,F2-PZ04-A05-R36-E2,2.5
SAAR Location,F2-PZ04-A05-R37-A1,2.5
SAAR Location,F2-PZ04-A05-R37-A2,2.5
SAAR Location,F2-PZ04-A05-R37-B1,2.5
SAAR Location,F2-PZ04-A05-R37-B2,2.5
SAAR Location,F2-PZ04-A05-R37-C1,2.5
SAAR Location,F2-PZ04-A05-R37-C2,2.5
SAAR Location,F2-PZ04-A05-R37-D1,2.5
SAAR Location,F2-PZ04-A05-R37-D2,2.5
SAAR Location,F2-PZ04-A05-R37-E1,2.5
SAAR Location,F2-PZ04-A05-R37-E2,2.5
SAAR Location,F2-PZ04-A05-R38-A1,2.5
SAAR Location,F2-PZ04-A05-R38-A2,2.5
SAAR Location,F2-PZ04-A05-R38-B1,2.5
SAAR Location,F2-PZ04-A05-R38-B2,2.5
SAAR Location,F2-PZ04-A05-R38-C1,2.5
SAAR Location,F2-PZ04-A05-R38-C2,2.5
SAAR Location,F2-PZ04-A05-R38-D1,2.5
SAAR Location,F2-PZ04-A05-R38-D2,2.5
SAAR Location,F2-PZ04-A05-R38-E1,2.5
SAAR Location,F2-PZ04-A05-R38-E2,2.5
SAAR Location,F2-PZ04-A05-R39-A1,2.5
SAAR Location,F2-PZ04-A05-R39-A2,2.5
SAAR Location,F2-PZ04-A05-R39-B1,2.5
SAAR Location,F2-PZ04-A05-R39-B2,2.5
SAAR Location,F2-PZ04-A05-R39-C1,2.5
SAAR Location,F2-PZ04-A05-R39-C2,2.5
SAAR Location,F2-PZ04-A05-R39-D1,2.5
SAAR Location,F2-PZ04-A05-R39-D2,2.5
SAAR Location,F2-PZ04-A05-R39-E1,2.5
SAAR Location,F2-PZ04-A05-R39-E2,2.5
SAAR Location,F2-PZ04-A05-R40-A1,2.5
SAAR Location,F2-PZ04-A05-R40-A2,2.5
SAAR Location,F2-PZ04-A05-R40-B1,2.5
SAAR Location,F2-PZ04-A05-R40-B2,2.5
SAAR Location,F2-PZ04-A05-R40-C1,2.5
SAAR Location,F2-PZ04-A05-R40-C2,2.5
SAAR Location,F2-PZ04-A05-R40-D1,2.5
SAAR Location,F2-PZ04-A05-R40-D2,2.5
SAAR Location,F2-PZ04-A05-R40-E1,2.5
SAAR Location,F2-PZ04-A05-R40-E2,2.5
SAAR Location,F2-PZ04-A05-R41-A1,2.5
SAAR Location,F2-PZ04-A05-R41-A2,2.5
SAAR Location,F2-PZ04-A05-R41-B1,2.5
SAAR Location,F2-PZ04-A05-R41-B2,2.5
SAAR Location,F2-PZ04-A05-R41-C1,2.5
SAAR Location,F2-PZ04-A05-R41-C2,2.5
SAAR Location,F2-PZ04-A05-R41-D1,2.5
SAAR Location,F2-PZ04-A05-R41-D2,2.5
SAAR Location,F2-PZ04-A05-R41-E1,2.5
SAAR Location,F2-PZ04-A05-R41-E2,2.5
SAAR Location,F2-PZ04-A05-R42-A1,2.5
SAAR Location,F2-PZ04-A05-R42-A2,2.5
SAAR Location,F2-PZ04-A05-R42-B1,2.5
SAAR Location,F2-PZ04-A05-R42-B2,2.5
SAAR Location,F2-PZ04-A05-R42-C1,2.5
SAAR Location,F2-PZ04-A05-R42-C2,2.5
SAAR Location,F2-PZ04-A05-R42-D1,2.5
SAAR Location,F2-PZ04-A05-R42-D2,2.5
SAAR Location,F2-PZ04-A05-R42-E1,2.5
SAAR Location,F2-PZ04-A05-R42-E2,2.5
SAAR Location,F2-PZ04-A05-R43-A1,2.5
SAAR Location,F2-PZ04-A05-R43-A2,2.5
SAAR Location,F2-PZ04-A05-R43-B1,2.5
SAAR Location,F2-PZ04-A05-R43-B2,2.5
SAAR Location,F2-PZ04-A05-R43-C1,2.5
SAAR Location,F2-PZ04-A05-R43-C2,2.5
SAAR Location,F2-PZ04-A05-R43-D1,2.5
SAAR Location,F2-PZ04-A05-R43-D2,2.5
SAAR Location,F2-PZ04-A05-R43-E1,2.5
SAAR Location,F2-PZ04-A05-R43-E2,2.5
SAAR Location,F2-PZ04-A05-R44-A1,2.5
SAAR Location,F2-PZ04-A05-R44-A2,2.5
SAAR Location,F2-PZ04-A05-R44-B1,2.5
SAAR Location,F2-PZ04-A05-R44-B2,2.5
SAAR Location,F2-PZ04-A05-R44-C1,2.5
SAAR Location,F2-PZ04-A05-R44-C2,2.5
SAAR Location,F2-PZ04-A05-R44-D1,2.5
SAAR Location,F2-PZ04-A05-R44-D2,2.5
SAAR Location,F2-PZ04-A05-R44-E1,2.5
SAAR Location,F2-PZ04-A05-R44-E2,2.5
SAAR Location,F2-PZ04-A05-R45-A1,2.5
SAAR Location,F2-PZ04-A05-R45-A2,2.5
SAAR Location,F2-PZ04-A05-R45-B1,2.5
SAAR Location,F2-PZ04-A05-R45-B2,2.5
SAAR Location,F2-PZ04-A05-R45-C1,2.5
SAAR Location,F2-PZ04-A05-R45-C2,2.5
SAAR Location,F2-PZ04-A05-R45-D1,2.5
SAAR Location,F2-PZ04-A05-R45-D2,2.5
SAAR Location,F2-PZ04-A05-R45-E1,2.5
SAAR Location,F2-PZ04-A05-R45-E2,2.5
SAAR Location,F2-PZ04-A05-R46-A1,2.5
SAAR Location,F2-PZ04-A05-R46-A2,2.5
SAAR Location,F2-PZ04-A05-R46-B1,2.5
SAAR Location,F2-PZ04-A05-R46-B2,2.5
SAAR Location,F2-PZ04-A05-R46-C1,2.5
SAAR Location,F2-PZ04-A05-R46-C2,2.5
SAAR Location,F2-PZ04-A05-R46-D1,2.5
SAAR Location,F2-PZ04-A05-R46-D2,2.5
SAAR Location,F2-PZ04-A05-R46-E1,2.5
SAAR Location,F2-PZ04-A05-R46-E2,2.5
SAAR Location,F2-PZ04-A05-R47-A1,2.5
SAAR Location,F2-PZ04-A05-R47-A2,2.5
SAAR Location,F2-PZ04-A05-R47-B1,2.5
SAAR Location,F2-PZ04-A05-R47-B2,2.5
SAAR Location,F2-PZ04-A05-R47-C1,2.5
SAAR Location,F2-PZ04-A05-R47-C2,2.5
SAAR Location,F2-PZ04-A05-R47-D1,2.5
SAAR Location,F2-PZ04-A05-R47-D2,2.5
SAAR Location,F2-PZ04-A05-R47-E1,2.5
SAAR Location,F2-PZ04-A05-R47-E2,2.5
SAAR Location,F2-PZ04-A05-R48-A1,2.5
SAAR Location,F2-PZ04-A05-R48-A2,2.5
SAAR Location,F2-PZ04-A05-R48-B1,2.5
SAAR Location,F2-PZ04-A05-R48-B2,2.5
SAAR Location,F2-PZ04-A05-R48-C1,2.5
SAAR Location,F2-PZ04-A05-R48-C2,2.5
SAAR Location,F2-PZ04-A05-R48-D1,2.5
SAAR Location,F2-PZ04-A05-R48-D2,2.5
SAAR Location,F2-PZ04-A05-R48-E1,2.5
SAAR Location,F2-PZ04-A05-R48-E2,2.5
SAAR Location,F2-PZ04-A05-R49-A1,2.5
SAAR Location,F2-PZ04-A05-R49-A2,2.5
SAAR Location,F2-PZ04-A05-R49-B1,2.5
SAAR Location,F2-PZ04-A05-R49-B2,2.5
SAAR Location,F2-PZ04-A05-R49-C1,2.5
SAAR Location,F2-PZ04-A05-R49-C2,2.5
SAAR Location,F2-PZ04-A05-R49-D1,2.5
SAAR Location,F2-PZ04-A05-R49-D2,2.5
SAAR Location,F2-PZ04-A05-R49-E1,2.5
SAAR Location,F2-PZ04-A05-R49-E2,2.5
SAAR Location,F2-PZ04-A05-R50-A1,2.5
SAAR Location,F2-PZ04-A05-R50-A2,2.5
SAAR Location,F2-PZ04-A05-R50-B1,2.5
SAAR Location,F2-PZ04-A05-R50-B2,2.5
SAAR Location,F2-PZ04-A05-R50-C1,2.5
SAAR Location,F2-PZ04-A05-R50-C2,2.5
SAAR Location,F2-PZ04-A05-R50-D1,2.5
SAAR Location,F2-PZ04-A05-R50-D2,2.5
SAAR Location,F2-PZ04-A05-R50-E1,2.5
SAAR Location,F2-PZ04-A05-R50-E2,2.5
SAAR Location,F2-PZ04-A05-R51-A1,2.5
SAAR Location,F2-PZ04-A05-R51-A2,2.5
SAAR Location,F2-PZ04-A05-R51-B1,2.5
SAAR Location,F2-PZ04-A05-R51-B2,2.5
SAAR Location,F2-PZ04-A05-R51-C1,2.5
SAAR Location,F2-PZ04-A05-R51-C2,2.5
SAAR Location,F2-PZ04-A05-R51-D1,2.5
SAAR Location,F2-PZ04-A05-R51-D2,2.5
SAAR Location,F2-PZ04-A05-R51-E1,2.5
SAAR Location,F2-PZ04-A05-R51-E2,2.5
SAAR Location,F2-PZ04-A05-R52-A1,2.5
SAAR Location,F2-PZ04-A05-R52-A2,2.5
SAAR Location,F2-PZ04-A05-R52-B1,2.5
SAAR Location,F2-PZ04-A05-R52-B2,2.5
SAAR Location,F2-PZ04-A05-R52-C1,2.5
SAAR Location,F2-PZ04-A05-R52-C2,2.5
SAAR Location,F2-PZ04-A05-R52-D1,2.5
SAAR Location,F2-PZ04-A05-R52-D2,2.5
SAAR Location,F2-PZ04-A05-R52-E1,2.5
SAAR Location,F2-PZ04-A05-R52-E2,2.5
SAAR Location,F2-PZ04-A06-R01-A1,2.5
SAAR Location,F2-PZ04-A06-R01-A2,2.5
SAAR Location,F2-PZ04-A06-R01-B1,2.5
SAAR Location,F2-PZ04-A06-R01-B2,2.5
SAAR Location,F2-PZ04-A06-R01-C1,2.5
SAAR Location,F2-PZ04-A06-R01-C2,2.5
SAAR Location,F2-PZ04-A06-R01-D1,2.5
SAAR Location,F2-PZ04-A06-R01-D2,2.5
SAAR Location,F2-PZ04-A06-R01-E1,2.5
SAAR Location,F2-PZ04-A06-R01-E2,2.5
SAAR Location,F2-PZ04-A06-R02-A1,2.5
SAAR Location,F2-PZ04-A06-R02-A2,2.5
SAAR Location,F2-PZ04-A06-R02-B1,2.5
SAAR Location,F2-PZ04-A06-R02-B2,2.5
SAAR Location,F2-PZ04-A06-R02-C1,2.5
SAAR Location,F2-PZ04-A06-R02-C2,2.5
SAAR Location,F2-PZ04-A06-R02-D1,2.5
SAAR Location,F2-PZ04-A06-R02-D2,2.5
SAAR Location,F2-PZ04-A06-R02-E1,2.5
SAAR Location,F2-PZ04-A06-R02-E2,2.5
SAAR Location,F2-PZ04-A06-R03-A1,2.5
SAAR Location,F2-PZ04-A06-R03-A2,2.5
SAAR Location,F2-PZ04-A06-R03-B1,2.5
SAAR Location,F2-PZ04-A06-R03-B2,2.5
SAAR Location,F2-PZ04-A06-R03-C1,2.5
SAAR Location,F2-PZ04-A06-R03-C2,2.5
SAAR Location,F2-PZ04-A06-R03-D1,2.5
SAAR Location,F2-PZ04-A06-R03-D2,2.5
SAAR Location,F2-PZ04-A06-R03-E1,2.5
SAAR Location,F2-PZ04-A06-R03-E2,2.5
SAAR Location,F2-PZ04-A06-R04-A1,2.5
SAAR Location,F2-PZ04-A06-R04-A2,2.5
SAAR Location,F2-PZ04-A06-R04-B1,2.5
SAAR Location,F2-PZ04-A06-R04-B2,2.5
SAAR Location,F2-PZ04-A06-R04-C1,2.5
SAAR Location,F2-PZ04-A06-R04-C2,2.5
SAAR Location,F2-PZ04-A06-R04-D1,2.5
SAAR Location,F2-PZ04-A06-R04-D2,2.5
SAAR Location,F2-PZ04-A06-R04-E1,2.5
SAAR Location,F2-PZ04-A06-R04-E2,2.5
SAAR Location,F2-PZ04-A06-R05-A1,2.5
SAAR Location,F2-PZ04-A06-R05-A2,2.5
SAAR Location,F2-PZ04-A06-R05-B1,2.5
SAAR Location,F2-PZ04-A06-R05-B2,2.5
SAAR Location,F2-PZ04-A06-R05-C1,2.5
SAAR Location,F2-PZ04-A06-R05-C2,2.5
SAAR Location,F2-PZ04-A06-R05-D1,2.5
SAAR Location,F2-PZ04-A06-R05-D2,2.5
SAAR Location,F2-PZ04-A06-R05-E1,2.5
SAAR Location,F2-PZ04-A06-R05-E2,2.5
SAAR Location,F2-PZ04-A06-R06-A1,2.5
SAAR Location,F2-PZ04-A06-R06-A2,2.5
SAAR Location,F2-PZ04-A06-R06-B1,2.5
SAAR Location,F2-PZ04-A06-R06-B2,2.5
SAAR Location,F2-PZ04-A06-R06-C1,2.5
SAAR Location,F2-PZ04-A06-R06-C2,2.5
SAAR Location,F2-PZ04-A06-R06-D1,2.5
SAAR Location,F2-PZ04-A06-R06-D2,2.5
SAAR Location,F2-PZ04-A06-R06-E1,2.5
SAAR Location,F2-PZ04-A06-R06-E2,2.5
SAAR Location,F2-PZ04-A06-R07-A1,2.5
SAAR Location,F2-PZ04-A06-R07-A2,2.5
SAAR Location,F2-PZ04-A06-R07-B1,2.5
SAAR Location,F2-PZ04-A06-R07-B2,2.5
SAAR Location,F2-PZ04-A06-R07-C1,2.5
SAAR Location,F2-PZ04-A06-R07-C2,2.5
SAAR Location,F2-PZ04-A06-R07-D1,2.5
SAAR Location,F2-PZ04-A06-R07-D2,2.5
SAAR Location,F2-PZ04-A06-R07-E1,2.5
SAAR Location,F2-PZ04-A06-R07-E2,2.5
SAAR Location,F2-PZ04-A06-R08-A1,2.5
SAAR Location,F2-PZ04-A06-R08-A2,2.5
SAAR Location,F2-PZ04-A06-R08-B1,2.5
SAAR Location,F2-PZ04-A06-R08-B2,2.5
SAAR Location,F2-PZ04-A06-R08-C1,2.5
SAAR Location,F2-PZ04-A06-R08-C2,2.5
SAAR Location,F2-PZ04-A06-R08-D1,2.5
SAAR Location,F2-PZ04-A06-R08-D2,2.5
SAAR Location,F2-PZ04-A06-R08-E1,2.5
SAAR Location,F2-PZ04-A06-R08-E2,2.5
SAAR Location,F2-PZ04-A06-R09-A1,2.5
SAAR Location,F2-PZ04-A06-R09-A2,2.5
SAAR Location,F2-PZ04-A06-R09-B1,2.5
SAAR Location,F2-PZ04-A06-R09-B2,2.5
SAAR Location,F2-PZ04-A06-R09-C1,2.5
SAAR Location,F2-PZ04-A06-R09-C2,2.5
SAAR Location,F2-PZ04-A06-R09-D1,2.5
SAAR Location,F2-PZ04-A06-R09-D2,2.5
SAAR Location,F2-PZ04-A06-R09-E1,2.5
SAAR Location,F2-PZ04-A06-R09-E2,2.5
SAAR Location,F2-PZ04-A06-R10-A1,2.5
SAAR Location,F2-PZ04-A06-R10-A2,2.5
SAAR Location,F2-PZ04-A06-R10-B1,2.5
SAAR Location,F2-PZ04-A06-R10-B2,2.5
SAAR Location,F2-PZ04-A06-R10-C1,2.5
SAAR Location,F2-PZ04-A06-R10-C2,2.5
SAAR Location,F2-PZ04-A06-R10-D1,2.5
SAAR Location,F2-PZ04-A06-R10-D2,2.5
SAAR Location,F2-PZ04-A06-R10-E1,2.5
SAAR Location,F2-PZ04-A06-R10-E2,2.5
SAAR Location,F2-PZ04-A06-R11-A1,2.5
SAAR Location,F2-PZ04-A06-R11-A2,2.5
SAAR Location,F2-PZ04-A06-R11-B1,2.5
SAAR Location,F2-PZ04-A06-R11-B2,2.5
SAAR Location,F2-PZ04-A06-R11-C1,2.5
SAAR Location,F2-PZ04-A06-R11-C2,2.5
SAAR Location,F2-PZ04-A06-R11-D1,2.5
SAAR Location,F2-PZ04-A06-R11-D2,2.5
SAAR Location,F2-PZ04-A06-R11-E1,2.5
SAAR Location,F2-PZ04-A06-R11-E2,2.5
SAAR Location,F2-PZ04-A06-R12-A1,2.5
SAAR Location,F2-PZ04-A06-R12-A2,2.5
SAAR Location,F2-PZ04-A06-R12-B1,2.5
SAAR Location,F2-PZ04-A06-R12-B2,2.5
SAAR Location,F2-PZ04-A06-R12-C1,2.5
SAAR Location,F2-PZ04-A06-R12-C2,2.5
SAAR Location,F2-PZ04-A06-R12-D1,2.5
SAAR Location,F2-PZ04-A06-R12-D2,2.5
SAAR Location,F2-PZ04-A06-R12-E1,2.5
SAAR Location,F2-PZ04-A06-R12-E2,2.5
SAAR Location,F2-PZ04-A06-R13-A1,2.5
SAAR Location,F2-PZ04-A06-R13-A2,2.5
SAAR Location,F2-PZ04-A06-R13-B1,2.5
SAAR Location,F2-PZ04-A06-R13-B2,2.5
SAAR Location,F2-PZ04-A06-R13-C1,2.5
SAAR Location,F2-PZ04-A06-R13-C2,2.5
SAAR Location,F2-PZ04-A06-R13-D1,2.5
SAAR Location,F2-PZ04-A06-R13-D2,2.5
SAAR Location,F2-PZ04-A06-R13-E1,2.5
SAAR Location,F2-PZ04-A06-R13-E2,2.5
SAAR Location,F2-PZ04-A06-R14-A1,2.5
SAAR Location,F2-PZ04-A06-R14-A2,2.5
SAAR Location,F2-PZ04-A06-R14-B1,2.5
SAAR Location,F2-PZ04-A06-R14-B2,2.5
SAAR Location,F2-PZ04-A06-R14-C1,2.5
SAAR Location,F2-PZ04-A06-R14-C2,2.5
SAAR Location,F2-PZ04-A06-R14-D1,2.5
SAAR Location,F2-PZ04-A06-R14-D2,2.5
SAAR Location,F2-PZ04-A06-R14-E1,2.5
SAAR Location,F2-PZ04-A06-R14-E2,2.5
SAAR Location,F2-PZ04-A06-R15-A1,2.5
SAAR Location,F2-PZ04-A06-R15-A2,2.5
SAAR Location,F2-PZ04-A06-R15-B1,2.5
SAAR Location,F2-PZ04-A06-R15-B2,2.5
SAAR Location,F2-PZ04-A06-R15-C1,2.5
SAAR Location,F2-PZ04-A06-R15-C2,2.5
SAAR Location,F2-PZ04-A06-R15-D1,2.5
SAAR Location,F2-PZ04-A06-R15-D2,2.5
SAAR Location,F2-PZ04-A06-R15-E1,2.5
SAAR Location,F2-PZ04-A06-R15-E2,2.5
SAAR Location,F2-PZ04-A06-R16-A1,2.5
SAAR Location,F2-PZ04-A06-R16-A2,2.5
SAAR Location,F2-PZ04-A06-R16-B1,2.5
SAAR Location,F2-PZ04-A06-R16-B2,2.5
SAAR Location,F2-PZ04-A06-R16-C1,2.5
SAAR Location,F2-PZ04-A06-R16-C2,2.5
SAAR Location,F2-PZ04-A06-R16-D1,2.5
SAAR Location,F2-PZ04-A06-R16-D2,2.5
SAAR Location,F2-PZ04-A06-R16-E1,2.5
SAAR Location,F2-PZ04-A06-R16-E2,2.5
SAAR Location,F2-PZ04-A06-R17-A1,2.5
SAAR Location,F2-PZ04-A06-R17-A2,2.5
SAAR Location,F2-PZ04-A06-R17-B1,2.5
SAAR Location,F2-PZ04-A06-R17-B2,2.5
SAAR Location,F2-PZ04-A06-R17-C1,2.5
SAAR Location,F2-PZ04-A06-R17-C2,2.5
SAAR Location,F2-PZ04-A06-R17-D1,2.5
SAAR Location,F2-PZ04-A06-R17-D2,2.5
SAAR Location,F2-PZ04-A06-R17-E1,2.5
SAAR Location,F2-PZ04-A06-R17-E2,2.5
SAAR Location,F2-PZ04-A06-R18-A1,2.5
SAAR Location,F2-PZ04-A06-R18-A2,2.5
SAAR Location,F2-PZ04-A06-R18-B1,2.5
SAAR Location,F2-PZ04-A06-R18-B2,2.5
SAAR Location,F2-PZ04-A06-R18-C1,2.5
SAAR Location,F2-PZ04-A06-R18-C2,2.5
SAAR Location,F2-PZ04-A06-R18-D1,2.5
SAAR Location,F2-PZ04-A06-R18-D2,2.5
SAAR Location,F2-PZ04-A06-R18-E1,2.5
SAAR Location,F2-PZ04-A06-R18-E2,2.5
SAAR Location,F2-PZ04-A06-R19-A1,2.5
SAAR Location,F2-PZ04-A06-R19-A2,2.5
SAAR Location,F2-PZ04-A06-R19-B1,2.5
SAAR Location,F2-PZ04-A06-R19-B2,2.5
SAAR Location,F2-PZ04-A06-R19-C1,2.5
SAAR Location,F2-PZ04-A06-R19-C2,2.5
SAAR Location,F2-PZ04-A06-R19-D1,2.5
SAAR Location,F2-PZ04-A06-R19-D2,2.5
SAAR Location,F2-PZ04-A06-R19-E1,2.5
SAAR Location,F2-PZ04-A06-R19-E2,2.5
SAAR Location,F2-PZ04-A06-R20-A1,2.5
SAAR Location,F2-PZ04-A06-R20-A2,2.5
SAAR Location,F2-PZ04-A06-R20-B1,2.5
SAAR Location,F2-PZ04-A06-R20-B2,2.5
SAAR Location,F2-PZ04-A06-R20-C1,2.5
SAAR Location,F2-PZ04-A06-R20-C2,2.5
SAAR Location,F2-PZ04-A06-R20-D1,2.5
SAAR Location,F2-PZ04-A06-R20-D2,2.5
SAAR Location,F2-PZ04-A06-R20-E1,2.5
SAAR Location,F2-PZ04-A06-R20-E2,2.5
SAAR Location,F2-PZ04-A06-R21-A1,2.5
SAAR Location,F2-PZ04-A06-R21-A2,2.5
SAAR Location,F2-PZ04-A06-R21-B1,2.5
SAAR Location,F2-PZ04-A06-R21-B2,2.5
SAAR Location,F2-PZ04-A06-R21-C1,2.5
SAAR Location,F2-PZ04-A06-R21-C2,2.5
SAAR Location,F2-PZ04-A06-R21-D1,2.5
SAAR Location,F2-PZ04-A06-R21-D2,2.5
SAAR Location,F2-PZ04-A06-R21-E1,2.5
SAAR Location,F2-PZ04-A06-R21-E2,2.5
SAAR Location,F2-PZ04-A06-R22-A1,2.5
SAAR Location,F2-PZ04-A06-R22-A2,2.5
SAAR Location,F2-PZ04-A06-R22-B1,2.5
SAAR Location,F2-PZ04-A06-R22-B2,2.5
SAAR Location,F2-PZ04-A06-R22-C1,2.5
SAAR Location,F2-PZ04-A06-R22-C2,2.5
SAAR Location,F2-PZ04-A06-R22-D1,2.5
SAAR Location,F2-PZ04-A06-R22-D2,2.5
SAAR Location,F2-PZ04-A06-R22-E1,2.5
SAAR Location,F2-PZ04-A06-R22-E2,2.5
SAAR Location,F2-PZ04-A06-R23-A1,2.5
SAAR Location,F2-PZ04-A06-R23-A2,2.5
SAAR Location,F2-PZ04-A06-R23-B1,2.5
SAAR Location,F2-PZ04-A06-R23-B2,2.5
SAAR Location,F2-PZ04-A06-R23-C1,2.5
SAAR Location,F2-PZ04-A06-R23-C2,2.5
SAAR Location,F2-PZ04-A06-R23-D1,2.5
SAAR Location,F2-PZ04-A06-R23-D2,2.5
SAAR Location,F2-PZ04-A06-R23-E1,2.5
SAAR Location,F2-PZ04-A06-R23-E2,2.5
SAAR Location,F2-PZ04-A06-R24-A1,2.5
SAAR Location,F2-PZ04-A06-R24-A2,2.5
SAAR Location,F2-PZ04-A06-R24-B1,2.5
SAAR Location,F2-PZ04-A06-R24-B2,2.5
SAAR Location,F2-PZ04-A06-R24-C1,2.5
SAAR Location,F2-PZ04-A06-R24-C2,2.5
SAAR Location,F2-PZ04-A06-R24-D1,2.5
SAAR Location,F2-PZ04-A06-R24-D2,2.5
SAAR Location,F2-PZ04-A06-R24-E1,2.5
SAAR Location,F2-PZ04-A06-R24-E2,2.5
SAAR Location,F2-PZ04-A06-R25-A1,2.5
SAAR Location,F2-PZ04-A06-R25-A2,2.5
SAAR Location,F2-PZ04-A06-R25-B1,2.5
SAAR Location,F2-PZ04-A06-R25-B2,2.5
SAAR Location,F2-PZ04-A06-R25-C1,2.5
SAAR Location,F2-PZ04-A06-R25-C2,2.5
SAAR Location,F2-PZ04-A06-R25-D1,2.5
SAAR Location,F2-PZ04-A06-R25-D2,2.5
SAAR Location,F2-PZ04-A06-R25-E1,2.5
SAAR Location,F2-PZ04-A06-R25-E2,2.5
SAAR Location,F2-PZ04-A06-R26-A1,2.5
SAAR Location,F2-PZ04-A06-R26-A2,2.5
SAAR Location,F2-PZ04-A06-R26-B1,2.5
SAAR Location,F2-PZ04-A06-R26-B2,2.5
SAAR Location,F2-PZ04-A06-R26-C1,2.5
SAAR Location,F2-PZ04-A06-R26-C2,2.5
SAAR Location,F2-PZ04-A06-R26-D1,2.5
SAAR Location,F2-PZ04-A06-R26-D2,2.5
SAAR Location,F2-PZ04-A06-R26-E1,2.5
SAAR Location,F2-PZ04-A06-R26-E2,2.5
SAAR Location,F2-PZ05-A07-R01-A1,2.5
SAAR Location,F2-PZ05-A07-R01-A2,2.5
SAAR Location,F2-PZ05-A07-R01-B1,2.5
SAAR Location,F2-PZ05-A07-R01-B2,2.5
SAAR Location,F2-PZ05-A07-R01-C1,2.5
SAAR Location,F2-PZ05-A07-R01-C2,2.5
SAAR Location,F2-PZ05-A07-R01-D1,2.5
SAAR Location,F2-PZ05-A07-R01-D2,2.5
SAAR Location,F2-PZ05-A07-R01-E1,2.5
SAAR Location,F2-PZ05-A07-R01-E2,2.5
SAAR Location,F2-PZ05-A07-R02-A1,2.5
SAAR Location,F2-PZ05-A07-R02-A2,2.5
SAAR Location,F2-PZ05-A07-R02-B1,2.5
SAAR Location,F2-PZ05-A07-R02-B2,2.5
SAAR Location,F2-PZ05-A07-R02-C1,2.5
SAAR Location,F2-PZ05-A07-R02-C2,2.5
SAAR Location,F2-PZ05-A07-R02-D1,2.5
SAAR Location,F2-PZ05-A07-R02-D2,2.5
SAAR Location,F2-PZ05-A07-R02-E1,2.5
SAAR Location,F2-PZ05-A07-R02-E2,2.5
SAAR Location,F2-PZ05-A07-R03-A1,2.5
SAAR Location,F2-PZ05-A07-R03-A2,2.5
SAAR Location,F2-PZ05-A07-R03-B1,2.5
SAAR Location,F2-PZ05-A07-R03-B2,2.5
SAAR Location,F2-PZ05-A07-R03-C1,2.5
SAAR Location,F2-PZ05-A07-R03-C2,2.5
SAAR Location,F2-PZ05-A07-R03-D1,2.5
SAAR Location,F2-PZ05-A07-R03-D2,2.5
SAAR Location,F2-PZ05-A07-R03-E1,2.5
SAAR Location,F2-PZ05-A07-R03-E2,2.5
SAAR Location,F2-PZ05-A07-R04-A1,2.5
SAAR Location,F2-PZ05-A07-R04-A2,2.5
SAAR Location,F2-PZ05-A07-R04-B1,2.5
SAAR Location,F2-PZ05-A07-R04-B2,2.5
SAAR Location,F2-PZ05-A07-R04-C1,2.5
SAAR Location,F2-PZ05-A07-R04-C2,2.5
SAAR Location,F2-PZ05-A07-R04-D1,2.5
SAAR Location,F2-PZ05-A07-R04-D2,2.5
SAAR Location,F2-PZ05-A07-R04-E1,2.5
SAAR Location,F2-PZ05-A07-R04-E2,2.5
SAAR Location,F2-PZ05-A07-R05-A1,2.5
SAAR Location,F2-PZ05-A07-R05-A2,2.5
SAAR Location,F2-PZ05-A07-R05-B1,2.5
SAAR Location,F2-PZ05-A07-R05-B2,2.5
SAAR Location,F2-PZ05-A07-R05-C1,2.5
SAAR Location,F2-PZ05-A07-R05-C2,2.5
SAAR Location,F2-PZ05-A07-R05-D1,2.5
SAAR Location,F2-PZ05-A07-R05-D2,2.5
SAAR Location,F2-PZ05-A07-R05-E1,2.5
SAAR Location,F2-PZ05-A07-R05-E2,2.5
SAAR Location,F2-PZ05-A07-R06-A1,2.5
SAAR Location,F2-PZ05-A07-R06-A2,2.5
SAAR Location,F2-PZ05-A07-R06-B1,2.5
SAAR Location,F2-PZ05-A07-R06-B2,2.5
SAAR Location,F2-PZ05-A07-R06-C1,2.5
SAAR Location,F2-PZ05-A07-R06-C2,2.5
Bulk Location,F2-PZ05-A07-R06-C3,60
SAAR Location,F2-PZ05-A07-R06-D1,2.5
SAAR Location,F2-PZ05-A07-R06-D2,2.5
SAAR Location,F2-PZ05-A07-R06-E1,2.5
SAAR Location,F2-PZ05-A07-R06-E2,2.5
SAAR Location,F2-PZ05-A07-R07-A1,2.5
SAAR Location,F2-PZ05-A07-R07-A2,2.5
SAAR Location,F2-PZ05-A07-R07-B1,2.5
SAAR Location,F2-PZ05-A07-R07-B2,2.5
SAAR Location,F2-PZ05-A07-R07-C1,2.5
SAAR Location,F2-PZ05-A07-R07-C2,2.5
SAAR Location,F2-PZ05-A07-R07-D1,2.5
SAAR Location,F2-PZ05-A07-R07-D2,2.5
SAAR Location,F2-PZ05-A07-R07-E1,2.5
SAAR Location,F2-PZ05-A07-R07-E2,2.5
SAAR Location,F2-PZ05-A07-R08-A1,2.5
SAAR Location,F2-PZ05-A07-R08-A2,2.5
SAAR Location,F2-PZ05-A07-R08-B1,2.5
SAAR Location,F2-PZ05-A07-R08-B2,2.5
SAAR Location,F2-PZ05-A07-R08-C1,2.5
SAAR Location,F2-PZ05-A07-R08-C2,2.5
SAAR Location,F2-PZ05-A07-R08-D1,2.5
SAAR Location,F2-PZ05-A07-R08-D2,2.5
SAAR Location,F2-PZ05-A07-R08-E1,2.5
SAAR Location,F2-PZ05-A07-R08-E2,2.5
SAAR Location,F2-PZ05-A07-R09-A1,2.5
SAAR Location,F2-PZ05-A07-R09-A2,2.5
SAAR Location,F2-PZ05-A07-R09-B1,2.5
SAAR Location,F2-PZ05-A07-R09-B2,2.5
SAAR Location,F2-PZ05-A07-R09-C1,2.5
SAAR Location,F2-PZ05-A07-R09-C2,2.5
SAAR Location,F2-PZ05-A07-R09-D1,2.5
SAAR Location,F2-PZ05-A07-R09-D2,2.5
SAAR Location,F2-PZ05-A07-R09-E1,2.5
SAAR Location,F2-PZ05-A07-R09-E2,2.5
SAAR Location,F2-PZ05-A07-R10-A1,2.5
SAAR Location,F2-PZ05-A07-R10-A2,2.5
SAAR Location,F2-PZ05-A07-R10-B1,2.5
SAAR Location,F2-PZ05-A07-R10-B2,2.5
SAAR Location,F2-PZ05-A07-R10-C1,2.5
SAAR Location,F2-PZ05-A07-R10-C2,2.5
SAAR Location,F2-PZ05-A07-R10-D1,2.5
SAAR Location,F2-PZ05-A07-R10-D2,2.5
SAAR Location,F2-PZ05-A07-R10-E1,2.5
SAAR Location,F2-PZ05-A07-R10-E2,2.5
SAAR Location,F2-PZ05-A07-R11-A1,2.5
SAAR Location,F2-PZ05-A07-R11-A2,2.5
SAAR Location,F2-PZ05-A07-R11-B1,2.5
SAAR Location,F2-PZ05-A07-R11-B2,2.5
SAAR Location,F2-PZ05-A07-R11-C1,2.5
SAAR Location,F2-PZ05-A07-R11-C2,2.5
SAAR Location,F2-PZ05-A07-R11-D1,2.5
SAAR Location,F2-PZ05-A07-R11-D2,2.5
SAAR Location,F2-PZ05-A07-R11-E1,2.5
SAAR Location,F2-PZ05-A07-R11-E2,2.5
SAAR Location,F2-PZ05-A07-R12-A1,2.5
SAAR Location,F2-PZ05-A07-R12-A2,2.5
SAAR Location,F2-PZ05-A07-R12-B1,2.5
SAAR Location,F2-PZ05-A07-R12-B2,2.5
SAAR Location,F2-PZ05-A07-R12-C1,2.5
SAAR Location,F2-PZ05-A07-R12-C2,2.5
SAAR Location,F2-PZ05-A07-R12-D1,2.5
SAAR Location,F2-PZ05-A07-R12-D2,2.5
SAAR Location,F2-PZ05-A07-R12-E1,2.5
SAAR Location,F2-PZ05-A07-R12-E2,2.5
SAAR Location,F2-PZ05-A07-R13-A1,2.5
SAAR Location,F2-PZ05-A07-R13-A2,2.5
SAAR Location,F2-PZ05-A07-R13-B1,2.5
SAAR Location,F2-PZ05-A07-R13-B2,2.5
SAAR Location,F2-PZ05-A07-R13-C1,2.5
SAAR Location,F2-PZ05-A07-R13-C2,2.5
SAAR Location,F2-PZ05-A07-R13-D1,2.5
SAAR Location,F2-PZ05-A07-R13-D2,2.5
SAAR Location,F2-PZ05-A07-R13-E1,2.5
SAAR Location,F2-PZ05-A07-R13-E2,2.5
SAAR Location,F2-PZ05-A07-R14-A1,2.5
SAAR Location,F2-PZ05-A07-R14-A2,2.5
SAAR Location,F2-PZ05-A07-R14-B1,2.5
SAAR Location,F2-PZ05-A07-R14-B2,2.5
SAAR Location,F2-PZ05-A07-R14-C1,2.5
SAAR Location,F2-PZ05-A07-R14-C2,2.5
SAAR Location,F2-PZ05-A07-R14-D1,2.5
SAAR Location,F2-PZ05-A07-R14-D2,2.5
SAAR Location,F2-PZ05-A07-R14-E1,2.5
SAAR Location,F2-PZ05-A07-R14-E2,2.5
SAAR Location,F2-PZ05-A07-R15-A1,2.5
SAAR Location,F2-PZ05-A07-R15-A2,2.5
SAAR Location,F2-PZ05-A07-R15-B1,2.5
SAAR Location,F2-PZ05-A07-R15-B2,2.5
SAAR Location,F2-PZ05-A07-R15-C1,2.5
SAAR Location,F2-PZ05-A07-R15-C2,2.5
SAAR Location,F2-PZ05-A07-R15-D1,2.5
SAAR Location,F2-PZ05-A07-R15-D2,2.5
SAAR Location,F2-PZ05-A07-R15-E1,2.5
SAAR Location,F2-PZ05-A07-R15-E2,2.5
SAAR Location,F2-PZ05-A07-R16-A1,2.5
SAAR Location,F2-PZ05-A07-R16-A2,2.5
SAAR Location,F2-PZ05-A07-R16-B1,2.5
SAAR Location,F2-PZ05-A07-R16-B2,2.5
SAAR Location,F2-PZ05-A07-R16-C1,2.5
SAAR Location,F2-PZ05-A07-R16-C2,2.5
SAAR Location,F2-PZ05-A07-R16-D1,2.5
SAAR Location,F2-PZ05-A07-R16-D2,2.5
SAAR Location,F2-PZ05-A07-R16-E1,2.5
SAAR Location,F2-PZ05-A07-R16-E2,2.5
SAAR Location,F2-PZ05-A07-R17-A1,2.5
SAAR Location,F2-PZ05-A07-R17-A2,2.5
SAAR Location,F2-PZ05-A07-R17-B1,2.5
SAAR Location,F2-PZ05-A07-R17-B2,2.5
SAAR Location,F2-PZ05-A07-R17-C1,2.5
SAAR Location,F2-PZ05-A07-R17-C2,2.5
SAAR Location,F2-PZ05-A07-R17-D1,2.5
SAAR Location,F2-PZ05-A07-R17-D2,2.5
SAAR Location,F2-PZ05-A07-R17-E1,2.5
SAAR Location,F2-PZ05-A07-R17-E2,2.5
SAAR Location,F2-PZ05-A07-R18-A1,2.5
SAAR Location,F2-PZ05-A07-R18-A2,2.5
SAAR Location,F2-PZ05-A07-R18-B1,2.5
SAAR Location,F2-PZ05-A07-R18-B2,2.5
SAAR Location,F2-PZ05-A07-R18-C1,2.5
SAAR Location,F2-PZ05-A07-R18-C2,2.5
SAAR Location,F2-PZ05-A07-R18-D1,2.5
SAAR Location,F2-PZ05-A07-R18-D2,2.5
SAAR Location,F2-PZ05-A07-R18-E1,2.5
SAAR Location,F2-PZ05-A07-R18-E2,2.5
SAAR Location,F2-PZ05-A07-R19-A1,2.5
SAAR Location,F2-PZ05-A07-R19-A2,2.5
SAAR Location,F2-PZ05-A07-R19-B1,2.5
SAAR Location,F2-PZ05-A07-R19-B2,2.5
SAAR Location,F2-PZ05-A07-R19-C1,2.5
SAAR Location,F2-PZ05-A07-R19-C2,2.5
SAAR Location,F2-PZ05-A07-R19-D1,2.5
SAAR Location,F2-PZ05-A07-R19-D2,2.5
SAAR Location,F2-PZ05-A07-R19-E1,2.5
SAAR Location,F2-PZ05-A07-R19-E2,2.5
SAAR Location,F2-PZ05-A07-R20-A1,2.5
SAAR Location,F2-PZ05-A07-R20-A2,2.5
SAAR Location,F2-PZ05-A07-R20-B1,2.5
SAAR Location,F2-PZ05-A07-R20-B2,2.5
SAAR Location,F2-PZ05-A07-R20-C1,2.5
SAAR Location,F2-PZ05-A07-R20-C2,2.5
SAAR Location,F2-PZ05-A07-R20-D1,2.5
SAAR Location,F2-PZ05-A07-R20-D2,2.5
SAAR Location,F2-PZ05-A07-R20-E1,2.5
SAAR Location,F2-PZ05-A07-R20-E2,2.5
SAAR Location,F2-PZ05-A07-R21-A1,2.5
SAAR Location,F2-PZ05-A07-R21-A2,2.5
SAAR Location,F2-PZ05-A07-R21-B1,2.5
SAAR Location,F2-PZ05-A07-R21-B2,2.5
SAAR Location,F2-PZ05-A07-R21-C1,2.5
SAAR Location,F2-PZ05-A07-R21-C2,2.5
SAAR Location,F2-PZ05-A07-R21-D1,2.5
SAAR Location,F2-PZ05-A07-R21-D2,2.5
SAAR Location,F2-PZ05-A07-R21-E1,2.5
SAAR Location,F2-PZ05-A07-R21-E2,2.5
SAAR Location,F2-PZ05-A07-R22-A1,2.5
SAAR Location,F2-PZ05-A07-R22-A2,2.5
SAAR Location,F2-PZ05-A07-R22-B1,2.5
SAAR Location,F2-PZ05-A07-R22-B2,2.5
SAAR Location,F2-PZ05-A07-R22-C1,2.5
SAAR Location,F2-PZ05-A07-R22-C2,2.5
SAAR Location,F2-PZ05-A07-R22-D1,2.5
SAAR Location,F2-PZ05-A07-R22-D2,2.5
SAAR Location,F2-PZ05-A07-R22-E1,2.5
SAAR Location,F2-PZ05-A07-R22-E2,2.5
SAAR Location,F2-PZ05-A07-R23-A1,2.5
SAAR Location,F2-PZ05-A07-R23-A2,2.5
SAAR Location,F2-PZ05-A07-R23-B1,2.5
SAAR Location,F2-PZ05-A07-R23-B2,2.5
SAAR Location,F2-PZ05-A07-R23-C1,2.5
SAAR Location,F2-PZ05-A07-R23-C2,2.5
SAAR Location,F2-PZ05-A07-R23-D1,2.5
SAAR Location,F2-PZ05-A07-R23-D2,2.5
SAAR Location,F2-PZ05-A07-R23-E1,2.5
SAAR Location,F2-PZ05-A07-R23-E2,2.5
SAAR Location,F2-PZ05-A07-R24-A1,2.5
SAAR Location,F2-PZ05-A07-R24-A2,2.5
SAAR Location,F2-PZ05-A07-R24-B1,2.5
SAAR Location,F2-PZ05-A07-R24-B2,2.5
SAAR Location,F2-PZ05-A07-R24-C1,2.5
SAAR Location,F2-PZ05-A07-R24-C2,2.5
SAAR Location,F2-PZ05-A07-R24-D1,2.5
SAAR Location,F2-PZ05-A07-R24-D2,2.5
SAAR Location,F2-PZ05-A07-R24-E1,2.5
SAAR Location,F2-PZ05-A07-R24-E2,2.5
SAAR Location,F2-PZ05-A07-R25-A1,2.5
SAAR Location,F2-PZ05-A07-R25-A2,2.5
SAAR Location,F2-PZ05-A07-R25-B1,2.5
SAAR Location,F2-PZ05-A07-R25-B2,2.5
SAAR Location,F2-PZ05-A07-R25-C1,2.5
SAAR Location,F2-PZ05-A07-R25-C2,2.5
SAAR Location,F2-PZ05-A07-R25-D1,2.5
SAAR Location,F2-PZ05-A07-R25-D2,2.5
SAAR Location,F2-PZ05-A07-R25-E1,2.5
SAAR Location,F2-PZ05-A07-R25-E2,2.5
SAAR Location,F2-PZ05-A07-R26-A1,2.5
SAAR Location,F2-PZ05-A07-R26-A2,2.5
SAAR Location,F2-PZ05-A07-R26-B1,2.5
SAAR Location,F2-PZ05-A07-R26-B2,2.5
SAAR Location,F2-PZ05-A07-R26-C1,2.5
SAAR Location,F2-PZ05-A07-R26-C2,2.5
SAAR Location,F2-PZ05-A07-R26-D1,2.5
SAAR Location,F2-PZ05-A07-R26-D2,2.5
SAAR Location,F2-PZ05-A07-R26-E1,2.5
SAAR Location,F2-PZ05-A07-R26-E2,2.5
SAAR Location,F2-PZ05-A07-R27-A1,2.5
SAAR Location,F2-PZ05-A07-R27-A2,2.5
SAAR Location,F2-PZ05-A07-R27-B1,2.5
SAAR Location,F2-PZ05-A07-R27-B2,2.5
SAAR Location,F2-PZ05-A07-R27-C1,2.5
SAAR Location,F2-PZ05-A07-R27-C2,2.5
SAAR Location,F2-PZ05-A07-R27-D1,2.5
SAAR Location,F2-PZ05-A07-R27-D2,2.5
SAAR Location,F2-PZ05-A07-R27-E1,2.5
SAAR Location,F2-PZ05-A07-R27-E2,2.5
SAAR Location,F2-PZ05-A07-R28-A1,2.5
SAAR Location,F2-PZ05-A07-R28-A2,2.5
SAAR Location,F2-PZ05-A07-R28-B1,2.5
SAAR Location,F2-PZ05-A07-R28-B2,2.5
SAAR Location,F2-PZ05-A07-R28-C1,2.5
SAAR Location,F2-PZ05-A07-R28-C2,2.5
SAAR Location,F2-PZ05-A07-R28-D1,2.5
SAAR Location,F2-PZ05-A07-R28-D2,2.5
SAAR Location,F2-PZ05-A07-R28-E1,2.5
SAAR Location,F2-PZ05-A07-R28-E2,2.5
SAAR Location,F2-PZ05-A07-R29-A1,2.5
SAAR Location,F2-PZ05-A07-R29-A2,2.5
SAAR Location,F2-PZ05-A07-R29-B1,2.5
SAAR Location,F2-PZ05-A07-R29-B2,2.5
SAAR Location,F2-PZ05-A07-R29-C1,2.5
SAAR Location,F2-PZ05-A07-R29-C2,2.5
SAAR Location,F2-PZ05-A07-R29-D1,2.5
SAAR Location,F2-PZ05-A07-R29-D2,2.5
SAAR Location,F2-PZ05-A07-R29-E1,2.5
SAAR Location,F2-PZ05-A07-R29-E2,2.5
SAAR Location,F2-PZ05-A07-R30-A1,2.5
SAAR Location,F2-PZ05-A07-R30-A2,2.5
SAAR Location,F2-PZ05-A07-R30-B1,2.5
SAAR Location,F2-PZ05-A07-R30-B2,2.5
SAAR Location,F2-PZ05-A07-R30-C1,2.5
SAAR Location,F2-PZ05-A07-R30-C2,2.5
SAAR Location,F2-PZ05-A07-R30-D1,2.5
SAAR Location,F2-PZ05-A07-R30-D2,2.5
SAAR Location,F2-PZ05-A07-R30-E1,2.5
SAAR Location,F2-PZ05-A07-R30-E2,2.5
SAAR Location,F2-PZ05-A07-R31-A1,2.5
SAAR Location,F2-PZ05-A07-R31-A2,2.5
SAAR Location,F2-PZ05-A07-R31-B1,2.5
SAAR Location,F2-PZ05-A07-R31-B2,2.5
SAAR Location,F2-PZ05-A07-R31-C1,2.5
SAAR Location,F2-PZ05-A07-R31-C2,2.5
SAAR Location,F2-PZ05-A07-R31-D1,2.5
SAAR Location,F2-PZ05-A07-R31-D2,2.5
SAAR Location,F2-PZ05-A07-R31-E1,2.5
SAAR Location,F2-PZ05-A07-R31-E2,2.5
SAAR Location,F2-PZ05-A07-R32-A1,2.5
SAAR Location,F2-PZ05-A07-R32-A2,2.5
SAAR Location,F2-PZ05-A07-R32-B1,2.5
SAAR Location,F2-PZ05-A07-R32-B2,2.5
SAAR Location,F2-PZ05-A07-R32-C1,2.5
SAAR Location,F2-PZ05-A07-R32-C2,2.5
SAAR Location,F2-PZ05-A07-R32-D1,2.5
SAAR Location,F2-PZ05-A07-R32-D2,2.5
SAAR Location,F2-PZ05-A07-R32-E1,2.5
SAAR Location,F2-PZ05-A07-R32-E2,2.5
SAAR Location,F2-PZ05-A07-R33-A1,2.5
SAAR Location,F2-PZ05-A07-R33-A2,2.5
SAAR Location,F2-PZ05-A07-R33-B1,2.5
SAAR Location,F2-PZ05-A07-R33-B2,2.5
SAAR Location,F2-PZ05-A07-R33-C1,2.5
SAAR Location,F2-PZ05-A07-R33-C2,2.5
SAAR Location,F2-PZ05-A07-R33-D1,2.5
SAAR Location,F2-PZ05-A07-R33-D2,2.5
SAAR Location,F2-PZ05-A07-R33-E1,2.5
SAAR Location,F2-PZ05-A07-R33-E2,2.5
SAAR Location,F2-PZ05-A07-R34-A1,2.5
SAAR Location,F2-PZ05-A07-R34-A2,2.5
SAAR Location,F2-PZ05-A07-R34-B1,2.5
SAAR Location,F2-PZ05-A07-R34-B2,2.5
SAAR Location,F2-PZ05-A07-R34-C1,2.5
SAAR Location,F2-PZ05-A07-R34-C2,2.5
SAAR Location,F2-PZ05-A07-R34-D1,2.5
SAAR Location,F2-PZ05-A07-R34-D2,2.5
SAAR Location,F2-PZ05-A07-R34-E1,2.5
SAAR Location,F2-PZ05-A07-R34-E2,2.5
SAAR Location,F2-PZ05-A07-R35-A1,2.5
SAAR Location,F2-PZ05-A07-R35-A2,2.5
SAAR Location,F2-PZ05-A07-R35-B1,2.5
SAAR Location,F2-PZ05-A07-R35-B2,2.5
SAAR Location,F2-PZ05-A07-R35-C1,2.5
SAAR Location,F2-PZ05-A07-R35-C2,2.5
SAAR Location,F2-PZ05-A07-R35-D1,2.5
SAAR Location,F2-PZ05-A07-R35-D2,2.5
SAAR Location,F2-PZ05-A07-R35-E1,2.5
SAAR Location,F2-PZ05-A07-R35-E2,2.5
SAAR Location,F2-PZ05-A07-R36-A1,2.5
SAAR Location,F2-PZ05-A07-R36-A2,2.5
SAAR Location,F2-PZ05-A07-R36-B1,2.5
SAAR Location,F2-PZ05-A07-R36-B2,2.5
SAAR Location,F2-PZ05-A07-R36-C1,2.5
SAAR Location,F2-PZ05-A07-R36-C2,2.5
SAAR Location,F2-PZ05-A07-R36-D1,2.5
SAAR Location,F2-PZ05-A07-R36-D2,2.5
SAAR Location,F2-PZ05-A07-R36-E1,2.5
SAAR Location,F2-PZ05-A07-R36-E2,2.5
SAAR Location,F2-PZ05-A07-R37-A1,2.5
SAAR Location,F2-PZ05-A07-R37-A2,2.5
SAAR Location,F2-PZ05-A07-R37-B1,2.5
SAAR Location,F2-PZ05-A07-R37-B2,2.5
SAAR Location,F2-PZ05-A07-R37-C1,2.5
SAAR Location,F2-PZ05-A07-R37-C2,2.5
SAAR Location,F2-PZ05-A07-R37-D1,2.5
SAAR Location,F2-PZ05-A07-R37-D2,2.5
SAAR Location,F2-PZ05-A07-R37-E1,2.5
SAAR Location,F2-PZ05-A07-R37-E2,2.5
SAAR Location,F2-PZ05-A07-R38-A1,2.5
SAAR Location,F2-PZ05-A07-R38-A2,2.5
SAAR Location,F2-PZ05-A07-R38-B1,2.5
SAAR Location,F2-PZ05-A07-R38-B2,2.5
SAAR Location,F2-PZ05-A07-R38-C1,2.5
SAAR Location,F2-PZ05-A07-R38-C2,2.5
SAAR Location,F2-PZ05-A07-R38-D1,2.5
SAAR Location,F2-PZ05-A07-R38-D2,2.5
SAAR Location,F2-PZ05-A07-R38-E1,2.5
SAAR Location,F2-PZ05-A07-R38-E2,2.5
SAAR Location,F2-PZ05-A07-R39-A1,2.5
SAAR Location,F2-PZ05-A07-R39-A2,2.5
SAAR Location,F2-PZ05-A07-R39-B1,2.5
SAAR Location,F2-PZ05-A07-R39-B2,2.5
SAAR Location,F2-PZ05-A07-R39-C1,2.5
SAAR Location,F2-PZ05-A07-R39-C2,2.5
SAAR Location,F2-PZ05-A07-R39-D1,2.5
SAAR Location,F2-PZ05-A07-R39-D2,2.5
SAAR Location,F2-PZ05-A07-R39-E1,2.5
SAAR Location,F2-PZ05-A07-R39-E2,2.5
SAAR Location,F2-PZ05-A07-R40-A1,2.5
SAAR Location,F2-PZ05-A07-R40-A2,2.5
SAAR Location,F2-PZ05-A07-R40-B1,2.5
SAAR Location,F2-PZ05-A07-R40-B2,2.5
SAAR Location,F2-PZ05-A07-R40-C1,2.5
SAAR Location,F2-PZ05-A07-R40-C2,2.5
SAAR Location,F2-PZ05-A07-R40-D1,2.5
SAAR Location,F2-PZ05-A07-R40-D2,2.5
SAAR Location,F2-PZ05-A07-R40-E1,2.5
SAAR Location,F2-PZ05-A07-R40-E2,2.5
SAAR Location,F2-PZ05-A07-R41-A1,2.5
SAAR Location,F2-PZ05-A07-R41-A2,2.5
SAAR Location,F2-PZ05-A07-R41-B1,2.5
SAAR Location,F2-PZ05-A07-R41-B2,2.5
SAAR Location,F2-PZ05-A07-R41-C1,2.5
SAAR Location,F2-PZ05-A07-R41-C2,2.5
SAAR Location,F2-PZ05-A07-R41-D1,2.5
SAAR Location,F2-PZ05-A07-R41-D2,2.5
SAAR Location,F2-PZ05-A07-R41-E1,2.5
SAAR Location,F2-PZ05-A07-R41-E2,2.5
SAAR Location,F2-PZ05-A07-R42-A1,2.5
SAAR Location,F2-PZ05-A07-R42-A2,2.5
SAAR Location,F2-PZ05-A07-R42-B1,2.5
SAAR Location,F2-PZ05-A07-R42-B2,2.5
SAAR Location,F2-PZ05-A07-R42-C1,2.5
SAAR Location,F2-PZ05-A07-R42-C2,2.5
SAAR Location,F2-PZ05-A07-R42-D1,2.5
SAAR Location,F2-PZ05-A07-R42-D2,2.5
SAAR Location,F2-PZ05-A07-R42-E1,2.5
SAAR Location,F2-PZ05-A07-R42-E2,2.5
SAAR Location,F2-PZ05-A07-R43-A1,2.5
SAAR Location,F2-PZ05-A07-R43-A2,2.5
SAAR Location,F2-PZ05-A07-R43-B1,2.5
SAAR Location,F2-PZ05-A07-R43-B2,2.5
SAAR Location,F2-PZ05-A07-R43-C1,2.5
SAAR Location,F2-PZ05-A07-R43-C2,2.5
SAAR Location,F2-PZ05-A07-R43-D1,2.5
SAAR Location,F2-PZ05-A07-R43-D2,2.5
SAAR Location,F2-PZ05-A07-R43-E1,2.5
SAAR Location,F2-PZ05-A07-R43-E2,2.5
SAAR Location,F2-PZ05-A07-R44-A1,2.5
SAAR Location,F2-PZ05-A07-R44-A2,2.5
SAAR Location,F2-PZ05-A07-R44-B1,2.5
SAAR Location,F2-PZ05-A07-R44-B2,2.5
SAAR Location,F2-PZ05-A07-R44-C1,2.5
SAAR Location,F2-PZ05-A07-R44-C2,2.5
SAAR Location,F2-PZ05-A07-R44-D1,2.5
SAAR Location,F2-PZ05-A07-R44-D2,2.5
SAAR Location,F2-PZ05-A07-R44-E1,2.5
SAAR Location,F2-PZ05-A07-R44-E2,2.5
SAAR Location,F2-PZ05-A07-R45-A1,2.5
SAAR Location,F2-PZ05-A07-R45-A2,2.5
SAAR Location,F2-PZ05-A07-R45-B1,2.5
SAAR Location,F2-PZ05-A07-R45-B2,2.5
SAAR Location,F2-PZ05-A07-R45-C1,2.5
SAAR Location,F2-PZ05-A07-R45-C2,2.5
SAAR Location,F2-PZ05-A07-R45-D1,2.5
SAAR Location,F2-PZ05-A07-R45-D2,2.5
SAAR Location,F2-PZ05-A07-R45-E1,2.5
SAAR Location,F2-PZ05-A07-R45-E2,2.5
SAAR Location,F2-PZ05-A07-R46-A1,2.5
SAAR Location,F2-PZ05-A07-R46-A2,2.5
SAAR Location,F2-PZ05-A07-R46-B1,2.5
SAAR Location,F2-PZ05-A07-R46-B2,2.5
SAAR Location,F2-PZ05-A07-R46-C1,2.5
SAAR Location,F2-PZ05-A07-R46-C2,2.5
SAAR Location,F2-PZ05-A07-R46-D1,2.5
SAAR Location,F2-PZ05-A07-R46-D2,2.5
SAAR Location,F2-PZ05-A07-R46-E1,2.5
SAAR Location,F2-PZ05-A07-R46-E2,2.5
SAAR Location,F2-PZ05-A07-R47-A1,2.5
SAAR Location,F2-PZ05-A07-R47-A2,2.5
SAAR Location,F2-PZ05-A07-R47-B1,2.5
SAAR Location,F2-PZ05-A07-R47-B2,2.5
SAAR Location,F2-PZ05-A07-R47-C1,2.5
SAAR Location,F2-PZ05-A07-R47-C2,2.5
SAAR Location,F2-PZ05-A07-R47-D1,2.5
SAAR Location,F2-PZ05-A07-R47-D2,2.5
SAAR Location,F2-PZ05-A07-R47-E1,2.5
SAAR Location,F2-PZ05-A07-R47-E2,2.5
SAAR Location,F2-PZ05-A07-R48-A1,2.5
SAAR Location,F2-PZ05-A07-R48-A2,2.5
SAAR Location,F2-PZ05-A07-R48-B1,2.5
SAAR Location,F2-PZ05-A07-R48-B2,2.5
SAAR Location,F2-PZ05-A07-R48-C1,2.5
SAAR Location,F2-PZ05-A07-R48-C2,2.5
SAAR Location,F2-PZ05-A07-R48-D1,2.5
SAAR Location,F2-PZ05-A07-R48-D2,2.5
SAAR Location,F2-PZ05-A07-R48-E1,2.5
SAAR Location,F2-PZ05-A07-R48-E2,2.5
SAAR Location,F2-PZ05-A07-R49-A1,2.5
SAAR Location,F2-PZ05-A07-R49-A2,2.5
SAAR Location,F2-PZ05-A07-R49-B1,2.5
SAAR Location,F2-PZ05-A07-R49-B2,2.5
SAAR Location,F2-PZ05-A07-R49-C1,2.5
SAAR Location,F2-PZ05-A07-R49-C2,2.5
SAAR Location,F2-PZ05-A07-R49-D1,2.5
SAAR Location,F2-PZ05-A07-R49-D2,2.5
SAAR Location,F2-PZ05-A07-R49-E1,2.5
SAAR Location,F2-PZ05-A07-R49-E2,2.5
SAAR Location,F2-PZ05-A07-R50-A1,2.5
SAAR Location,F2-PZ05-A07-R50-A2,2.5
SAAR Location,F2-PZ05-A07-R50-B1,2.5
SAAR Location,F2-PZ05-A07-R50-B2,2.5
SAAR Location,F2-PZ05-A07-R50-C1,2.5
SAAR Location,F2-PZ05-A07-R50-C2,2.5
SAAR Location,F2-PZ05-A07-R50-D1,2.5
SAAR Location,F2-PZ05-A07-R50-D2,2.5
SAAR Location,F2-PZ05-A07-R50-E1,2.5
SAAR Location,F2-PZ05-A07-R50-E2,2.5
SAAR Location,F2-PZ05-A07-R51-A1,2.5
SAAR Location,F2-PZ05-A07-R51-A2,2.5
SAAR Location,F2-PZ05-A07-R51-B1,2.5
SAAR Location,F2-PZ05-A07-R51-B2,2.5
SAAR Location,F2-PZ05-A07-R51-C1,2.5
SAAR Location,F2-PZ05-A07-R51-C2,2.5
SAAR Location,F2-PZ05-A07-R51-D1,2.5
SAAR Location,F2-PZ05-A07-R51-D2,2.5
SAAR Location,F2-PZ05-A07-R51-E1,2.5
SAAR Location,F2-PZ05-A07-R51-E2,2.5
SAAR Location,F2-PZ05-A07-R52-A1,2.5
SAAR Location,F2-PZ05-A07-R52-A2,2.5
SAAR Location,F2-PZ05-A07-R52-B1,2.5
SAAR Location,F2-PZ05-A07-R52-B2,2.5
SAAR Location,F2-PZ05-A07-R52-C1,2.5
SAAR Location,F2-PZ05-A07-R52-C2,2.5
SAAR Location,F2-PZ05-A07-R52-D1,2.5
SAAR Location,F2-PZ05-A07-R52-D2,2.5
SAAR Location,F2-PZ05-A07-R52-E1,2.5
SAAR Location,F2-PZ05-A07-R52-E2,2.5
SAAR Location,F2-PZ05-A08-R01-A1,2.5
SAAR Location,F2-PZ05-A08-R01-A2,2.5
SAAR Location,F2-PZ05-A08-R01-B1,2.5
SAAR Location,F2-PZ05-A08-R01-B2,2.5
SAAR Location,F2-PZ05-A08-R01-C1,2.5
SAAR Location,F2-PZ05-A08-R01-C2,2.5
SAAR Location,F2-PZ05-A08-R01-D1,2.5
SAAR Location,F2-PZ05-A08-R01-D2,2.5
SAAR Location,F2-PZ05-A08-R01-E1,2.5
SAAR Location,F2-PZ05-A08-R01-E2,2.5
SAAR Location,F2-PZ05-A08-R02-A1,2.5
SAAR Location,F2-PZ05-A08-R02-A2,2.5
SAAR Location,F2-PZ05-A08-R02-B1,2.5
SAAR Location,F2-PZ05-A08-R02-B2,2.5
SAAR Location,F2-PZ05-A08-R02-C1,2.5
SAAR Location,F2-PZ05-A08-R02-C2,2.5
SAAR Location,F2-PZ05-A08-R02-D1,2.5
SAAR Location,F2-PZ05-A08-R02-D2,2.5
SAAR Location,F2-PZ05-A08-R02-E1,2.5
SAAR Location,F2-PZ05-A08-R02-E2,2.5
SAAR Location,F2-PZ05-A08-R03-A1,2.5
SAAR Location,F2-PZ05-A08-R03-A2,2.5
SAAR Location,F2-PZ05-A08-R03-B1,2.5
SAAR Location,F2-PZ05-A08-R03-B2,2.5
SAAR Location,F2-PZ05-A08-R03-C1,2.5
SAAR Location,F2-PZ05-A08-R03-C2,2.5
SAAR Location,F2-PZ05-A08-R03-D1,2.5
SAAR Location,F2-PZ05-A08-R03-D2,2.5
SAAR Location,F2-PZ05-A08-R03-E1,2.5
SAAR Location,F2-PZ05-A08-R03-E2,2.5
SAAR Location,F2-PZ05-A08-R04-A1,2.5
SAAR Location,F2-PZ05-A08-R04-A2,2.5
SAAR Location,F2-PZ05-A08-R04-B1,2.5
SAAR Location,F2-PZ05-A08-R04-B2,2.5
SAAR Location,F2-PZ05-A08-R04-C1,2.5
SAAR Location,F2-PZ05-A08-R04-C2,2.5
SAAR Location,F2-PZ05-A08-R04-D1,2.5
SAAR Location,F2-PZ05-A08-R04-D2,2.5
SAAR Location,F2-PZ05-A08-R04-E1,2.5
SAAR Location,F2-PZ05-A08-R04-E2,2.5
SAAR Location,F2-PZ05-A08-R05-A1,2.5
SAAR Location,F2-PZ05-A08-R05-A2,2.5
SAAR Location,F2-PZ05-A08-R05-B1,2.5
SAAR Location,F2-PZ05-A08-R05-B2,2.5
SAAR Location,F2-PZ05-A08-R05-C1,2.5
SAAR Location,F2-PZ05-A08-R05-C2,2.5
SAAR Location,F2-PZ05-A08-R05-D1,2.5
SAAR Location,F2-PZ05-A08-R05-D2,2.5
SAAR Location,F2-PZ05-A08-R05-E1,2.5
SAAR Location,F2-PZ05-A08-R05-E2,2.5
SAAR Location,F2-PZ05-A08-R06-A1,2.5
SAAR Location,F2-PZ05-A08-R06-A2,2.5
SAAR Location,F2-PZ05-A08-R06-B1,2.5
SAAR Location,F2-PZ05-A08-R06-B2,2.5
SAAR Location,F2-PZ05-A08-R06-C1,2.5
SAAR Location,F2-PZ05-A08-R06-C2,2.5
SAAR Location,F2-PZ05-A08-R06-D1,2.5
SAAR Location,F2-PZ05-A08-R06-D2,2.5
SAAR Location,F2-PZ05-A08-R06-E1,2.5
SAAR Location,F2-PZ05-A08-R06-E2,2.5
SAAR Location,F2-PZ05-A08-R07-A1,2.5
SAAR Location,F2-PZ05-A08-R07-A2,2.5
SAAR Location,F2-PZ05-A08-R07-B1,2.5
SAAR Location,F2-PZ05-A08-R07-B2,2.5
SAAR Location,F2-PZ05-A08-R07-C1,2.5
SAAR Location,F2-PZ05-A08-R07-C2,2.5
SAAR Location,F2-PZ05-A08-R07-D1,2.5
SAAR Location,F2-PZ05-A08-R07-D2,2.5
SAAR Location,F2-PZ05-A08-R07-E1,2.5
SAAR Location,F2-PZ05-A08-R07-E2,2.5
SAAR Location,F2-PZ05-A08-R08-A1,2.5
SAAR Location,F2-PZ05-A08-R08-A2,2.5
SAAR Location,F2-PZ05-A08-R08-B1,2.5
SAAR Location,F2-PZ05-A08-R08-B2,2.5
SAAR Location,F2-PZ05-A08-R08-C1,2.5
SAAR Location,F2-PZ05-A08-R08-C2,2.5
SAAR Location,F2-PZ05-A08-R08-D1,2.5
SAAR Location,F2-PZ05-A08-R08-D2,2.5
SAAR Location,F2-PZ05-A08-R08-E1,2.5
SAAR Location,F2-PZ05-A08-R08-E2,2.5
SAAR Location,F2-PZ05-A08-R09-A1,2.5
SAAR Location,F2-PZ05-A08-R09-A2,2.5
SAAR Location,F2-PZ05-A08-R09-B1,2.5
SAAR Location,F2-PZ05-A08-R09-B2,2.5
SAAR Location,F2-PZ05-A08-R09-C1,2.5
SAAR Location,F2-PZ05-A08-R09-C2,2.5
SAAR Location,F2-PZ05-A08-R09-D1,2.5
SAAR Location,F2-PZ05-A08-R09-D2,2.5
SAAR Location,F2-PZ05-A08-R09-E1,2.5
SAAR Location,F2-PZ05-A08-R09-E2,2.5
SAAR Location,F2-PZ05-A08-R10-A1,2.5
SAAR Location,F2-PZ05-A08-R10-A2,2.5
SAAR Location,F2-PZ05-A08-R10-B1,2.5
SAAR Location,F2-PZ05-A08-R10-B2,2.5
SAAR Location,F2-PZ05-A08-R10-C1,2.5
SAAR Location,F2-PZ05-A08-R10-C2,2.5
SAAR Location,F2-PZ05-A08-R10-D1,2.5
SAAR Location,F2-PZ05-A08-R10-D2,2.5
SAAR Location,F2-PZ05-A08-R10-E1,2.5
SAAR Location,F2-PZ05-A08-R10-E2,2.5
SAAR Location,F2-PZ05-A08-R11-A1,2.5
SAAR Location,F2-PZ05-A08-R11-A2,2.5
SAAR Location,F2-PZ05-A08-R11-B1,2.5
SAAR Location,F2-PZ05-A08-R11-B2,2.5
SAAR Location,F2-PZ05-A08-R11-C1,2.5
SAAR Location,F2-PZ05-A08-R11-C2,2.5
SAAR Location,F2-PZ05-A08-R11-D1,2.5
SAAR Location,F2-PZ05-A08-R11-D2,2.5
SAAR Location,F2-PZ05-A08-R11-E1,2.5
SAAR Location,F2-PZ05-A08-R11-E2,2.5
SAAR Location,F2-PZ05-A08-R12-A1,2.5
SAAR Location,F2-PZ05-A08-R12-A2,2.5
SAAR Location,F2-PZ05-A08-R12-B1,2.5
SAAR Location,F2-PZ05-A08-R12-B2,2.5
SAAR Location,F2-PZ05-A08-R12-C1,2.5
SAAR Location,F2-PZ05-A08-R12-C2,2.5
SAAR Location,F2-PZ05-A08-R12-D1,2.5
SAAR Location,F2-PZ05-A08-R12-D2,2.5
SAAR Location,F2-PZ05-A08-R12-E1,2.5
SAAR Location,F2-PZ05-A08-R12-E2,2.5
SAAR Location,F2-PZ05-A08-R13-A1,2.5
SAAR Location,F2-PZ05-A08-R13-A2,2.5
SAAR Location,F2-PZ05-A08-R13-B1,2.5
SAAR Location,F2-PZ05-A08-R13-B2,2.5
SAAR Location,F2-PZ05-A08-R13-C1,2.5
SAAR Location,F2-PZ05-A08-R13-C2,2.5
SAAR Location,F2-PZ05-A08-R13-D1,2.5
SAAR Location,F2-PZ05-A08-R13-D2,2.5
SAAR Location,F2-PZ05-A08-R13-E1,2.5
SAAR Location,F2-PZ05-A08-R13-E2,2.5
SAAR Location,F2-PZ05-A08-R14-A1,2.5
SAAR Location,F2-PZ05-A08-R14-A2,2.5
SAAR Location,F2-PZ05-A08-R14-B1,2.5
SAAR Location,F2-PZ05-A08-R14-B2,2.5
SAAR Location,F2-PZ05-A08-R14-C1,2.5
SAAR Location,F2-PZ05-A08-R14-C2,2.5
SAAR Location,F2-PZ05-A08-R14-D1,2.5
SAAR Location,F2-PZ05-A08-R14-D2,2.5
SAAR Location,F2-PZ05-A08-R14-E1,2.5
SAAR Location,F2-PZ05-A08-R14-E2,2.5
SAAR Location,F2-PZ05-A08-R15-A1,2.5
SAAR Location,F2-PZ05-A08-R15-A2,2.5
SAAR Location,F2-PZ05-A08-R15-B1,2.5
SAAR Location,F2-PZ05-A08-R15-B2,2.5
SAAR Location,F2-PZ05-A08-R15-C1,2.5
SAAR Location,F2-PZ05-A08-R15-C2,2.5
SAAR Location,F2-PZ05-A08-R15-D1,2.5
SAAR Location,F2-PZ05-A08-R15-D2,2.5
SAAR Location,F2-PZ05-A08-R15-E1,2.5
SAAR Location,F2-PZ05-A08-R15-E2,2.5
SAAR Location,F2-PZ05-A08-R16-A1,2.5
SAAR Location,F2-PZ05-A08-R16-A2,2.5
SAAR Location,F2-PZ05-A08-R16-B1,2.5
SAAR Location,F2-PZ05-A08-R16-B2,2.5
SAAR Location,F2-PZ05-A08-R16-C1,2.5
SAAR Location,F2-PZ05-A08-R16-C2,2.5
SAAR Location,F2-PZ05-A08-R16-D1,2.5
SAAR Location,F2-PZ05-A08-R16-D2,2.5
SAAR Location,F2-PZ05-A08-R16-E1,2.5
SAAR Location,F2-PZ05-A08-R16-E2,2.5
SAAR Location,F2-PZ05-A08-R17-A1,2.5
SAAR Location,F2-PZ05-A08-R17-A2,2.5
SAAR Location,F2-PZ05-A08-R17-B1,2.5
SAAR Location,F2-PZ05-A08-R17-B2,2.5
SAAR Location,F2-PZ05-A08-R17-C1,2.5
SAAR Location,F2-PZ05-A08-R17-C2,2.5
SAAR Location,F2-PZ05-A08-R17-D1,2.5
SAAR Location,F2-PZ05-A08-R17-D2,2.5
SAAR Location,F2-PZ05-A08-R17-E1,2.5
SAAR Location,F2-PZ05-A08-R17-E2,2.5
SAAR Location,F2-PZ05-A08-R18-A1,2.5
SAAR Location,F2-PZ05-A08-R18-A2,2.5
SAAR Location,F2-PZ05-A08-R18-B1,2.5
SAAR Location,F2-PZ05-A08-R18-B2,2.5
SAAR Location,F2-PZ05-A08-R18-C1,2.5
SAAR Location,F2-PZ05-A08-R18-C2,2.5
SAAR Location,F2-PZ05-A08-R18-D1,2.5
SAAR Location,F2-PZ05-A08-R18-D2,2.5
SAAR Location,F2-PZ05-A08-R18-E1,2.5
SAAR Location,F2-PZ05-A08-R18-E2,2.5
SAAR Location,F2-PZ05-A08-R19-A1,2.5
SAAR Location,F2-PZ05-A08-R19-A2,2.5
SAAR Location,F2-PZ05-A08-R19-B1,2.5
SAAR Location,F2-PZ05-A08-R19-B2,2.5
SAAR Location,F2-PZ05-A08-R19-C1,2.5
SAAR Location,F2-PZ05-A08-R19-C2,2.5
SAAR Location,F2-PZ05-A08-R19-D1,2.5
SAAR Location,F2-PZ05-A08-R19-D2,2.5
SAAR Location,F2-PZ05-A08-R19-E1,2.5
SAAR Location,F2-PZ05-A08-R19-E2,2.5
SAAR Location,F2-PZ05-A08-R20-A1,2.5
SAAR Location,F2-PZ05-A08-R20-A2,2.5
SAAR Location,F2-PZ05-A08-R20-B1,2.5
SAAR Location,F2-PZ05-A08-R20-B2,2.5
SAAR Location,F2-PZ05-A08-R20-C1,2.5
SAAR Location,F2-PZ05-A08-R20-C2,2.5
SAAR Location,F2-PZ05-A08-R20-D1,2.5
SAAR Location,F2-PZ05-A08-R20-D2,2.5
SAAR Location,F2-PZ05-A08-R20-E1,2.5
SAAR Location,F2-PZ05-A08-R20-E2,2.5
SAAR Location,F2-PZ05-A08-R21-A1,2.5
SAAR Location,F2-PZ05-A08-R21-A2,2.5
SAAR Location,F2-PZ05-A08-R21-B1,2.5
SAAR Location,F2-PZ05-A08-R21-B2,2.5
SAAR Location,F2-PZ05-A08-R21-C1,2.5
SAAR Location,F2-PZ05-A08-R21-C2,2.5
SAAR Location,F2-PZ05-A08-R21-D1,2.5
SAAR Location,F2-PZ05-A08-R21-D2,2.5
SAAR Location,F2-PZ05-A08-R21-E1,2.5
SAAR Location,F2-PZ05-A08-R21-E2,2.5
SAAR Location,F2-PZ05-A08-R22-A1,2.5
SAAR Location,F2-PZ05-A08-R22-A2,2.5
SAAR Location,F2-PZ05-A08-R22-B1,2.5
SAAR Location,F2-PZ05-A08-R22-B2,2.5
SAAR Location,F2-PZ05-A08-R22-C1,2.5
SAAR Location,F2-PZ05-A08-R22-C2,2.5
SAAR Location,F2-PZ05-A08-R22-D1,2.5
SAAR Location,F2-PZ05-A08-R22-D2,2.5
SAAR Location,F2-PZ05-A08-R22-E1,2.5
SAAR Location,F2-PZ05-A08-R22-E2,2.5
SAAR Location,F2-PZ05-A08-R23-A1,2.5
SAAR Location,F2-PZ05-A08-R23-A2,2.5
SAAR Location,F2-PZ05-A08-R23-B1,2.5
SAAR Location,F2-PZ05-A08-R23-B2,2.5
SAAR Location,F2-PZ05-A08-R23-C1,2.5
SAAR Location,F2-PZ05-A08-R23-C2,2.5
SAAR Location,F2-PZ05-A08-R23-D1,2.5
SAAR Location,F2-PZ05-A08-R23-D2,2.5
SAAR Location,F2-PZ05-A08-R23-E1,2.5
SAAR Location,F2-PZ05-A08-R23-E2,2.5
SAAR Location,F2-PZ05-A08-R24-A1,2.5
SAAR Location,F2-PZ05-A08-R24-A2,2.5
SAAR Location,F2-PZ05-A08-R24-B1,2.5
SAAR Location,F2-PZ05-A08-R24-B2,2.5
SAAR Location,F2-PZ05-A08-R24-C1,2.5
SAAR Location,F2-PZ05-A08-R24-C2,2.5
SAAR Location,F2-PZ05-A08-R24-D1,2.5
SAAR Location,F2-PZ05-A08-R24-D2,2.5
SAAR Location,F2-PZ05-A08-R24-E1,2.5
SAAR Location,F2-PZ05-A08-R24-E2,2.5
SAAR Location,F2-PZ05-A08-R25-A1,2.5
SAAR Location,F2-PZ05-A08-R25-A2,2.5
SAAR Location,F2-PZ05-A08-R25-B1,2.5
SAAR Location,F2-PZ05-A08-R25-B2,2.5
SAAR Location,F2-PZ05-A08-R25-C1,2.5
SAAR Location,F2-PZ05-A08-R25-C2,2.5
SAAR Location,F2-PZ05-A08-R25-D1,2.5
SAAR Location,F2-PZ05-A08-R25-D2,2.5
SAAR Location,F2-PZ05-A08-R25-E1,2.5
SAAR Location,F2-PZ05-A08-R25-E2,2.5
SAAR Location,F2-PZ05-A08-R26-A1,2.5
SAAR Location,F2-PZ05-A08-R26-A2,2.5
SAAR Location,F2-PZ05-A08-R26-B1,2.5
SAAR Location,F2-PZ05-A08-R26-B2,2.5
SAAR Location,F2-PZ05-A08-R26-C1,2.5
SAAR Location,F2-PZ05-A08-R26-C2,2.5
SAAR Location,F2-PZ05-A08-R26-D1,2.5
SAAR Location,F2-PZ05-A08-R26-D2,2.5
SAAR Location,F2-PZ05-A08-R26-E1,2.5
SAAR Location,F2-PZ05-A08-R26-E2,2.5
SAAR Location,F2-PZ05-A09-R01-A1,2.5
SAAR Location,F2-PZ05-A09-R01-A2,2.5
SAAR Location,F2-PZ05-A09-R01-B1,2.5
SAAR Location,F2-PZ05-A09-R01-B2,2.5
SAAR Location,F2-PZ05-A09-R01-C1,2.5
SAAR Location,F2-PZ05-A09-R01-C2,2.5
SAAR Location,F2-PZ05-A09-R01-D1,2.5
SAAR Location,F2-PZ05-A09-R01-D2,2.5
SAAR Location,F2-PZ05-A09-R01-E1,2.5
SAAR Location,F2-PZ05-A09-R01-E2,2.5
SAAR Location,F2-PZ05-A09-R02-A1,2.5
SAAR Location,F2-PZ05-A09-R02-A2,2.5
SAAR Location,F2-PZ05-A09-R02-B1,2.5
SAAR Location,F2-PZ05-A09-R02-B2,2.5
SAAR Location,F2-PZ05-A09-R02-C1,2.5
SAAR Location,F2-PZ05-A09-R02-C2,2.5
SAAR Location,F2-PZ05-A09-R02-D1,2.5
SAAR Location,F2-PZ05-A09-R02-D2,2.5
SAAR Location,F2-PZ05-A09-R02-E1,2.5
SAAR Location,F2-PZ05-A09-R02-E2,2.5
SAAR Location,F2-PZ05-A09-R03-A1,2.5
SAAR Location,F2-PZ05-A09-R03-A2,2.5
SAAR Location,F2-PZ05-A09-R03-B1,2.5
SAAR Location,F2-PZ05-A09-R03-B2,2.5
SAAR Location,F2-PZ05-A09-R03-C1,2.5
SAAR Location,F2-PZ05-A09-R03-C2,2.5
SAAR Location,F2-PZ05-A09-R03-D1,2.5
SAAR Location,F2-PZ05-A09-R03-D2,2.5
SAAR Location,F2-PZ05-A09-R03-E1,2.5
SAAR Location,F2-PZ05-A09-R03-E2,2.5
SAAR Location,F2-PZ05-A09-R04-A1,2.5
SAAR Location,F2-PZ05-A09-R04-A2,2.5
SAAR Location,F2-PZ05-A09-R04-B1,2.5
SAAR Location,F2-PZ05-A09-R04-B2,2.5
SAAR Location,F2-PZ05-A09-R04-C1,2.5
SAAR Location,F2-PZ05-A09-R04-C2,2.5
SAAR Location,F2-PZ05-A09-R04-D1,2.5
SAAR Location,F2-PZ05-A09-R04-D2,2.5
SAAR Location,F2-PZ05-A09-R04-E1,2.5
SAAR Location,F2-PZ05-A09-R04-E2,2.5
SAAR Location,F2-PZ05-A09-R05-A1,2.5
SAAR Location,F2-PZ05-A09-R05-A2,2.5
SAAR Location,F2-PZ05-A09-R05-B1,2.5
SAAR Location,F2-PZ05-A09-R05-B2,2.5
SAAR Location,F2-PZ05-A09-R05-C1,2.5
SAAR Location,F2-PZ05-A09-R05-C2,2.5
SAAR Location,F2-PZ05-A09-R05-D1,2.5
SAAR Location,F2-PZ05-A09-R05-D2,2.5
SAAR Location,F2-PZ05-A09-R05-E1,2.5
SAAR Location,F2-PZ05-A09-R05-E2,2.5
SAAR Location,F2-PZ05-A09-R06-A1,2.5
SAAR Location,F2-PZ05-A09-R06-A2,2.5
SAAR Location,F2-PZ05-A09-R06-B1,2.5
SAAR Location,F2-PZ05-A09-R06-B2,2.5
SAAR Location,F2-PZ05-A09-R06-C1,2.5
SAAR Location,F2-PZ05-A09-R06-C2,2.5
SAAR Location,F2-PZ05-A09-R06-D1,2.5
SAAR Location,F2-PZ05-A09-R06-D2,2.5
SAAR Location,F2-PZ05-A09-R06-E1,2.5
SAAR Location,F2-PZ05-A09-R06-E2,2.5
SAAR Location,F2-PZ05-A09-R07-A1,2.5
SAAR Location,F2-PZ05-A09-R07-A2,2.5
SAAR Location,F2-PZ05-A09-R07-B1,2.5
SAAR Location,F2-PZ05-A09-R07-B2,2.5
SAAR Location,F2-PZ05-A09-R07-C1,2.5
SAAR Location,F2-PZ05-A09-R07-C2,2.5
SAAR Location,F2-PZ05-A09-R07-D1,2.5
SAAR Location,F2-PZ05-A09-R07-D2,2.5
SAAR Location,F2-PZ05-A09-R07-E1,2.5
SAAR Location,F2-PZ05-A09-R07-E2,2.5
SAAR Location,F2-PZ05-A09-R08-A1,2.5
SAAR Location,F2-PZ05-A09-R08-A2,2.5
SAAR Location,F2-PZ05-A09-R08-B1,2.5
SAAR Location,F2-PZ05-A09-R08-B2,2.5
SAAR Location,F2-PZ05-A09-R08-C1,2.5
SAAR Location,F2-PZ05-A09-R08-C2,2.5
SAAR Location,F2-PZ05-A09-R08-D1,2.5
SAAR Location,F2-PZ05-A09-R08-D2,2.5
SAAR Location,F2-PZ05-A09-R08-E1,2.5
SAAR Location,F2-PZ05-A09-R08-E2,2.5
SAAR Location,F2-PZ05-A09-R09-A1,2.5
SAAR Location,F2-PZ05-A09-R09-A2,2.5
SAAR Location,F2-PZ05-A09-R09-B1,2.5
SAAR Location,F2-PZ05-A09-R09-B2,2.5
SAAR Location,F2-PZ05-A09-R09-C1,2.5
SAAR Location,F2-PZ05-A09-R09-C2,2.5
SAAR Location,F2-PZ05-A09-R09-D1,2.5
SAAR Location,F2-PZ05-A09-R09-D2,2.5
SAAR Location,F2-PZ05-A09-R09-E1,2.5
SAAR Location,F2-PZ05-A09-R09-E2,2.5
SAAR Location,F2-PZ05-A09-R10-A1,2.5
SAAR Location,F2-PZ05-A09-R10-A2,2.5
SAAR Location,F2-PZ05-A09-R10-B1,2.5
SAAR Location,F2-PZ05-A09-R10-B2,2.5
SAAR Location,F2-PZ05-A09-R10-C1,2.5
SAAR Location,F2-PZ05-A09-R10-C2,2.5
SAAR Location,F2-PZ05-A09-R10-D1,2.5
SAAR Location,F2-PZ05-A09-R10-D2,2.5
SAAR Location,F2-PZ05-A09-R10-E1,2.5
SAAR Location,F2-PZ05-A09-R10-E2,2.5
SAAR Location,F2-PZ05-A09-R11-A1,2.5
SAAR Location,F2-PZ05-A09-R11-A2,2.5
SAAR Location,F2-PZ05-A09-R11-B1,2.5
SAAR Location,F2-PZ05-A09-R11-B2,2.5
SAAR Location,F2-PZ05-A09-R11-C1,2.5
SAAR Location,F2-PZ05-A09-R11-C2,2.5
SAAR Location,F2-PZ05-A09-R11-D1,2.5
SAAR Location,F2-PZ05-A09-R11-D2,2.5
SAAR Location,F2-PZ05-A09-R11-E1,2.5
SAAR Location,F2-PZ05-A09-R11-E2,2.5
SAAR Location,F2-PZ05-A09-R12-A1,2.5
SAAR Location,F2-PZ05-A09-R12-A2,2.5
SAAR Location,F2-PZ05-A09-R12-B1,2.5
SAAR Location,F2-PZ05-A09-R12-B2,2.5
SAAR Location,F2-PZ05-A09-R12-C1,2.5
SAAR Location,F2-PZ05-A09-R12-C2,2.5
SAAR Location,F2-PZ05-A09-R12-D1,2.5
SAAR Location,F2-PZ05-A09-R12-D2,2.5
SAAR Location,F2-PZ05-A09-R12-E1,2.5
SAAR Location,F2-PZ05-A09-R12-E2,2.5
SAAR Location,F2-PZ05-A09-R13-A1,2.5
SAAR Location,F2-PZ05-A09-R13-A2,2.5
SAAR Location,F2-PZ05-A09-R13-B1,2.5
SAAR Location,F2-PZ05-A09-R13-B2,2.5
SAAR Location,F2-PZ05-A09-R13-C1,2.5
SAAR Location,F2-PZ05-A09-R13-C2,2.5
SAAR Location,F2-PZ05-A09-R13-D1,2.5
SAAR Location,F2-PZ05-A09-R13-D2,2.5
SAAR Location,F2-PZ05-A09-R13-E1,2.5
SAAR Location,F2-PZ05-A09-R13-E2,2.5
SAAR Location,F2-PZ05-A09-R14-A1,2.5
SAAR Location,F2-PZ05-A09-R14-A2,2.5
SAAR Location,F2-PZ05-A09-R14-B1,2.5
SAAR Location,F2-PZ05-A09-R14-B2,2.5
SAAR Location,F2-PZ05-A09-R14-C1,2.5
SAAR Location,F2-PZ05-A09-R14-C2,2.5
SAAR Location,F2-PZ05-A09-R14-D1,2.5
SAAR Location,F2-PZ05-A09-R14-D2,2.5
SAAR Location,F2-PZ05-A09-R14-E1,2.5
SAAR Location,F2-PZ05-A09-R14-E2,2.5
SAAR Location,F2-PZ05-A09-R15-A1,2.5
SAAR Location,F2-PZ05-A09-R15-A2,2.5
SAAR Location,F2-PZ05-A09-R15-B1,2.5
SAAR Location,F2-PZ05-A09-R15-B2,2.5
SAAR Location,F2-PZ05-A09-R15-C1,2.5
SAAR Location,F2-PZ05-A09-R15-C2,2.5
SAAR Location,F2-PZ05-A09-R15-D1,2.5
SAAR Location,F2-PZ05-A09-R15-D2,2.5
SAAR Location,F2-PZ05-A09-R15-E1,2.5
SAAR Location,F2-PZ05-A09-R15-E2,2.5
SAAR Location,F2-PZ05-A09-R16-A1,2.5
SAAR Location,F2-PZ05-A09-R16-A2,2.5
SAAR Location,F2-PZ05-A09-R16-B1,2.5
SAAR Location,F2-PZ05-A09-R16-B2,2.5
SAAR Location,F2-PZ05-A09-R16-C1,2.5
SAAR Location,F2-PZ05-A09-R16-C2,2.5
SAAR Location,F2-PZ05-A09-R16-D1,2.5
SAAR Location,F2-PZ05-A09-R16-D2,2.5
SAAR Location,F2-PZ05-A09-R16-E1,2.5
SAAR Location,F2-PZ05-A09-R16-E2,2.5
SAAR Location,F2-PZ05-A09-R17-A1,2.5
SAAR Location,F2-PZ05-A09-R17-A2,2.5
SAAR Location,F2-PZ05-A09-R17-B1,2.5
SAAR Location,F2-PZ05-A09-R17-B2,2.5
SAAR Location,F2-PZ05-A09-R17-C1,2.5
SAAR Location,F2-PZ05-A09-R17-C2,2.5
SAAR Location,F2-PZ05-A09-R17-D1,2.5
SAAR Location,F2-PZ05-A09-R17-D2,2.5
SAAR Location,F2-PZ05-A09-R17-E1,2.5
SAAR Location,F2-PZ05-A09-R17-E2,2.5
SAAR Location,F2-PZ05-A09-R18-A1,2.5
SAAR Location,F2-PZ05-A09-R18-A2,2.5
SAAR Location,F2-PZ05-A09-R18-B1,2.5
SAAR Location,F2-PZ05-A09-R18-B2,2.5
SAAR Location,F2-PZ05-A09-R18-C1,2.5
SAAR Location,F2-PZ05-A09-R18-C2,2.5
SAAR Location,F2-PZ05-A09-R18-D1,2.5
SAAR Location,F2-PZ05-A09-R18-D2,2.5
SAAR Location,F2-PZ05-A09-R18-E1,2.5
SAAR Location,F2-PZ05-A09-R18-E2,2.5
SAAR Location,F2-PZ05-A09-R19-A1,2.5
SAAR Location,F2-PZ05-A09-R19-A2,2.5
SAAR Location,F2-PZ05-A09-R19-B1,2.5
SAAR Location,F2-PZ05-A09-R19-B2,2.5
SAAR Location,F2-PZ05-A09-R19-C1,2.5
SAAR Location,F2-PZ05-A09-R19-C2,2.5
SAAR Location,F2-PZ05-A09-R19-D1,2.5
SAAR Location,F2-PZ05-A09-R19-D2,2.5
SAAR Location,F2-PZ05-A09-R19-E1,2.5
SAAR Location,F2-PZ05-A09-R19-E2,2.5
SAAR Location,F2-PZ05-A09-R20-A1,2.5
SAAR Location,F2-PZ05-A09-R20-A2,2.5
SAAR Location,F2-PZ05-A09-R20-B1,2.5
SAAR Location,F2-PZ05-A09-R20-B2,2.5
SAAR Location,F2-PZ05-A09-R20-C1,2.5
SAAR Location,F2-PZ05-A09-R20-C2,2.5
SAAR Location,F2-PZ05-A09-R20-D1,2.5
SAAR Location,F2-PZ05-A09-R20-D2,2.5
SAAR Location,F2-PZ05-A09-R20-E1,2.5
SAAR Location,F2-PZ05-A09-R20-E2,2.5
SAAR Location,F2-PZ05-A09-R21-A1,2.5
SAAR Location,F2-PZ05-A09-R21-A2,2.5
SAAR Location,F2-PZ05-A09-R21-B1,2.5
SAAR Location,F2-PZ05-A09-R21-B2,2.5
SAAR Location,F2-PZ05-A09-R21-C1,2.5
SAAR Location,F2-PZ05-A09-R21-C2,2.5
SAAR Location,F2-PZ05-A09-R21-D1,2.5
SAAR Location,F2-PZ05-A09-R21-D2,2.5
SAAR Location,F2-PZ05-A09-R21-E1,2.5
SAAR Location,F2-PZ05-A09-R21-E2,2.5
SAAR Location,F2-PZ05-A09-R22-A1,2.5
SAAR Location,F2-PZ05-A09-R22-A2,2.5
SAAR Location,F2-PZ05-A09-R22-B1,2.5
SAAR Location,F2-PZ05-A09-R22-B2,2.5
SAAR Location,F2-PZ05-A09-R22-C1,2.5
SAAR Location,F2-PZ05-A09-R22-C2,2.5
SAAR Location,F2-PZ05-A09-R22-D1,2.5
SAAR Location,F2-PZ05-A09-R22-D2,2.5
SAAR Location,F2-PZ05-A09-R22-E1,2.5
SAAR Location,F2-PZ05-A09-R22-E2,2.5
SAAR Location,F2-PZ05-A09-R23-A1,2.5
SAAR Location,F2-PZ05-A09-R23-A2,2.5
SAAR Location,F2-PZ05-A09-R23-B1,2.5
SAAR Location,F2-PZ05-A09-R23-B2,2.5
SAAR Location,F2-PZ05-A09-R23-C1,2.5
SAAR Location,F2-PZ05-A09-R23-C2,2.5
SAAR Location,F2-PZ05-A09-R23-D1,2.5
SAAR Location,F2-PZ05-A09-R23-D2,2.5
SAAR Location,F2-PZ05-A09-R23-E1,2.5
SAAR Location,F2-PZ05-A09-R23-E2,2.5
SAAR Location,F2-PZ05-A09-R24-A1,2.5
SAAR Location,F2-PZ05-A09-R24-A2,2.5
SAAR Location,F2-PZ05-A09-R24-B1,2.5
SAAR Location,F2-PZ05-A09-R24-B2,2.5
SAAR Location,F2-PZ05-A09-R24-C1,2.5
SAAR Location,F2-PZ05-A09-R24-C2,2.5
SAAR Location,F2-PZ05-A09-R24-D1,2.5
SAAR Location,F2-PZ05-A09-R24-D2,2.5
SAAR Location,F2-PZ05-A09-R24-E1,2.5
SAAR Location,F2-PZ05-A09-R24-E2,2.5
SAAR Location,F2-PZ05-A09-R25-A1,2.5
SAAR Location,F2-PZ05-A09-R25-A2,2.5
SAAR Location,F2-PZ05-A09-R25-B1,2.5
SAAR Location,F2-PZ05-A09-R25-B2,2.5
SAAR Location,F2-PZ05-A09-R25-C1,2.5
SAAR Location,F2-PZ05-A09-R25-C2,2.5
SAAR Location,F2-PZ05-A09-R25-D1,2.5
SAAR Location,F2-PZ05-A09-R25-D2,2.5
SAAR Location,F2-PZ05-A09-R25-E1,2.5
SAAR Location,F2-PZ05-A09-R25-E2,2.5
SAAR Location,F2-PZ05-A09-R26-A1,2.5
SAAR Location,F2-PZ05-A09-R26-A2,2.5
SAAR Location,F2-PZ05-A09-R26-B1,2.5
SAAR Location,F2-PZ05-A09-R26-B2,2.5
SAAR Location,F2-PZ05-A09-R26-C1,2.5
SAAR Location,F2-PZ05-A09-R26-C2,2.5
SAAR Location,F2-PZ05-A09-R26-D1,2.5
SAAR Location,F2-PZ05-A09-R26-D2,2.5
SAAR Location,F2-PZ05-A09-R26-E1,2.5
SAAR Location,F2-PZ05-A09-R26-E2,2.5
SAAR Location,F2-PZ05-A09-R27-A1,2.5
SAAR Location,F2-PZ05-A09-R27-A2,2.5
SAAR Location,F2-PZ05-A09-R27-B1,2.5
SAAR Location,F2-PZ05-A09-R27-B2,2.5
SAAR Location,F2-PZ05-A09-R27-C1,2.5
SAAR Location,F2-PZ05-A09-R27-C2,2.5
SAAR Location,F2-PZ05-A09-R27-D1,2.5
SAAR Location,F2-PZ05-A09-R27-D2,2.5
SAAR Location,F2-PZ05-A09-R27-E1,2.5
SAAR Location,F2-PZ05-A09-R27-E2,2.5
SAAR Location,F2-PZ05-A09-R28-A1,2.5
SAAR Location,F2-PZ05-A09-R28-A2,2.5
SAAR Location,F2-PZ05-A09-R28-B1,2.5
SAAR Location,F2-PZ05-A09-R28-B2,2.5
SAAR Location,F2-PZ05-A09-R28-C1,2.5
SAAR Location,F2-PZ05-A09-R28-C2,2.5
SAAR Location,F2-PZ05-A09-R28-D1,2.5
SAAR Location,F2-PZ05-A09-R28-D2,2.5
SAAR Location,F2-PZ05-A09-R28-E1,2.5
SAAR Location,F2-PZ05-A09-R28-E2,2.5
SAAR Location,F2-PZ05-A09-R29-A1,2.5
SAAR Location,F2-PZ05-A09-R29-A2,2.5
SAAR Location,F2-PZ05-A09-R29-B1,2.5
SAAR Location,F2-PZ05-A09-R29-B2,2.5
SAAR Location,F2-PZ05-A09-R29-C1,2.5
SAAR Location,F2-PZ05-A09-R29-C2,2.5
SAAR Location,F2-PZ05-A09-R29-D1,2.5
SAAR Location,F2-PZ05-A09-R29-D2,2.5
SAAR Location,F2-PZ05-A09-R29-E1,2.5
SAAR Location,F2-PZ05-A09-R29-E2,2.5
SAAR Location,F2-PZ05-A09-R30-A1,2.5
SAAR Location,F2-PZ05-A09-R30-A2,2.5
SAAR Location,F2-PZ05-A09-R30-B1,2.5
SAAR Location,F2-PZ05-A09-R30-B2,2.5
SAAR Location,F2-PZ05-A09-R30-C1,2.5
SAAR Location,F2-PZ05-A09-R30-C2,2.5
SAAR Location,F2-PZ05-A09-R30-D1,2.5
SAAR Location,F2-PZ05-A09-R30-D2,2.5
SAAR Location,F2-PZ05-A09-R30-E1,2.5
SAAR Location,F2-PZ05-A09-R30-E2,2.5
SAAR Location,F2-PZ05-A09-R31-A1,2.5
SAAR Location,F2-PZ05-A09-R31-A2,2.5
SAAR Location,F2-PZ05-A09-R31-B1,2.5
SAAR Location,F2-PZ05-A09-R31-B2,2.5
SAAR Location,F2-PZ05-A09-R31-C1,2.5
SAAR Location,F2-PZ05-A09-R31-C2,2.5
SAAR Location,F2-PZ05-A09-R31-D1,2.5
SAAR Location,F2-PZ05-A09-R31-D2,2.5
SAAR Location,F2-PZ05-A09-R31-E1,2.5
SAAR Location,F2-PZ05-A09-R31-E2,2.5
SAAR Location,F2-PZ05-A09-R32-A1,2.5
SAAR Location,F2-PZ05-A09-R32-A2,2.5
SAAR Location,F2-PZ05-A09-R32-B1,2.5
SAAR Location,F2-PZ05-A09-R32-B2,2.5
SAAR Location,F2-PZ05-A09-R32-C1,2.5
SAAR Location,F2-PZ05-A09-R32-C2,2.5
SAAR Location,F2-PZ05-A09-R32-D1,2.5
SAAR Location,F2-PZ05-A09-R32-D2,2.5
SAAR Location,F2-PZ05-A09-R32-E1,2.5
SAAR Location,F2-PZ05-A09-R32-E2,2.5
SAAR Location,F2-PZ05-A09-R33-A1,2.5
SAAR Location,F2-PZ05-A09-R33-A2,2.5
SAAR Location,F2-PZ05-A09-R33-B1,2.5
SAAR Location,F2-PZ05-A09-R33-B2,2.5
SAAR Location,F2-PZ05-A09-R33-C1,2.5
SAAR Location,F2-PZ05-A09-R33-C2,2.5
SAAR Location,F2-PZ05-A09-R33-D1,2.5
SAAR Location,F2-PZ05-A09-R33-D2,2.5
SAAR Location,F2-PZ05-A09-R33-E1,2.5
SAAR Location,F2-PZ05-A09-R33-E2,2.5
SAAR Location,F2-PZ05-A09-R34-A1,2.5
SAAR Location,F2-PZ05-A09-R34-A2,2.5
SAAR Location,F2-PZ05-A09-R34-B1,2.5
SAAR Location,F2-PZ05-A09-R34-B2,2.5
SAAR Location,F2-PZ05-A09-R34-C1,2.5
SAAR Location,F2-PZ05-A09-R34-C2,2.5
SAAR Location,F2-PZ05-A09-R34-D1,2.5
SAAR Location,F2-PZ05-A09-R34-D2,2.5
SAAR Location,F2-PZ05-A09-R34-E1,2.5
SAAR Location,F2-PZ05-A09-R34-E2,2.5
SAAR Location,F2-PZ05-A10-R01-A1,2.5
SAAR Location,F2-PZ05-A10-R01-A2,2.5
SAAR Location,F2-PZ05-A10-R01-B1,2.5
SAAR Location,F2-PZ05-A10-R01-B2,2.5
SAAR Location,F2-PZ05-A10-R01-C1,2.5
SAAR Location,F2-PZ05-A10-R01-C2,2.5
SAAR Location,F2-PZ05-A10-R01-D1,2.5
SAAR Location,F2-PZ05-A10-R01-D2,2.5
SAAR Location,F2-PZ05-A10-R01-E1,2.5
SAAR Location,F2-PZ05-A10-R01-E2,2.5
SAAR Location,F2-PZ05-A10-R02-A1,2.5
SAAR Location,F2-PZ05-A10-R02-A2,2.5
SAAR Location,F2-PZ05-A10-R02-B1,2.5
SAAR Location,F2-PZ05-A10-R02-B2,2.5
SAAR Location,F2-PZ05-A10-R02-C1,2.5
SAAR Location,F2-PZ05-A10-R02-C2,2.5
SAAR Location,F2-PZ05-A10-R02-D1,2.5
SAAR Location,F2-PZ05-A10-R02-D2,2.5
SAAR Location,F2-PZ05-A10-R02-E1,2.5
SAAR Location,F2-PZ05-A10-R02-E2,2.5
SAAR Location,F2-PZ05-A10-R03-A1,2.5
SAAR Location,F2-PZ05-A10-R03-A2,2.5
SAAR Location,F2-PZ05-A10-R03-B1,2.5
SAAR Location,F2-PZ05-A10-R03-B2,2.5
SAAR Location,F2-PZ05-A10-R03-C1,2.5
SAAR Location,F2-PZ05-A10-R03-C2,2.5
SAAR Location,F2-PZ05-A10-R03-D1,2.5
SAAR Location,F2-PZ05-A10-R03-D2,2.5
SAAR Location,F2-PZ05-A10-R03-E1,2.5
SAAR Location,F2-PZ05-A10-R03-E2,2.5
SAAR Location,F2-PZ05-A10-R04-A1,2.5
SAAR Location,F2-PZ05-A10-R04-A2,2.5
SAAR Location,F2-PZ05-A10-R04-B1,2.5
SAAR Location,F2-PZ05-A10-R04-B2,2.5
SAAR Location,F2-PZ05-A10-R04-C1,2.5
SAAR Location,F2-PZ05-A10-R04-C2,2.5
SAAR Location,F2-PZ05-A10-R04-D1,2.5
SAAR Location,F2-PZ05-A10-R04-D2,2.5
SAAR Location,F2-PZ05-A10-R04-E1,2.5
SAAR Location,F2-PZ05-A10-R04-E2,2.5
SAAR Location,F2-PZ05-A10-R05-A1,2.5
SAAR Location,F2-PZ05-A10-R05-A2,2.5
SAAR Location,F2-PZ05-A10-R05-B1,2.5
SAAR Location,F2-PZ05-A10-R05-B2,2.5
SAAR Location,F2-PZ05-A10-R05-C1,2.5
SAAR Location,F2-PZ05-A10-R05-C2,2.5
SAAR Location,F2-PZ05-A10-R05-D1,2.5
SAAR Location,F2-PZ05-A10-R05-D2,2.5
SAAR Location,F2-PZ05-A10-R05-E1,2.5
SAAR Location,F2-PZ05-A10-R05-E2,2.5
SAAR Location,F2-PZ05-A10-R06-A1,2.5
SAAR Location,F2-PZ05-A10-R06-A2,2.5
SAAR Location,F2-PZ05-A10-R06-B1,2.5
SAAR Location,F2-PZ05-A10-R06-B2,2.5
SAAR Location,F2-PZ05-A10-R06-C1,2.5
SAAR Location,F2-PZ05-A10-R06-C2,2.5
SAAR Location,F2-PZ05-A10-R06-D1,2.5
SAAR Location,F2-PZ05-A10-R06-D2,2.5
SAAR Location,F2-PZ05-A10-R06-E1,2.5
SAAR Location,F2-PZ05-A10-R06-E2,2.5
SAAR Location,F2-PZ05-A10-R07-A1,2.5
SAAR Location,F2-PZ05-A10-R07-A2,2.5
SAAR Location,F2-PZ05-A10-R07-B1,2.5
SAAR Location,F2-PZ05-A10-R07-B2,2.5
SAAR Location,F2-PZ05-A10-R07-C1,2.5
SAAR Location,F2-PZ05-A10-R07-C2,2.5
SAAR Location,F2-PZ05-A10-R07-D1,2.5
SAAR Location,F2-PZ05-A10-R07-D2,2.5
SAAR Location,F2-PZ05-A10-R07-E1,2.5
SAAR Location,F2-PZ05-A10-R07-E2,2.5
SAAR Location,F2-PZ05-A10-R08-A1,2.5
SAAR Location,F2-PZ05-A10-R08-A2,2.5
SAAR Location,F2-PZ05-A10-R08-B1,2.5
SAAR Location,F2-PZ05-A10-R08-B2,2.5
SAAR Location,F2-PZ05-A10-R08-C1,2.5
SAAR Location,F2-PZ05-A10-R08-C2,2.5
SAAR Location,F2-PZ05-A10-R08-D1,2.5
SAAR Location,F2-PZ05-A10-R08-D2,2.5
SAAR Location,F2-PZ05-A10-R08-E1,2.5
SAAR Location,F2-PZ05-A10-R08-E2,2.5
SAAR Location,F2-PZ05-A10-R09-A1,2.5
SAAR Location,F2-PZ05-A10-R09-A2,2.5
SAAR Location,F2-PZ05-A10-R09-B1,2.5
SAAR Location,F2-PZ05-A10-R09-B2,2.5
SAAR Location,F2-PZ05-A10-R09-C1,2.5
SAAR Location,F2-PZ05-A10-R09-C2,2.5
SAAR Location,F2-PZ05-A10-R09-D1,2.5
SAAR Location,F2-PZ05-A10-R09-D2,2.5
SAAR Location,F2-PZ05-A10-R09-E1,2.5
SAAR Location,F2-PZ05-A10-R09-E2,2.5
SAAR Location,F2-PZ05-A10-R10-A1,2.5
SAAR Location,F2-PZ05-A10-R10-A2,2.5
SAAR Location,F2-PZ05-A10-R10-B1,2.5
SAAR Location,F2-PZ05-A10-R10-B2,2.5
SAAR Location,F2-PZ05-A10-R10-C1,2.5
SAAR Location,F2-PZ05-A10-R10-C2,2.5
SAAR Location,F2-PZ05-A10-R10-D1,2.5
SAAR Location,F2-PZ05-A10-R10-D2,2.5
SAAR Location,F2-PZ05-A10-R10-E1,2.5
SAAR Location,F2-PZ05-A10-R10-E2,2.5
SAAR Location,F2-PZ05-A10-R11-A1,2.5
SAAR Location,F2-PZ05-A10-R11-A2,2.5
SAAR Location,F2-PZ05-A10-R11-B1,2.5
SAAR Location,F2-PZ05-A10-R11-B2,2.5
SAAR Location,F2-PZ05-A10-R11-C1,2.5
SAAR Location,F2-PZ05-A10-R11-C2,2.5
SAAR Location,F2-PZ05-A10-R11-D1,2.5
SAAR Location,F2-PZ05-A10-R11-D2,2.5
SAAR Location,F2-PZ05-A10-R11-E1,2.5
SAAR Location,F2-PZ05-A10-R11-E2,2.5
SAAR Location,F2-PZ05-A10-R12-A1,2.5
SAAR Location,F2-PZ05-A10-R12-A2,2.5
SAAR Location,F2-PZ05-A10-R12-B1,2.5
SAAR Location,F2-PZ05-A10-R12-B2,2.5
SAAR Location,F2-PZ05-A10-R12-C1,2.5
SAAR Location,F2-PZ05-A10-R12-C2,2.5
SAAR Location,F2-PZ05-A10-R12-D1,2.5
SAAR Location,F2-PZ05-A10-R12-D2,2.5
SAAR Location,F2-PZ05-A10-R12-E1,2.5
SAAR Location,F2-PZ05-A10-R12-E2,2.5
SAAR Location,F2-PZ05-A10-R13-A1,2.5
SAAR Location,F2-PZ05-A10-R13-A2,2.5
SAAR Location,F2-PZ05-A10-R13-B1,2.5
SAAR Location,F2-PZ05-A10-R13-B2,2.5
SAAR Location,F2-PZ05-A10-R13-C1,2.5
SAAR Location,F2-PZ05-A10-R13-C2,2.5
SAAR Location,F2-PZ05-A10-R13-D1,2.5
SAAR Location,F2-PZ05-A10-R13-D2,2.5
SAAR Location,F2-PZ05-A10-R13-E1,2.5
SAAR Location,F2-PZ05-A10-R13-E2,2.5
SAAR Location,F2-PZ05-A10-R14-A1,2.5
SAAR Location,F2-PZ05-A10-R14-A2,2.5
SAAR Location,F2-PZ05-A10-R14-B1,2.5
SAAR Location,F2-PZ05-A10-R14-B2,2.5
SAAR Location,F2-PZ05-A10-R14-C1,2.5
SAAR Location,F2-PZ05-A10-R14-C2,2.5
SAAR Location,F2-PZ05-A10-R14-D1,2.5
SAAR Location,F2-PZ05-A10-R14-D2,2.5
SAAR Location,F2-PZ05-A10-R14-E1,2.5
SAAR Location,F2-PZ05-A10-R14-E2,2.5
SAAR Location,F2-PZ05-A10-R15-A1,2.5
SAAR Location,F2-PZ05-A10-R15-A2,2.5
SAAR Location,F2-PZ05-A10-R15-B1,2.5
SAAR Location,F2-PZ05-A10-R15-B2,2.5
SAAR Location,F2-PZ05-A10-R15-C1,2.5
SAAR Location,F2-PZ05-A10-R15-C2,2.5
SAAR Location,F2-PZ05-A10-R15-D1,2.5
SAAR Location,F2-PZ05-A10-R15-D2,2.5
SAAR Location,F2-PZ05-A10-R15-E1,2.5
SAAR Location,F2-PZ05-A10-R15-E2,2.5
SAAR Location,F2-PZ05-A10-R16-A1,2.5
SAAR Location,F2-PZ05-A10-R16-A2,2.5
SAAR Location,F2-PZ05-A10-R16-B1,2.5
SAAR Location,F2-PZ05-A10-R16-B2,2.5
SAAR Location,F2-PZ05-A10-R16-C1,2.5
SAAR Location,F2-PZ05-A10-R16-C2,2.5
SAAR Location,F2-PZ05-A10-R16-D1,2.5
SAAR Location,F2-PZ05-A10-R16-D2,2.5
SAAR Location,F2-PZ05-A10-R16-E1,2.5
SAAR Location,F2-PZ05-A10-R16-E2,2.5
SAAR Location,F2-PZ05-A10-R17-A1,2.5
SAAR Location,F2-PZ05-A10-R17-A2,2.5
SAAR Location,F2-PZ05-A10-R17-B1,2.5
SAAR Location,F2-PZ05-A10-R17-B2,2.5
SAAR Location,F2-PZ05-A10-R17-C1,2.5
SAAR Location,F2-PZ05-A10-R17-C2,2.5
SAAR Location,F2-PZ05-A10-R17-D1,2.5
SAAR Location,F2-PZ05-A10-R17-D2,2.5
SAAR Location,F2-PZ05-A10-R17-E1,2.5
SAAR Location,F2-PZ05-A10-R17-E2,2.5
SAAR Location,F2-PZ05-A11-R01-A1,2.5
SAAR Location,F2-PZ05-A11-R01-A2,2.5
SAAR Location,F2-PZ05-A11-R01-B1,2.5
SAAR Location,F2-PZ05-A11-R01-B2,2.5
SAAR Location,F2-PZ05-A11-R01-C1,2.5
SAAR Location,F2-PZ05-A11-R01-C2,2.5
SAAR Location,F2-PZ05-A11-R01-D1,2.5
SAAR Location,F2-PZ05-A11-R01-D2,2.5
SAAR Location,F2-PZ05-A11-R01-E1,2.5
SAAR Location,F2-PZ05-A11-R01-E2,2.5
SAAR Location,F2-PZ05-A11-R02-A1,2.5
SAAR Location,F2-PZ05-A11-R02-A2,2.5
SAAR Location,F2-PZ05-A11-R02-B1,2.5
SAAR Location,F2-PZ05-A11-R02-B2,2.5
SAAR Location,F2-PZ05-A11-R02-C1,2.5
SAAR Location,F2-PZ05-A11-R02-C2,2.5
SAAR Location,F2-PZ05-A11-R02-D1,2.5
SAAR Location,F2-PZ05-A11-R02-D2,2.5
SAAR Location,F2-PZ05-A11-R02-E1,2.5
SAAR Location,F2-PZ05-A11-R02-E2,2.5
SAAR Location,F2-PZ05-A11-R03-A1,2.5
SAAR Location,F2-PZ05-A11-R03-A2,2.5
SAAR Location,F2-PZ05-A11-R03-B1,2.5
SAAR Location,F2-PZ05-A11-R03-B2,2.5
SAAR Location,F2-PZ05-A11-R03-C1,2.5
SAAR Location,F2-PZ05-A11-R03-C2,2.5
SAAR Location,F2-PZ05-A11-R03-D1,2.5
SAAR Location,F2-PZ05-A11-R03-D2,2.5
SAAR Location,F2-PZ05-A11-R03-E1,2.5
SAAR Location,F2-PZ05-A11-R03-E2,2.5
SAAR Location,F2-PZ05-A11-R04-A1,2.5
SAAR Location,F2-PZ05-A11-R04-A2,2.5
SAAR Location,F2-PZ05-A11-R04-B1,2.5
SAAR Location,F2-PZ05-A11-R04-B2,2.5
SAAR Location,F2-PZ05-A11-R04-C1,2.5
SAAR Location,F2-PZ05-A11-R04-C2,2.5
SAAR Location,F2-PZ05-A11-R04-D1,2.5
SAAR Location,F2-PZ05-A11-R04-D2,2.5
SAAR Location,F2-PZ05-A11-R04-E1,2.5
SAAR Location,F2-PZ05-A11-R04-E2,2.5
SAAR Location,F2-PZ05-A11-R05-A1,2.5
SAAR Location,F2-PZ05-A11-R05-A2,2.5
SAAR Location,F2-PZ05-A11-R05-B1,2.5
SAAR Location,F2-PZ05-A11-R05-B2,2.5
SAAR Location,F2-PZ05-A11-R05-C1,2.5
SAAR Location,F2-PZ05-A11-R05-C2,2.5
SAAR Location,F2-PZ05-A11-R05-D1,2.5
SAAR Location,F2-PZ05-A11-R05-D2,2.5
SAAR Location,F2-PZ05-A11-R05-E1,2.5
SAAR Location,F2-PZ05-A11-R05-E2,2.5
SAAR Location,F2-PZ05-A11-R06-A1,2.5
SAAR Location,F2-PZ05-A11-R06-A2,2.5
SAAR Location,F2-PZ05-A11-R06-B1,2.5
SAAR Location,F2-PZ05-A11-R06-B2,2.5
SAAR Location,F2-PZ05-A11-R06-C1,2.5
SAAR Location,F2-PZ05-A11-R06-C2,2.5
SAAR Location,F2-PZ05-A11-R06-D1,2.5
SAAR Location,F2-PZ05-A11-R06-D2,2.5
SAAR Location,F2-PZ05-A11-R06-E1,2.5
SAAR Location,F2-PZ05-A11-R06-E2,2.5
SAAR Location,F2-PZ05-A11-R07-A1,2.5
SAAR Location,F2-PZ05-A11-R07-A2,2.5
SAAR Location,F2-PZ05-A11-R07-B1,2.5
SAAR Location,F2-PZ05-A11-R07-B2,2.5
SAAR Location,F2-PZ05-A11-R07-C1,2.5
SAAR Location,F2-PZ05-A11-R07-C2,2.5
SAAR Location,F2-PZ05-A11-R07-D1,2.5
SAAR Location,F2-PZ05-A11-R07-D2,2.5
SAAR Location,F2-PZ05-A11-R07-E1,2.5
SAAR Location,F2-PZ05-A11-R07-E2,2.5
SAAR Location,F2-PZ05-A11-R08-A1,2.5
SAAR Location,F2-PZ05-A11-R08-A2,2.5
SAAR Location,F2-PZ05-A11-R08-B1,2.5
SAAR Location,F2-PZ05-A11-R08-B2,2.5
SAAR Location,F2-PZ05-A11-R08-C1,2.5
SAAR Location,F2-PZ05-A11-R08-C2,2.5
SAAR Location,F2-PZ05-A11-R08-D1,2.5
SAAR Location,F2-PZ05-A11-R08-D2,2.5
SAAR Location,F2-PZ05-A11-R08-E1,2.5
SAAR Location,F2-PZ05-A11-R08-E2,2.5
SAAR Location,F2-PZ05-A11-R09-A1,2.5
SAAR Location,F2-PZ05-A11-R09-A2,2.5
SAAR Location,F2-PZ05-A11-R09-B1,2.5
SAAR Location,F2-PZ05-A11-R09-B2,2.5
SAAR Location,F2-PZ05-A11-R09-C1,2.5
SAAR Location,F2-PZ05-A11-R09-C2,2.5
SAAR Location,F2-PZ05-A11-R09-D1,2.5
SAAR Location,F2-PZ05-A11-R09-D2,2.5
SAAR Location,F2-PZ05-A11-R09-E1,2.5
SAAR Location,F2-PZ05-A11-R09-E2,2.5
SAAR Location,F2-PZ05-A11-R10-A1,2.5
SAAR Location,F2-PZ05-A11-R10-A2,2.5
SAAR Location,F2-PZ05-A11-R10-B1,2.5
SAAR Location,F2-PZ05-A11-R10-B2,2.5
SAAR Location,F2-PZ05-A11-R10-C1,2.5
SAAR Location,F2-PZ05-A11-R10-C2,2.5
SAAR Location,F2-PZ05-A11-R10-D1,2.5
SAAR Location,F2-PZ05-A11-R10-D2,2.5
SAAR Location,F2-PZ05-A11-R10-E1,2.5
SAAR Location,F2-PZ05-A11-R10-E2,2.5
SAAR Location,F2-PZ05-A11-R11-A1,2.5
SAAR Location,F2-PZ05-A11-R11-A2,2.5
SAAR Location,F2-PZ05-A11-R11-B1,2.5
SAAR Location,F2-PZ05-A11-R11-B2,2.5
SAAR Location,F2-PZ05-A11-R11-C1,2.5
SAAR Location,F2-PZ05-A11-R11-C2,2.5
SAAR Location,F2-PZ05-A11-R11-D1,2.5
SAAR Location,F2-PZ05-A11-R11-D2,2.5
SAAR Location,F2-PZ05-A11-R11-E1,2.5
SAAR Location,F2-PZ05-A11-R11-E2,2.5
SAAR Location,F2-PZ05-A11-R12-A1,2.5
SAAR Location,F2-PZ05-A11-R12-A2,2.5
SAAR Location,F2-PZ05-A11-R12-B1,2.5
SAAR Location,F2-PZ05-A11-R12-B2,2.5
SAAR Location,F2-PZ05-A11-R12-C1,2.5
SAAR Location,F2-PZ05-A11-R12-C2,2.5
SAAR Location,F2-PZ05-A11-R12-D1,2.5
SAAR Location,F2-PZ05-A11-R12-D2,2.5
SAAR Location,F2-PZ05-A11-R12-E1,2.5
SAAR Location,F2-PZ05-A11-R12-E2,2.5
SAAR Location,F2-PZ05-A11-R13-A1,2.5
SAAR Location,F2-PZ05-A11-R13-A2,2.5
SAAR Location,F2-PZ05-A11-R13-B1,2.5
SAAR Location,F2-PZ05-A11-R13-B2,2.5
SAAR Location,F2-PZ05-A11-R13-C1,2.5
SAAR Location,F2-PZ05-A11-R13-C2,2.5
SAAR Location,F2-PZ05-A11-R13-D1,2.5
SAAR Location,F2-PZ05-A11-R13-D2,2.5
SAAR Location,F2-PZ05-A11-R13-E1,2.5
SAAR Location,F2-PZ05-A11-R13-E2,2.5
SAAR Location,F2-PZ05-A11-R14-A1,2.5
SAAR Location,F2-PZ05-A11-R14-A2,2.5
SAAR Location,F2-PZ05-A11-R14-B1,2.5
SAAR Location,F2-PZ05-A11-R14-B2,2.5
SAAR Location,F2-PZ05-A11-R14-C1,2.5
SAAR Location,F2-PZ05-A11-R14-C2,2.5
SAAR Location,F2-PZ05-A11-R14-D1,2.5
SAAR Location,F2-PZ05-A11-R14-D2,2.5
SAAR Location,F2-PZ05-A11-R14-E1,2.5
SAAR Location,F2-PZ05-A11-R14-E2,2.5
SAAR Location,F2-PZ05-A11-R15-A1,2.5
SAAR Location,F2-PZ05-A11-R15-A2,2.5
SAAR Location,F2-PZ05-A11-R15-B1,2.5
SAAR Location,F2-PZ05-A11-R15-B2,2.5
SAAR Location,F2-PZ05-A11-R15-C1,2.5
SAAR Location,F2-PZ05-A11-R15-C2,2.5
SAAR Location,F2-PZ05-A11-R15-D1,2.5
SAAR Location,F2-PZ05-A11-R15-D2,2.5
SAAR Location,F2-PZ05-A11-R15-E1,2.5
SAAR Location,F2-PZ05-A11-R15-E2,2.5
SAAR Location,F2-PZ05-A11-R16-A1,2.5
SAAR Location,F2-PZ05-A11-R16-A2,2.5
SAAR Location,F2-PZ05-A11-R16-B1,2.5
SAAR Location,F2-PZ05-A11-R16-B2,2.5
SAAR Location,F2-PZ05-A11-R16-C1,2.5
SAAR Location,F2-PZ05-A11-R16-C2,2.5
SAAR Location,F2-PZ05-A11-R16-D1,2.5
SAAR Location,F2-PZ05-A11-R16-D2,2.5
SAAR Location,F2-PZ05-A11-R16-E1,2.5
SAAR Location,F2-PZ05-A11-R16-E2,2.5
SAAR Location,F2-PZ05-A11-R17-A1,2.5
SAAR Location,F2-PZ05-A11-R17-A2,2.5
SAAR Location,F2-PZ05-A11-R17-B1,2.5
SAAR Location,F2-PZ05-A11-R17-B2,2.5
SAAR Location,F2-PZ05-A11-R17-C1,2.5
SAAR Location,F2-PZ05-A11-R17-C2,2.5
SAAR Location,F2-PZ05-A11-R17-D1,2.5
SAAR Location,F2-PZ05-A11-R17-D2,2.5
SAAR Location,F2-PZ05-A11-R17-E1,2.5
SAAR Location,F2-PZ05-A11-R17-E2,2.5
SAAR Location,F2-PZ05-A12-R01-A1,2.5
SAAR Location,F2-PZ05-A12-R01-A2,2.5
SAAR Location,F2-PZ05-A12-R01-B1,2.5
SAAR Location,F2-PZ05-A12-R01-B2,2.5
SAAR Location,F2-PZ05-A12-R01-C1,2.5
SAAR Location,F2-PZ05-A12-R01-C2,2.5
SAAR Location,F2-PZ05-A12-R01-D1,2.5
SAAR Location,F2-PZ05-A12-R01-D2,2.5
SAAR Location,F2-PZ05-A12-R01-E1,2.5
SAAR Location,F2-PZ05-A12-R01-E2,2.5
SAAR Location,F2-PZ05-A12-R02-A1,2.5
SAAR Location,F2-PZ05-A12-R02-A2,2.5
SAAR Location,F2-PZ05-A12-R02-B1,2.5
SAAR Location,F2-PZ05-A12-R02-B2,2.5
SAAR Location,F2-PZ05-A12-R02-C1,2.5
SAAR Location,F2-PZ05-A12-R02-C2,2.5
SAAR Location,F2-PZ05-A12-R02-D1,2.5
SAAR Location,F2-PZ05-A12-R02-D2,2.5
SAAR Location,F2-PZ05-A12-R02-E1,2.5
SAAR Location,F2-PZ05-A12-R02-E2,2.5
SAAR Location,F2-PZ05-A12-R03-A1,2.5
SAAR Location,F2-PZ05-A12-R03-A2,2.5
SAAR Location,F2-PZ05-A12-R03-B1,2.5
SAAR Location,F2-PZ05-A12-R03-B2,2.5
SAAR Location,F2-PZ05-A12-R03-C1,2.5
SAAR Location,F2-PZ05-A12-R03-C2,2.5
SAAR Location,F2-PZ05-A12-R03-D1,2.5
SAAR Location,F2-PZ05-A12-R03-D2,2.5
SAAR Location,F2-PZ05-A12-R03-E1,2.5
SAAR Location,F2-PZ05-A12-R03-E2,2.5
SAAR Location,F2-PZ05-A12-R04-A1,2.5
SAAR Location,F2-PZ05-A12-R04-A2,2.5
SAAR Location,F2-PZ05-A12-R04-B1,2.5
SAAR Location,F2-PZ05-A12-R04-B2,2.5
SAAR Location,F2-PZ05-A12-R04-C1,2.5
SAAR Location,F2-PZ05-A12-R04-C2,2.5
SAAR Location,F2-PZ05-A12-R04-D1,2.5
SAAR Location,F2-PZ05-A12-R04-D2,2.5
SAAR Location,F2-PZ05-A12-R04-E1,2.5
SAAR Location,F2-PZ05-A12-R04-E2,2.5
SAAR Location,F2-PZ05-A12-R05-A1,2.5
SAAR Location,F2-PZ05-A12-R05-A2,2.5
SAAR Location,F2-PZ05-A12-R05-B1,2.5
SAAR Location,F2-PZ05-A12-R05-B2,2.5
SAAR Location,F2-PZ05-A12-R05-C1,2.5
SAAR Location,F2-PZ05-A12-R05-C2,2.5
SAAR Location,F2-PZ05-A12-R05-D1,2.5
SAAR Location,F2-PZ05-A12-R05-D2,2.5
SAAR Location,F2-PZ05-A12-R05-E1,2.5
SAAR Location,F2-PZ05-A12-R05-E2,2.5
SAAR Location,F2-PZ05-A12-R06-A1,2.5
SAAR Location,F2-PZ05-A12-R06-A2,2.5
SAAR Location,F2-PZ05-A12-R06-B1,2.5
SAAR Location,F2-PZ05-A12-R06-B2,2.5
SAAR Location,F2-PZ05-A12-R06-C1,2.5
SAAR Location,F2-PZ05-A12-R06-C2,2.5
SAAR Location,F2-PZ05-A12-R06-D1,2.5
SAAR Location,F2-PZ05-A12-R06-D2,2.5
SAAR Location,F2-PZ05-A12-R06-E1,2.5
SAAR Location,F2-PZ05-A12-R06-E2,2.5
SAAR Location,F2-PZ05-A12-R07-A1,2.5
SAAR Location,F2-PZ05-A12-R07-A2,2.5
SAAR Location,F2-PZ05-A12-R07-B1,2.5
SAAR Location,F2-PZ05-A12-R07-B2,2.5
SAAR Location,F2-PZ05-A12-R07-C1,2.5
SAAR Location,F2-PZ05-A12-R07-C2,2.5
SAAR Location,F2-PZ05-A12-R07-D1,2.5
SAAR Location,F2-PZ05-A12-R07-D2,2.5
SAAR Location,F2-PZ05-A12-R07-E1,2.5
SAAR Location,F2-PZ05-A12-R07-E2,2.5
SAAR Location,F2-PZ05-A12-R08-A1,2.5
SAAR Location,F2-PZ05-A12-R08-A2,2.5
SAAR Location,F2-PZ05-A12-R08-B1,2.5
SAAR Location,F2-PZ05-A12-R08-B2,2.5
SAAR Location,F2-PZ05-A12-R08-C1,2.5
SAAR Location,F2-PZ05-A12-R08-C2,2.5
SAAR Location,F2-PZ05-A12-R08-D1,2.5
SAAR Location,F2-PZ05-A12-R08-D2,2.5
SAAR Location,F2-PZ05-A12-R08-E1,2.5
SAAR Location,F2-PZ05-A12-R08-E2,2.5
SAAR Location,F2-PZ05-A12-R09-A1,2.5
SAAR Location,F2-PZ05-A12-R09-A2,2.5
SAAR Location,F2-PZ05-A12-R09-B1,2.5
SAAR Location,F2-PZ05-A12-R09-B2,2.5
SAAR Location,F2-PZ05-A12-R09-C1,2.5
SAAR Location,F2-PZ05-A12-R09-C2,2.5
SAAR Location,F2-PZ05-A12-R09-D1,2.5
SAAR Location,F2-PZ05-A12-R09-D2,2.5
SAAR Location,F2-PZ05-A12-R09-E1,2.5
SAAR Location,F2-PZ05-A12-R09-E2,2.5
SAAR Location,F2-PZ05-A12-R10-A1,2.5
SAAR Location,F2-PZ05-A12-R10-A2,2.5
SAAR Location,F2-PZ05-A12-R10-B1,2.5
SAAR Location,F2-PZ05-A12-R10-B2,2.5
SAAR Location,F2-PZ05-A12-R10-C1,2.5
SAAR Location,F2-PZ05-A12-R10-C2,2.5
SAAR Location,F2-PZ05-A12-R10-D1,2.5
SAAR Location,F2-PZ05-A12-R10-D2,2.5
SAAR Location,F2-PZ05-A12-R10-E1,2.5
SAAR Location,F2-PZ05-A12-R10-E2,2.5
SAAR Location,F2-PZ05-A12-R11-A1,2.5
SAAR Location,F2-PZ05-A12-R11-A2,2.5
SAAR Location,F2-PZ05-A12-R11-B1,2.5
SAAR Location,F2-PZ05-A12-R11-B2,2.5
SAAR Location,F2-PZ05-A12-R11-C1,2.5
SAAR Location,F2-PZ05-A12-R11-C2,2.5
SAAR Location,F2-PZ05-A12-R11-D1,2.5
SAAR Location,F2-PZ05-A12-R11-D2,2.5
SAAR Location,F2-PZ05-A12-R11-E1,2.5
SAAR Location,F2-PZ05-A12-R11-E2,2.5
SAAR Location,F2-PZ05-A12-R12-A1,2.5
SAAR Location,F2-PZ05-A12-R12-A2,2.5
SAAR Location,F2-PZ05-A12-R12-B1,2.5
SAAR Location,F2-PZ05-A12-R12-B2,2.5
SAAR Location,F2-PZ05-A12-R12-C1,2.5
SAAR Location,F2-PZ05-A12-R12-C2,2.5
SAAR Location,F2-PZ05-A12-R12-D1,2.5
SAAR Location,F2-PZ05-A12-R12-D2,2.5
SAAR Location,F2-PZ05-A12-R12-E1,2.5
SAAR Location,F2-PZ05-A12-R12-E2,2.5
SAAR Location,F2-PZ05-A12-R13-A1,2.5
SAAR Location,F2-PZ05-A12-R13-A2,2.5
SAAR Location,F2-PZ05-A12-R13-B1,2.5
SAAR Location,F2-PZ05-A12-R13-B2,2.5
SAAR Location,F2-PZ05-A12-R13-C1,2.5
SAAR Location,F2-PZ05-A12-R13-C2,2.5
SAAR Location,F2-PZ05-A12-R13-D1,2.5
SAAR Location,F2-PZ05-A12-R13-D2,2.5
SAAR Location,F2-PZ05-A12-R13-E1,2.5
SAAR Location,F2-PZ05-A12-R13-E2,2.5
SAAR Location,F2-PZ05-A12-R14-A1,2.5
SAAR Location,F2-PZ05-A12-R14-A2,2.5
SAAR Location,F2-PZ05-A12-R14-B1,2.5
SAAR Location,F2-PZ05-A12-R14-B2,2.5
SAAR Location,F2-PZ05-A12-R14-C1,2.5
SAAR Location,F2-PZ05-A12-R14-C2,2.5
SAAR Location,F2-PZ05-A12-R14-D1,2.5
SAAR Location,F2-PZ05-A12-R14-D2,2.5
SAAR Location,F2-PZ05-A12-R14-E1,2.5
SAAR Location,F2-PZ05-A12-R14-E2,2.5
SAAR Location,F2-PZ05-A12-R15-A1,2.5
SAAR Location,F2-PZ05-A12-R15-A2,2.5
SAAR Location,F2-PZ05-A12-R15-B1,2.5
SAAR Location,F2-PZ05-A12-R15-B2,2.5
SAAR Location,F2-PZ05-A12-R15-C1,2.5
SAAR Location,F2-PZ05-A12-R15-C2,2.5
SAAR Location,F2-PZ05-A12-R15-D1,2.5
SAAR Location,F2-PZ05-A12-R15-D2,2.5
SAAR Location,F2-PZ05-A12-R15-E1,2.5
SAAR Location,F2-PZ05-A12-R15-E2,2.5
SAAR Location,F2-PZ05-A12-R16-A1,2.5
SAAR Location,F2-PZ05-A12-R16-A2,2.5
SAAR Location,F2-PZ05-A12-R16-B1,2.5
SAAR Location,F2-PZ05-A12-R16-B2,2.5
SAAR Location,F2-PZ05-A12-R16-C1,2.5
SAAR Location,F2-PZ05-A12-R16-C2,2.5
SAAR Location,F2-PZ05-A12-R16-D1,2.5
SAAR Location,F2-PZ05-A12-R16-D2,2.5
SAAR Location,F2-PZ05-A12-R16-E1,2.5
SAAR Location,F2-PZ05-A12-R16-E2,2.5
SAAR Location,F2-PZ05-A12-R17-A1,2.5
SAAR Location,F2-PZ05-A12-R17-A2,2.5
SAAR Location,F2-PZ05-A12-R17-B1,2.5
SAAR Location,F2-PZ05-A12-R17-B2,2.5
SAAR Location,F2-PZ05-A12-R17-C1,2.5
SAAR Location,F2-PZ05-A12-R17-C2,2.5
SAAR Location,F2-PZ05-A12-R17-D1,2.5
SAAR Location,F2-PZ05-A12-R17-D2,2.5
SAAR Location,F2-PZ05-A12-R17-E1,2.5
SAAR Location,F2-PZ05-A12-R17-E2,2.5
Lower Shelve,F2-PZ06-A01-R01-A1,48
Lower Shelve,F2-PZ06-A01-R01-A2,48
Lower Shelve,F2-PZ06-A01-R01-A3,48
Upper Shelve,F2-PZ06-A01-R01-B1,32
Upper Shelve,F2-PZ06-A01-R01-B2,32
Upper Shelve,F2-PZ06-A01-R01-B3,32
Upper Shelve,F2-PZ06-A01-R01-B4,32
Bulk Location,F2-PZ06-A01-R01-PL,60
Lower Shelve,F2-PZ06-A01-R02-A1,48
Lower Shelve,F2-PZ06-A01-R02-A2,48
Lower Shelve,F2-PZ06-A01-R02-A3,48
Upper Shelve,F2-PZ06-A01-R02-B1,32
Upper Shelve,F2-PZ06-A01-R02-B2,32
Upper Shelve,F2-PZ06-A01-R02-B3,32
Upper Shelve,F2-PZ06-A01-R02-B4,32
Lower Shelve,F2-PZ06-A01-R03-A1,48
Lower Shelve,F2-PZ06-A01-R03-A2,48
Lower Shelve,F2-PZ06-A01-R03-A3,48
Upper Shelve,F2-PZ06-A01-R03-B1,32
Upper Shelve,F2-PZ06-A01-R03-B2,32
Upper Shelve,F2-PZ06-A01-R03-B3,32
Upper Shelve,F2-PZ06-A01-R03-B4,32
Lower Shelve,F2-PZ06-A01-R04-A1,48
Lower Shelve,F2-PZ06-A01-R04-A2,48
Lower Shelve,F2-PZ06-A01-R04-A3,48
Upper Shelve,F2-PZ06-A01-R04-B1,32
Upper Shelve,F2-PZ06-A01-R04-B2,32
Upper Shelve,F2-PZ06-A01-R04-B3,32
Upper Shelve,F2-PZ06-A01-R04-B4,32
Lower Shelve,F2-PZ06-A01-R05-A1,48
Lower Shelve,F2-PZ06-A01-R05-A2,48
Lower Shelve,F2-PZ06-A01-R05-A3,48
Upper Shelve,F2-PZ06-A01-R05-B1,32
Upper Shelve,F2-PZ06-A01-R05-B2,32
Upper Shelve,F2-PZ06-A01-R05-B3,32
Upper Shelve,F2-PZ06-A01-R05-B4,32
Lower Shelve,F2-PZ06-A01-R06-A1,48
Lower Shelve,F2-PZ06-A01-R06-A2,48
Lower Shelve,F2-PZ06-A01-R06-A3,48
Upper Shelve,F2-PZ06-A01-R06-B1,32
Upper Shelve,F2-PZ06-A01-R06-B2,32
Upper Shelve,F2-PZ06-A01-R06-B3,32
Upper Shelve,F2-PZ06-A01-R06-B4,32
Lower Shelve,F2-PZ06-A01-R07-A1,48
Lower Shelve,F2-PZ06-A01-R07-A2,48
Lower Shelve,F2-PZ06-A01-R07-A3,48
Upper Shelve,F2-PZ06-A01-R07-B1,32
Upper Shelve,F2-PZ06-A01-R07-B2,32
Upper Shelve,F2-PZ06-A01-R07-B3,32
Upper Shelve,F2-PZ06-A01-R07-B4,32
Lower Shelve,F2-PZ06-A01-R08-A1,48
Upper Shelve,F2-PZ06-A01-R08-B1,32
Upper Shelve,F2-PZ06-A01-R08-B2,32
Upper Shelve,F2-PZ06-A01-R08-B3,32
Upper Shelve,F2-PZ06-A01-R08-B4,32
Lower Shelve,F2-PZ06-A01-R09-A1,48
Lower Shelve,F2-PZ06-A01-R09-A2,48
Lower Shelve,F2-PZ06-A01-R09-A3,48
Upper Shelve,F2-PZ06-A01-R09-B1,32
Upper Shelve,F2-PZ06-A01-R09-B2,32
Upper Shelve,F2-PZ06-A01-R09-B3,32
Upper Shelve,F2-PZ06-A01-R09-B4,32
Lower Shelve,F2-PZ06-A01-R10-A1,48
Lower Shelve,F2-PZ06-A01-R10-A2,48
Lower Shelve,F2-PZ06-A01-R10-A3,48
Upper Shelve,F2-PZ06-A01-R10-B1,32
Upper Shelve,F2-PZ06-A01-R10-B2,32
Upper Shelve,F2-PZ06-A01-R10-B3,32
Upper Shelve,F2-PZ06-A01-R10-B4,32
Lower Shelve,F2-PZ06-A01-R11-A1,48
Lower Shelve,F2-PZ06-A01-R11-A2,48
Lower Shelve,F2-PZ06-A01-R11-A3,48
Upper Shelve,F2-PZ06-A01-R11-B1,32
Upper Shelve,F2-PZ06-A01-R11-B2,32
Upper Shelve,F2-PZ06-A01-R11-B3,32
Upper Shelve,F2-PZ06-A01-R11-B4,32
Lower Shelve,F2-PZ06-A01-R12-A1,48
Lower Shelve,F2-PZ06-A01-R12-A2,48
Lower Shelve,F2-PZ06-A01-R12-A3,48
Upper Shelve,F2-PZ06-A01-R12-B1,32
Upper Shelve,F2-PZ06-A01-R12-B2,32
Upper Shelve,F2-PZ06-A01-R12-B3,32
Upper Shelve,F2-PZ06-A01-R12-B4,32
Lower Shelve,F2-PZ06-A02-R01-A1,48
Lower Shelve,F2-PZ06-A02-R01-A2,48
Lower Shelve,F2-PZ06-A02-R01-A3,48
Upper Shelve,F2-PZ06-A02-R01-B1,32
Upper Shelve,F2-PZ06-A02-R01-B2,32
Upper Shelve,F2-PZ06-A02-R01-B3,32
Upper Shelve,F2-PZ06-A02-R01-B4,32
Bulk Location,F2-PZ06-A02-R01-PL,60
Lower Shelve,F2-PZ06-A02-R02-A1,48
Lower Shelve,F2-PZ06-A02-R02-A2,48
Lower Shelve,F2-PZ06-A02-R02-A3,48
Upper Shelve,F2-PZ06-A02-R02-B1,32
Upper Shelve,F2-PZ06-A02-R02-B2,32
Upper Shelve,F2-PZ06-A02-R02-B3,32
Upper Shelve,F2-PZ06-A02-R02-B4,32
Lower Shelve,F2-PZ06-A02-R03-A1,48
Lower Shelve,F2-PZ06-A02-R03-A2,48
Lower Shelve,F2-PZ06-A02-R03-A3,48
Upper Shelve,F2-PZ06-A02-R03-B1,32
Upper Shelve,F2-PZ06-A02-R03-B2,32
Upper Shelve,F2-PZ06-A02-R03-B3,32
Upper Shelve,F2-PZ06-A02-R03-B4,32
Lower Shelve,F2-PZ06-A02-R04-A1,48
Lower Shelve,F2-PZ06-A02-R04-A2,48
Lower Shelve,F2-PZ06-A02-R04-A3,48
Upper Shelve,F2-PZ06-A02-R04-B1,32
Upper Shelve,F2-PZ06-A02-R04-B2,32
Upper Shelve,F2-PZ06-A02-R04-B3,32
Upper Shelve,F2-PZ06-A02-R04-B4,32
Lower Shelve,F2-PZ06-A02-R05-A1,48
Lower Shelve,F2-PZ06-A02-R05-A2,48
Lower Shelve,F2-PZ06-A02-R05-A3,48
Upper Shelve,F2-PZ06-A02-R05-B1,32
Upper Shelve,F2-PZ06-A02-R05-B2,32
Upper Shelve,F2-PZ06-A02-R05-B3,32
Upper Shelve,F2-PZ06-A02-R05-B4,32
Lower Shelve,F2-PZ06-A02-R06-A1,48
Lower Shelve,F2-PZ06-A02-R06-A2,48
Lower Shelve,F2-PZ06-A02-R06-A3,48
Upper Shelve,F2-PZ06-A02-R06-B1,32
Upper Shelve,F2-PZ06-A02-R06-B2,32
Upper Shelve,F2-PZ06-A02-R06-B3,32
Upper Shelve,F2-PZ06-A02-R06-B4,32
Lower Shelve,F2-PZ06-A02-R07-A1,48
Lower Shelve,F2-PZ06-A02-R07-A2,48
Lower Shelve,F2-PZ06-A02-R07-A3,48
Upper Shelve,F2-PZ06-A02-R07-B1,32
Upper Shelve,F2-PZ06-A02-R07-B2,32
Upper Shelve,F2-PZ06-A02-R07-B3,32
Upper Shelve,F2-PZ06-A02-R07-B4,32
Lower Shelve,F2-PZ06-A02-R08-A1,48
Lower Shelve,F2-PZ06-A02-R08-A2,48
Lower Shelve,F2-PZ06-A02-R08-A3,48
Upper Shelve,F2-PZ06-A02-R08-B1,32
Upper Shelve,F2-PZ06-A02-R08-B2,32
Upper Shelve,F2-PZ06-A02-R08-B3,32
Upper Shelve,F2-PZ06-A02-R08-B4,32
Lower Shelve,F2-PZ06-A02-R09-A1,48
Lower Shelve,F2-PZ06-A02-R09-A2,48
Lower Shelve,F2-PZ06-A02-R09-A3,48
Upper Shelve,F2-PZ06-A02-R09-B1,32
Upper Shelve,F2-PZ06-A02-R09-B2,32
Upper Shelve,F2-PZ06-A02-R09-B3,32
Upper Shelve,F2-PZ06-A02-R09-B4,32
Lower Shelve,F2-PZ06-A02-R10-A1,48
Lower Shelve,F2-PZ06-A02-R10-A2,48
Lower Shelve,F2-PZ06-A02-R10-A3,48
Upper Shelve,F2-PZ06-A02-R10-B1,32
Upper Shelve,F2-PZ06-A02-R10-B2,32
Upper Shelve,F2-PZ06-A02-R10-B3,32
Upper Shelve,F2-PZ06-A02-R10-B4,32
Lower Shelve,F2-PZ06-A03-R01-A1,48
Lower Shelve,F2-PZ06-A03-R01-A2,48
Lower Shelve,F2-PZ06-A03-R01-A3,48
Upper Shelve,F2-PZ06-A03-R01-B1,32
Upper Shelve,F2-PZ06-A03-R01-B2,32
Upper Shelve,F2-PZ06-A03-R01-B3,32
Upper Shelve,F2-PZ06-A03-R01-B4,32
Bulk Location,F2-PZ06-A03-R01-PL,60
Lower Shelve,F2-PZ06-A03-R02-A1,48
Lower Shelve,F2-PZ06-A03-R02-A2,48
Lower Shelve,F2-PZ06-A03-R02-A3,48
Upper Shelve,F2-PZ06-A03-R02-B1,32
Upper Shelve,F2-PZ06-A03-R02-B2,32
Upper Shelve,F2-PZ06-A03-R02-B3,32
Upper Shelve,F2-PZ06-A03-R02-B4,32
Lower Shelve,F2-PZ06-A03-R03-A1,48
Lower Shelve,F2-PZ06-A03-R03-A2,48
Lower Shelve,F2-PZ06-A03-R03-A3,48
Upper Shelve,F2-PZ06-A03-R03-B1,32
Upper Shelve,F2-PZ06-A03-R03-B2,32
Upper Shelve,F2-PZ06-A03-R03-B3,32
Upper Shelve,F2-PZ06-A03-R03-B4,32
Lower Shelve,F2-PZ06-A03-R04-A1,48
Lower Shelve,F2-PZ06-A03-R04-A2,48
Lower Shelve,F2-PZ06-A03-R04-A3,48
Upper Shelve,F2-PZ06-A03-R04-B1,32
Upper Shelve,F2-PZ06-A03-R04-B2,32
Upper Shelve,F2-PZ06-A03-R04-B3,32
Upper Shelve,F2-PZ06-A03-R04-B4,32
Lower Shelve,F2-PZ06-A03-R05-A1,48
Lower Shelve,F2-PZ06-A03-R05-A2,48
Lower Shelve,F2-PZ06-A03-R05-A3,48
Upper Shelve,F2-PZ06-A03-R05-B1,32
Upper Shelve,F2-PZ06-A03-R05-B2,32
Upper Shelve,F2-PZ06-A03-R05-B3,32
Upper Shelve,F2-PZ06-A03-R05-B4,32
Lower Shelve,F2-PZ06-A03-R06-A1,48
Lower Shelve,F2-PZ06-A03-R06-A2,48
Lower Shelve,F2-PZ06-A03-R06-A3,48
Upper Shelve,F2-PZ06-A03-R06-B1,32
Upper Shelve,F2-PZ06-A03-R06-B2,32
Upper Shelve,F2-PZ06-A03-R06-B3,32
Upper Shelve,F2-PZ06-A03-R06-B4,32
Lower Shelve,F2-PZ06-A03-R07-A1,48
Lower Shelve,F2-PZ06-A03-R07-A2,48
Lower Shelve,F2-PZ06-A03-R07-A3,48
Upper Shelve,F2-PZ06-A03-R07-B1,32
Upper Shelve,F2-PZ06-A03-R07-B2,32
Upper Shelve,F2-PZ06-A03-R07-B3,32
Upper Shelve,F2-PZ06-A03-R07-B4,32
Lower Shelve,F2-PZ06-A03-R08-A1,48
Lower Shelve,F2-PZ06-A03-R08-A2,48
Lower Shelve,F2-PZ06-A03-R08-A3,48
Upper Shelve,F2-PZ06-A03-R08-B1,32
Upper Shelve,F2-PZ06-A03-R08-B2,32
Upper Shelve,F2-PZ06-A03-R08-B3,32
Upper Shelve,F2-PZ06-A03-R08-B4,32
Lower Shelve,F2-PZ06-A03-R09-A1,48
Lower Shelve,F2-PZ06-A03-R09-A2,48
Lower Shelve,F2-PZ06-A03-R09-A3,48
Upper Shelve,F2-PZ06-A03-R09-B1,32
Upper Shelve,F2-PZ06-A03-R09-B2,32
Upper Shelve,F2-PZ06-A03-R09-B3,32
Upper Shelve,F2-PZ06-A03-R09-B4,32
Lower Shelve,F2-PZ06-A03-R10-A1,48
Lower Shelve,F2-PZ06-A03-R10-A2,48
Lower Shelve,F2-PZ06-A03-R10-A3,48
Upper Shelve,F2-PZ06-A03-R10-B1,32
Upper Shelve,F2-PZ06-A03-R10-B2,32
Upper Shelve,F2-PZ06-A03-R10-B3,32
Upper Shelve,F2-PZ06-A03-R10-B4,32
Bulk Location,F2-PZ06-A04-R01-PL,60
Lower Shelve,F2-PZ06-A04-R02-A1,48
Lower Shelve,F2-PZ06-A04-R02-A2,48
Lower Shelve,F2-PZ06-A04-R02-A3,48
Upper Shelve,F2-PZ06-A04-R02-B1,32
Upper Shelve,F2-PZ06-A04-R02-B2,32
Upper Shelve,F2-PZ06-A04-R02-B3,32
Upper Shelve,F2-PZ06-A04-R02-B4,32
Lower Shelve,F2-PZ06-A04-R04-A1,48
Lower Shelve,F2-PZ06-A04-R04-A2,48
Lower Shelve,F2-PZ06-A04-R04-A3,48
Upper Shelve,F2-PZ06-A04-R04-B1,32
Upper Shelve,F2-PZ06-A04-R04-B2,32
Upper Shelve,F2-PZ06-A04-R04-B3,32
Upper Shelve,F2-PZ06-A04-R04-B4,32
Lower Shelve,F2-PZ06-A04-R05-A1,48
Lower Shelve,F2-PZ06-A04-R05-A2,48
Lower Shelve,F2-PZ06-A04-R05-A3,48
Upper Shelve,F2-PZ06-A04-R05-B1,32
Upper Shelve,F2-PZ06-A04-R05-B2,32
Upper Shelve,F2-PZ06-A04-R05-B3,32
Upper Shelve,F2-PZ06-A04-R05-B4,32
Lower Shelve,F2-PZ06-A04-R06-A1,48
Lower Shelve,F2-PZ06-A04-R06-A2,48
Lower Shelve,F2-PZ06-A04-R06-A3,48
Upper Shelve,F2-PZ06-A04-R06-B1,32
Upper Shelve,F2-PZ06-A04-R06-B2,32
Upper Shelve,F2-PZ06-A04-R06-B3,32
Upper Shelve,F2-PZ06-A04-R06-B4,32
Lower Shelve,F2-PZ06-A04-R08-A1,48
Lower Shelve,F2-PZ06-A04-R08-A2,48
Lower Shelve,F2-PZ06-A04-R08-A3,48
Upper Shelve,F2-PZ06-A04-R08-B1,32
Upper Shelve,F2-PZ06-A04-R08-B2,32
Upper Shelve,F2-PZ06-A04-R08-B3,32
Upper Shelve,F2-PZ06-A04-R08-B4,32
Lower Shelve,F2-PZ06-A05-R01-A1,48
Lower Shelve,F2-PZ06-A05-R01-A2,48
Lower Shelve,F2-PZ06-A05-R01-A3,48
Upper Shelve,F2-PZ06-A05-R01-B1,32
Upper Shelve,F2-PZ06-A05-R01-B2,32
Upper Shelve,F2-PZ06-A05-R01-B3,32
Upper Shelve,F2-PZ06-A05-R01-B4,32
Lower Shelve,F2-PZ06-A05-R02-A1,48
Lower Shelve,F2-PZ06-A05-R02-A2,48
Lower Shelve,F2-PZ06-A05-R02-A3,48
Upper Shelve,F2-PZ06-A05-R02-B1,32
Upper Shelve,F2-PZ06-A05-R02-B2,32
Upper Shelve,F2-PZ06-A05-R02-B3,32
Upper Shelve,F2-PZ06-A05-R02-B4,32
Lower Shelve,F2-PZ06-A05-R03-A1,48
Lower Shelve,F2-PZ06-A05-R03-A2,48
Lower Shelve,F2-PZ06-A05-R03-A3,48
Upper Shelve,F2-PZ06-A05-R03-B1,32
Upper Shelve,F2-PZ06-A05-R03-B2,32
Upper Shelve,F2-PZ06-A05-R03-B3,32
Upper Shelve,F2-PZ06-A05-R03-B4,32
Lower Shelve,F2-PZ06-A05-R04-A1,48
Lower Shelve,F2-PZ06-A05-R04-A2,48
Lower Shelve,F2-PZ06-A05-R04-A3,48
Upper Shelve,F2-PZ06-A05-R04-B1,32
Upper Shelve,F2-PZ06-A05-R04-B2,32
Upper Shelve,F2-PZ06-A05-R04-B3,32
Upper Shelve,F2-PZ06-A05-R04-B4,32
Lower Shelve,F2-PZ06-A05-R05-A1,48
Lower Shelve,F2-PZ06-A05-R05-A2,48
Lower Shelve,F2-PZ06-A05-R05-A3,48
Upper Shelve,F2-PZ06-A05-R05-B1,32
Upper Shelve,F2-PZ06-A05-R05-B2,32
Upper Shelve,F2-PZ06-A05-R05-B3,32
Upper Shelve,F2-PZ06-A05-R05-B4,32
Lower Shelve,F2-PZ06-A05-R06-A1,48
Lower Shelve,F2-PZ06-A05-R06-A2,48
Lower Shelve,F2-PZ06-A05-R06-A3,48
Upper Shelve,F2-PZ06-A05-R06-B1,32
Upper Shelve,F2-PZ06-A05-R06-B2,32
Upper Shelve,F2-PZ06-A05-R06-B3,32
Upper Shelve,F2-PZ06-A05-R06-B4,32
Lower Shelve,F2-PZ06-A05-R07-A1,48
Lower Shelve,F2-PZ06-A05-R07-A2,48
Lower Shelve,F2-PZ06-A05-R07-A3,48
Upper Shelve,F2-PZ06-A05-R07-B1,32
Upper Shelve,F2-PZ06-A05-R07-B2,32
Upper Shelve,F2-PZ06-A05-R07-B3,32
Upper Shelve,F2-PZ06-A05-R07-B4,32
Lower Shelve,F2-PZ06-A05-R08-A1,48
Lower Shelve,F2-PZ06-A05-R08-A2,48
Lower Shelve,F2-PZ06-A05-R08-A3,48
Upper Shelve,F2-PZ06-A05-R08-B1,32
Upper Shelve,F2-PZ06-A05-R08-B2,32
Upper Shelve,F2-PZ06-A05-R08-B3,32
Upper Shelve,F2-PZ06-A05-R08-B4,32
Lower Shelve,F2-PZ06-A05-R09-A1,48
Lower Shelve,F2-PZ06-A05-R09-A2,48
Lower Shelve,F2-PZ06-A05-R09-A3,48
Upper Shelve,F2-PZ06-A05-R09-B1,32
Upper Shelve,F2-PZ06-A05-R09-B2,32
Upper Shelve,F2-PZ06-A05-R09-B3,32
Upper Shelve,F2-PZ06-A05-R09-B4,32
Lower Shelve,F2-PZ06-A05-R10-A1,48
Lower Shelve,F2-PZ06-A05-R10-A2,48
Lower Shelve,F2-PZ06-A05-R10-A3,48
Upper Shelve,F2-PZ06-A05-R10-B1,32
Upper Shelve,F2-PZ06-A05-R10-B2,32
Upper Shelve,F2-PZ06-A05-R10-B3,32
Upper Shelve,F2-PZ06-A05-R10-B4,32
Lower Shelve,F2-PZ06-A06-R01-A1,48
Lower Shelve,F2-PZ06-A06-R01-A2,48
Lower Shelve,F2-PZ06-A06-R01-A3,48
Upper Shelve,F2-PZ06-A06-R01-B1,32
Upper Shelve,F2-PZ06-A06-R01-B2,32
Upper Shelve,F2-PZ06-A06-R01-B3,32
Upper Shelve,F2-PZ06-A06-R01-B4,32
Bulk Location,F2-PZ06-A06-R01-PL,60
Lower Shelve,F2-PZ06-A06-R02-A1,48
Lower Shelve,F2-PZ06-A06-R02-A2,48
Lower Shelve,F2-PZ06-A06-R02-A3,48
Upper Shelve,F2-PZ06-A06-R02-B1,32
Upper Shelve,F2-PZ06-A06-R02-B2,32
Upper Shelve,F2-PZ06-A06-R02-B3,32
Upper Shelve,F2-PZ06-A06-R02-B4,32
Lower Shelve,F2-PZ06-A06-R03-A1,48
Lower Shelve,F2-PZ06-A06-R03-A2,48
Lower Shelve,F2-PZ06-A06-R03-A3,48
Upper Shelve,F2-PZ06-A06-R03-B1,32
Upper Shelve,F2-PZ06-A06-R03-B2,32
Upper Shelve,F2-PZ06-A06-R03-B3,32
Upper Shelve,F2-PZ06-A06-R03-B4,32
Lower Shelve,F2-PZ06-A06-R04-A1,48
Lower Shelve,F2-PZ06-A06-R04-A2,48
Lower Shelve,F2-PZ06-A06-R04-A3,48
Upper Shelve,F2-PZ06-A06-R04-B1,32
Upper Shelve,F2-PZ06-A06-R04-B2,32
Upper Shelve,F2-PZ06-A06-R04-B3,32
Upper Shelve,F2-PZ06-A06-R04-B4,32
Lower Shelve,F2-PZ06-A06-R05-A1,48
Lower Shelve,F2-PZ06-A06-R05-A2,48
Lower Shelve,F2-PZ06-A06-R05-A3,48
Upper Shelve,F2-PZ06-A06-R05-B1,32
Upper Shelve,F2-PZ06-A06-R05-B2,32
Upper Shelve,F2-PZ06-A06-R05-B3,32
Upper Shelve,F2-PZ06-A06-R05-B4,32
Lower Shelve,F2-PZ06-A06-R06-A1,48
Lower Shelve,F2-PZ06-A06-R06-A2,48
Lower Shelve,F2-PZ06-A06-R06-A3,48
Upper Shelve,F2-PZ06-A06-R06-B1,32
Upper Shelve,F2-PZ06-A06-R06-B2,32
Upper Shelve,F2-PZ06-A06-R06-B3,32
Upper Shelve,F2-PZ06-A06-R06-B4,32
Lower Shelve,F2-PZ06-A06-R07-A1,48
Lower Shelve,F2-PZ06-A06-R07-A2,48
Lower Shelve,F2-PZ06-A06-R07-A3,48
Upper Shelve,F2-PZ06-A06-R07-B1,32
Upper Shelve,F2-PZ06-A06-R07-B2,32
Upper Shelve,F2-PZ06-A06-R07-B3,32
Upper Shelve,F2-PZ06-A06-R07-B4,32
Lower Shelve,F2-PZ06-A06-R08-A1,48
Lower Shelve,F2-PZ06-A06-R08-A2,48
Lower Shelve,F2-PZ06-A06-R08-A3,48
Upper Shelve,F2-PZ06-A06-R08-B1,32
Upper Shelve,F2-PZ06-A06-R08-B2,32
Upper Shelve,F2-PZ06-A06-R08-B3,32
Upper Shelve,F2-PZ06-A06-R08-B4,32
Lower Shelve,F2-PZ06-A06-R09-A1,48
Lower Shelve,F2-PZ06-A06-R09-A2,48
Lower Shelve,F2-PZ06-A06-R09-A3,48
Upper Shelve,F2-PZ06-A06-R09-B1,32
Upper Shelve,F2-PZ06-A06-R09-B2,32
Upper Shelve,F2-PZ06-A06-R09-B3,32
Upper Shelve,F2-PZ06-A06-R09-B4,32
Lower Shelve,F2-PZ06-A06-R10-A1,48
Lower Shelve,F2-PZ06-A06-R10-A2,48
Lower Shelve,F2-PZ06-A06-R10-A3,48
Upper Shelve,F2-PZ06-A06-R10-B1,32
Upper Shelve,F2-PZ06-A06-R10-B2,32
Upper Shelve,F2-PZ06-A06-R10-B3,32
Upper Shelve,F2-PZ06-A06-R10-B4,32
Lower Shelve,F2-PZ06-A07-R01-A1,48
Lower Shelve,F2-PZ06-A07-R01-A2,48
Lower Shelve,F2-PZ06-A07-R01-A3,48
Upper Shelve,F2-PZ06-A07-R01-B1,32
Upper Shelve,F2-PZ06-A07-R01-B2,32
Upper Shelve,F2-PZ06-A07-R01-B3,32
Upper Shelve,F2-PZ06-A07-R01-B4,32
Bulk Location,F2-PZ06-A07-R01-PL,60
Lower Shelve,F2-PZ06-A07-R02-A1,48
Lower Shelve,F2-PZ06-A07-R02-A2,48
Lower Shelve,F2-PZ06-A07-R02-A3,48
Upper Shelve,F2-PZ06-A07-R02-B1,32
Upper Shelve,F2-PZ06-A07-R02-B2,32
Upper Shelve,F2-PZ06-A07-R02-B3,32
Upper Shelve,F2-PZ06-A07-R02-B4,32
Lower Shelve,F2-PZ06-A07-R03-A1,48
Lower Shelve,F2-PZ06-A07-R03-A2,48
Lower Shelve,F2-PZ06-A07-R03-A3,48
Upper Shelve,F2-PZ06-A07-R03-B1,32
Upper Shelve,F2-PZ06-A07-R03-B2,32
Upper Shelve,F2-PZ06-A07-R03-B3,32
Upper Shelve,F2-PZ06-A07-R03-B4,32
Lower Shelve,F2-PZ06-A07-R04-A1,48
Lower Shelve,F2-PZ06-A07-R04-A2,48
Lower Shelve,F2-PZ06-A07-R04-A3,48
Upper Shelve,F2-PZ06-A07-R04-B1,32
Upper Shelve,F2-PZ06-A07-R04-B2,32
Upper Shelve,F2-PZ06-A07-R04-B3,32
Upper Shelve,F2-PZ06-A07-R04-B4,32
Lower Shelve,F2-PZ06-A07-R05-A1,48
Lower Shelve,F2-PZ06-A07-R05-A2,48
Lower Shelve,F2-PZ06-A07-R05-A3,48
Upper Shelve,F2-PZ06-A07-R05-B1,32
Upper Shelve,F2-PZ06-A07-R05-B2,32
Upper Shelve,F2-PZ06-A07-R05-B3,32
Upper Shelve,F2-PZ06-A07-R05-B4,32
Lower Shelve,F2-PZ07-A07-R01-A1,48
Lower Shelve,F2-PZ07-A07-R01-A2,48
Upper Shelve,F2-PZ07-A07-R01-B1,32
Upper Shelve,F2-PZ07-A07-R01-B2,32
Upper Shelve,F2-PZ07-A07-R01-B3,32
Lower Shelve,F2-PZ07-A07-R02-A1,48
Lower Shelve,F2-PZ07-A07-R02-A2,48
Lower Shelve,F2-PZ07-A07-R02-A3,48
Upper Shelve,F2-PZ07-A07-R02-B1,32
Upper Shelve,F2-PZ07-A07-R02-B2,32
Upper Shelve,F2-PZ07-A07-R02-B3,32
Upper Shelve,F2-PZ07-A07-R02-B4,32
Lower Shelve,F2-PZ07-A07-R03-A1,48
Lower Shelve,F2-PZ07-A07-R03-A2,48
Upper Shelve,F2-PZ07-A07-R03-B1,32
Upper Shelve,F2-PZ07-A07-R03-B2,32
Upper Shelve,F2-PZ07-A07-R03-B3,32
Lower Shelve,F2-PZ07-A08-R01-A1,48
Lower Shelve,F2-PZ07-A08-R01-A2,48
Upper Shelve,F2-PZ07-A08-R01-B1,32
Upper Shelve,F2-PZ07-A08-R01-B2,32
Upper Shelve,F2-PZ07-A08-R01-B3,32
Lower Shelve,F2-PZ07-A08-R02-A1,48
Lower Shelve,F2-PZ07-A08-R02-A2,48
Upper Shelve,F2-PZ07-A08-R02-B1,32
Upper Shelve,F2-PZ07-A08-R02-B2,32
Upper Shelve,F2-PZ07-A08-R02-B3,32
Lower Shelve,F2-PZ07-A08-R03-A1,48
Lower Shelve,F2-PZ07-A08-R03-A2,48
Lower Shelve,F2-PZ07-A08-R03-A3,48
Upper Shelve,F2-PZ07-A08-R03-B1,32
Upper Shelve,F2-PZ07-A08-R03-B2,32
Upper Shelve,F2-PZ07-A08-R03-B3,32
Upper Shelve,F2-PZ07-A08-R03-B4,32
Lower Shelve,F2-PZ07-A08-R04-A1,48
Lower Shelve,F2-PZ07-A08-R04-A2,48
Lower Shelve,F2-PZ07-A08-R04-A3,48
Upper Shelve,F2-PZ07-A08-R04-B1,32
Upper Shelve,F2-PZ07-A08-R04-B2,32
Upper Shelve,F2-PZ07-A08-R04-B3,32
Upper Shelve,F2-PZ07-A08-R04-B4,32
Lower Shelve,F2-PZ07-A08-R05-A1,48
Lower Shelve,F2-PZ07-A08-R05-A2,48
Lower Shelve,F2-PZ07-A08-R05-A3,48
Upper Shelve,F2-PZ07-A08-R05-B1,32
Upper Shelve,F2-PZ07-A08-R05-B2,32
Upper Shelve,F2-PZ07-A08-R05-B3,32
Upper Shelve,F2-PZ07-A08-R05-B4,32
Lower Shelve,F2-PZ07-A08-R06-A1,48
Lower Shelve,F2-PZ07-A08-R06-A2,48
Lower Shelve,F2-PZ07-A08-R06-A3,48
Upper Shelve,F2-PZ07-A08-R06-B1,32
Upper Shelve,F2-PZ07-A08-R06-B2,32
Upper Shelve,F2-PZ07-A08-R06-B3,32
Upper Shelve,F2-PZ07-A08-R06-B4,32
Lower Shelve,F2-PZ07-A08-R07-A1,48
Lower Shelve,F2-PZ07-A08-R07-A2,48
Lower Shelve,F2-PZ07-A08-R07-A3,48
Upper Shelve,F2-PZ07-A08-R07-B1,32
Upper Shelve,F2-PZ07-A08-R07-B2,32
Upper Shelve,F2-PZ07-A08-R07-B3,32
Upper Shelve,F2-PZ07-A08-R07-B4,32
Lower Shelve,F2-PZ07-A08-R08-A1,48
Lower Shelve,F2-PZ07-A08-R08-A2,48
Lower Shelve,F2-PZ07-A08-R08-A3,48
Upper Shelve,F2-PZ07-A08-R08-B1,32
Upper Shelve,F2-PZ07-A08-R08-B2,32
Upper Shelve,F2-PZ07-A08-R08-B3,32
Upper Shelve,F2-PZ07-A08-R08-B4,32
Lower Shelve,F2-PZ07-A09-R01-A1,48
Lower Shelve,F2-PZ07-A09-R01-A2,48
Upper Shelve,F2-PZ07-A09-R01-B1,32
Upper Shelve,F2-PZ07-A09-R01-B2,32
Upper Shelve,F2-PZ07-A09-R01-B3,32
Bulk Location,F2-PZ07-A09-R01-PL,60
Lower Shelve,F2-PZ07-A09-R02-A1,48
Lower Shelve,F2-PZ07-A09-R02-A2,48
Upper Shelve,F2-PZ07-A09-R02-B1,32
Upper Shelve,F2-PZ07-A09-R02-B2,32
Upper Shelve,F2-PZ07-A09-R02-B3,32
Lower Shelve,F2-PZ07-A09-R03-A1,48
Lower Shelve,F2-PZ07-A09-R03-A2,48
Lower Shelve,F2-PZ07-A09-R03-A3,48
Upper Shelve,F2-PZ07-A09-R03-B1,32
Upper Shelve,F2-PZ07-A09-R03-B2,32
Upper Shelve,F2-PZ07-A09-R03-B3,32
Upper Shelve,F2-PZ07-A09-R03-B4,32
Lower Shelve,F2-PZ07-A09-R04-A1,48
Lower Shelve,F2-PZ07-A09-R04-A2,48
Lower Shelve,F2-PZ07-A09-R04-A3,48
Upper Shelve,F2-PZ07-A09-R04-B1,32
Upper Shelve,F2-PZ07-A09-R04-B2,32
Upper Shelve,F2-PZ07-A09-R04-B3,32
Upper Shelve,F2-PZ07-A09-R04-B4,32
Lower Shelve,F2-PZ07-A09-R05-A1,48
Lower Shelve,F2-PZ07-A09-R05-A2,48
Lower Shelve,F2-PZ07-A09-R05-A3,48
Upper Shelve,F2-PZ07-A09-R05-B1,32
Upper Shelve,F2-PZ07-A09-R05-B2,32
Upper Shelve,F2-PZ07-A09-R05-B3,32
Upper Shelve,F2-PZ07-A09-R05-B4,32
Lower Shelve,F2-PZ07-A09-R06-A1,48
Lower Shelve,F2-PZ07-A09-R06-A2,48
Lower Shelve,F2-PZ07-A09-R06-A3,48
Upper Shelve,F2-PZ07-A09-R06-B1,32
Upper Shelve,F2-PZ07-A09-R06-B2,32
Upper Shelve,F2-PZ07-A09-R06-B3,32
Upper Shelve,F2-PZ07-A09-R06-B4,32
Lower Shelve,F2-PZ07-A09-R07-A1,48
Lower Shelve,F2-PZ07-A09-R07-A2,48
Lower Shelve,F2-PZ07-A09-R07-A3,48
Upper Shelve,F2-PZ07-A09-R07-B1,32
Upper Shelve,F2-PZ07-A09-R07-B2,32
Upper Shelve,F2-PZ07-A09-R07-B3,32
Upper Shelve,F2-PZ07-A09-R07-B4,32
Lower Shelve,F2-PZ07-A09-R08-A1,48
Lower Shelve,F2-PZ07-A09-R08-A2,48
Lower Shelve,F2-PZ07-A09-R08-A3,48
Upper Shelve,F2-PZ07-A09-R08-B1,32
Upper Shelve,F2-PZ07-A09-R08-B2,32
Upper Shelve,F2-PZ07-A09-R08-B3,32
Upper Shelve,F2-PZ07-A09-R08-B4,32
Lower Shelve,F2-PZ07-A10-R01-A1,48
Lower Shelve,F2-PZ07-A10-R01-A2,48
Lower Shelve,F2-PZ07-A10-R01-A3,48
Upper Shelve,F2-PZ07-A10-R01-B1,32
Upper Shelve,F2-PZ07-A10-R01-B2,32
Upper Shelve,F2-PZ07-A10-R01-B3,32
Upper Shelve,F2-PZ07-A10-R01-B4,32
Bulk Location,F2-PZ07-A10-R01-PL,60
Lower Shelve,F2-PZ07-A10-R02-A1,48
Lower Shelve,F2-PZ07-A10-R02-A2,48
Lower Shelve,F2-PZ07-A10-R02-A3,48
Upper Shelve,F2-PZ07-A10-R02-B1,32
Upper Shelve,F2-PZ07-A10-R02-B2,32
Upper Shelve,F2-PZ07-A10-R02-B3,32
Upper Shelve,F2-PZ07-A10-R02-B4,32
Lower Shelve,F2-PZ07-A10-R03-A1,48
Lower Shelve,F2-PZ07-A10-R03-A2,48
Upper Shelve,F2-PZ07-A10-R03-B1,32
Upper Shelve,F2-PZ07-A10-R03-B2,32
Upper Shelve,F2-PZ07-A10-R03-B3,32
Lower Shelve,F2-PZ07-A10-R04-A1,48
Lower Shelve,F2-PZ07-A10-R04-A2,48
Lower Shelve,F2-PZ07-A10-R04-A3,48
Upper Shelve,F2-PZ07-A10-R04-B1,32
Upper Shelve,F2-PZ07-A10-R04-B2,32
Upper Shelve,F2-PZ07-A10-R04-B3,32
Upper Shelve,F2-PZ07-A10-R04-B4,32
Lower Shelve,F2-PZ07-A10-R05-A1,48
Lower Shelve,F2-PZ07-A10-R05-A2,48
Lower Shelve,F2-PZ07-A10-R05-A3,48
Upper Shelve,F2-PZ07-A10-R05-B1,32
Upper Shelve,F2-PZ07-A10-R05-B2,32
Upper Shelve,F2-PZ07-A10-R05-B3,32
Upper Shelve,F2-PZ07-A10-R05-B4,32
Lower Shelve,F2-PZ07-A10-R06-A1,48
Lower Shelve,F2-PZ07-A10-R06-A2,48
Lower Shelve,F2-PZ07-A10-R06-A3,48
Upper Shelve,F2-PZ07-A10-R06-B1,32
Upper Shelve,F2-PZ07-A10-R06-B2,32
Upper Shelve,F2-PZ07-A10-R06-B3,32
Upper Shelve,F2-PZ07-A10-R06-B4,32
Lower Shelve,F2-PZ07-A10-R07-A1,48
Lower Shelve,F2-PZ07-A10-R07-A2,48
Lower Shelve,F2-PZ07-A10-R07-A3,48
Upper Shelve,F2-PZ07-A10-R07-B1,32
Upper Shelve,F2-PZ07-A10-R07-B2,32
Upper Shelve,F2-PZ07-A10-R07-B3,32
Upper Shelve,F2-PZ07-A10-R07-B4,32
Lower Shelve,F2-PZ07-A10-R08-A1,48
Lower Shelve,F2-PZ07-A10-R08-A2,48
Lower Shelve,F2-PZ07-A10-R08-A3,48
Upper Shelve,F2-PZ07-A10-R08-B1,32
Upper Shelve,F2-PZ07-A10-R08-B2,32
Upper Shelve,F2-PZ07-A10-R08-B3,32
Upper Shelve,F2-PZ07-A10-R08-B4,32
Lower Shelve,F2-PZ07-A10-R09-A1,48
Lower Shelve,F2-PZ07-A10-R09-A2,48
Lower Shelve,F2-PZ07-A10-R09-A3,48
Upper Shelve,F2-PZ07-A10-R09-B1,32
Upper Shelve,F2-PZ07-A10-R09-B2,32
Upper Shelve,F2-PZ07-A10-R09-B3,32
Upper Shelve,F2-PZ07-A10-R09-B4,32
Lower Shelve,F2-PZ07-A11-R01-A1,48
Lower Shelve,F2-PZ07-A11-R01-A2,48
Lower Shelve,F2-PZ07-A11-R01-A3,48
Upper Shelve,F2-PZ07-A11-R01-B1,32
Upper Shelve,F2-PZ07-A11-R01-B2,32
Upper Shelve,F2-PZ07-A11-R01-B3,32
Upper Shelve,F2-PZ07-A11-R01-B4,32
Bulk Location,F2-PZ07-A11-R01-PL,60
Lower Shelve,F2-PZ07-A11-R02-A1,48
Lower Shelve,F2-PZ07-A11-R02-A2,48
Lower Shelve,F2-PZ07-A11-R02-A3,48
Upper Shelve,F2-PZ07-A11-R02-B1,32
Upper Shelve,F2-PZ07-A11-R02-B2,32
Upper Shelve,F2-PZ07-A11-R02-B3,32
Upper Shelve,F2-PZ07-A11-R02-B4,32
Lower Shelve,F2-PZ07-A11-R03-A1,48
Lower Shelve,F2-PZ07-A11-R03-A2,48
Lower Shelve,F2-PZ07-A11-R03-A3,48
Upper Shelve,F2-PZ07-A11-R03-B1,32
Upper Shelve,F2-PZ07-A11-R03-B2,32
Upper Shelve,F2-PZ07-A11-R03-B3,32
Upper Shelve,F2-PZ07-A11-R03-B4,32
Lower Shelve,F2-PZ07-A11-R04-A1,48
Lower Shelve,F2-PZ07-A11-R04-A2,48
Lower Shelve,F2-PZ07-A11-R04-A3,48
Upper Shelve,F2-PZ07-A11-R04-B1,32
Upper Shelve,F2-PZ07-A11-R04-B2,32
Upper Shelve,F2-PZ07-A11-R04-B3,32
Upper Shelve,F2-PZ07-A11-R04-B4,32
Lower Shelve,F2-PZ07-A11-R05-A1,48
Lower Shelve,F2-PZ07-A11-R05-A2,48
Lower Shelve,F2-PZ07-A11-R05-A3,48
Upper Shelve,F2-PZ07-A11-R05-B1,32
Upper Shelve,F2-PZ07-A11-R05-B2,32
Upper Shelve,F2-PZ07-A11-R05-B3,32
Upper Shelve,F2-PZ07-A11-R05-B4,32
Lower Shelve,F2-PZ07-A11-R06-A1,48
Lower Shelve,F2-PZ07-A11-R06-A2,48
Lower Shelve,F2-PZ07-A11-R06-A3,48
Upper Shelve,F2-PZ07-A11-R06-B1,32
Upper Shelve,F2-PZ07-A11-R06-B2,32
Upper Shelve,F2-PZ07-A11-R06-B3,32
Upper Shelve,F2-PZ07-A11-R06-B4,32
Lower Shelve,F2-PZ07-A11-R07-A1,48
Lower Shelve,F2-PZ07-A11-R07-A2,48
Lower Shelve,F2-PZ07-A11-R07-A3,48
Upper Shelve,F2-PZ07-A11-R07-B1,32
Upper Shelve,F2-PZ07-A11-R07-B2,32
Upper Shelve,F2-PZ07-A11-R07-B3,32
Upper Shelve,F2-PZ07-A11-R07-B4,32
Lower Shelve,F2-PZ07-A11-R08-A1,48
Lower Shelve,F2-PZ07-A11-R08-A2,48
Lower Shelve,F2-PZ07-A11-R08-A3,48
Upper Shelve,F2-PZ07-A11-R08-B1,32
Upper Shelve,F2-PZ07-A11-R08-B2,32
Upper Shelve,F2-PZ07-A11-R08-B3,32
Upper Shelve,F2-PZ07-A11-R08-B4,32
Lower Shelve,F2-PZ07-A11-R09-A1,48
Lower Shelve,F2-PZ07-A11-R09-A2,48
Lower Shelve,F2-PZ07-A11-R09-A3,48
Upper Shelve,F2-PZ07-A11-R09-B1,32
Upper Shelve,F2-PZ07-A11-R09-B2,32
Upper Shelve,F2-PZ07-A11-R09-B3,32
Upper Shelve,F2-PZ07-A11-R09-B4,32
Lower Shelve,F2-PZ07-A11-R10-A1,48
Lower Shelve,F2-PZ07-A11-R10-A2,48
Lower Shelve,F2-PZ07-A11-R10-A3,48
Upper Shelve,F2-PZ07-A11-R10-B1,32
Upper Shelve,F2-PZ07-A11-R10-B2,32
Upper Shelve,F2-PZ07-A11-R10-B3,32
Upper Shelve,F2-PZ07-A11-R10-B4,32
Lower Shelve,F2-PZ07-A12-R01-A1,48
Lower Shelve,F2-PZ07-A12-R01-A2,48
Lower Shelve,F2-PZ07-A12-R01-A3,48
Upper Shelve,F2-PZ07-A12-R01-B1,32
Upper Shelve,F2-PZ07-A12-R01-B2,32
Upper Shelve,F2-PZ07-A12-R01-B3,32
Upper Shelve,F2-PZ07-A12-R01-B4,32
Bulk Location,F2-PZ07-A12-R01-PL,60
Lower Shelve,F2-PZ07-A12-R02-A1,48
Lower Shelve,F2-PZ07-A12-R02-A2,48
Lower Shelve,F2-PZ07-A12-R02-A3,48
Upper Shelve,F2-PZ07-A12-R02-B1,32
Upper Shelve,F2-PZ07-A12-R02-B2,32
Upper Shelve,F2-PZ07-A12-R02-B3,32
Upper Shelve,F2-PZ07-A12-R02-B4,32
Lower Shelve,F2-PZ07-A12-R03-A1,48
Lower Shelve,F2-PZ07-A12-R03-A2,48
Lower Shelve,F2-PZ07-A12-R03-A3,48
Upper Shelve,F2-PZ07-A12-R03-B1,32
Upper Shelve,F2-PZ07-A12-R03-B2,32
Upper Shelve,F2-PZ07-A12-R03-B3,32
Upper Shelve,F2-PZ07-A12-R03-B4,32
Lower Shelve,F2-PZ07-A12-R04-A1,48
Lower Shelve,F2-PZ07-A12-R04-A2,48
Lower Shelve,F2-PZ07-A12-R04-A3,48
Upper Shelve,F2-PZ07-A12-R04-B1,32
Upper Shelve,F2-PZ07-A12-R04-B2,32
Upper Shelve,F2-PZ07-A12-R04-B3,32
Upper Shelve,F2-PZ07-A12-R04-B4,32
Lower Shelve,F2-PZ07-A12-R05-A1,48
Lower Shelve,F2-PZ07-A12-R05-A2,48
Lower Shelve,F2-PZ07-A12-R05-A3,48
Upper Shelve,F2-PZ07-A12-R05-B1,32
Upper Shelve,F2-PZ07-A12-R05-B2,32
Upper Shelve,F2-PZ07-A12-R05-B3,32
Upper Shelve,F2-PZ07-A12-R05-B4,32
Lower Shelve,F2-PZ07-A12-R06-A1,48
Lower Shelve,F2-PZ07-A12-R06-A2,48
Lower Shelve,F2-PZ07-A12-R06-A3,48
Upper Shelve,F2-PZ07-A12-R06-B1,32
Upper Shelve,F2-PZ07-A12-R06-B2,32
Upper Shelve,F2-PZ07-A12-R06-B3,32
Upper Shelve,F2-PZ07-A12-R06-B4,32
Lower Shelve,F2-PZ07-A12-R07-A1,48
Lower Shelve,F2-PZ07-A12-R07-A2,48
Lower Shelve,F2-PZ07-A12-R07-A3,48
Upper Shelve,F2-PZ07-A12-R07-B1,32
Upper Shelve,F2-PZ07-A12-R07-B2,32
Upper Shelve,F2-PZ07-A12-R07-B3,32
Upper Shelve,F2-PZ07-A12-R07-B4,32
Lower Shelve,F2-PZ07-A12-R08-A1,48
Lower Shelve,F2-PZ07-A12-R08-A2,48
Lower Shelve,F2-PZ07-A12-R08-A3,48
Upper Shelve,F2-PZ07-A12-R08-B1,32
Upper Shelve,F2-PZ07-A12-R08-B2,32
Upper Shelve,F2-PZ07-A12-R08-B3,32
Upper Shelve,F2-PZ07-A12-R08-B4,32
Lower Shelve,F2-PZ07-A12-R09-A1,48
Lower Shelve,F2-PZ07-A12-R09-A2,48
Lower Shelve,F2-PZ07-A12-R09-A3,48
Upper Shelve,F2-PZ07-A12-R09-B1,32
Upper Shelve,F2-PZ07-A12-R09-B2,32
Upper Shelve,F2-PZ07-A12-R09-B3,32
Upper Shelve,F2-PZ07-A12-R09-B4,32
Lower Shelve,F2-PZ07-A12-R10-A1,48
Lower Shelve,F2-PZ07-A12-R10-A2,48
Lower Shelve,F2-PZ07-A12-R10-A3,48
Upper Shelve,F2-PZ07-A12-R10-B1,32
Upper Shelve,F2-PZ07-A12-R10-B2,32
Upper Shelve,F2-PZ07-A12-R10-B3,32
Upper Shelve,F2-PZ07-A12-R10-B4,32
Bulk Location,F2-PZ07-A13-BULK-01,60
Bulk Location,F2-PZ07-A13-BULK-02,60
Bulk Location,F2-PZ07-A13-BULK-03,60
Bulk Location,F2-PZ07-A13-BULK-04,60
Bulk Location,F2-PZ07-A13-BULK-05,60
Bulk Location,F2-PZ07-A13-BULK-06,60
Bulk Location,F2-PZ07-A13-BULK-07,60
Bulk Location,F2-PZ07-A13-BULK-08,60
Bulk Location,F2-PZ07-A13-BULK-09,60
Bulk Location,F2-PZ07-A13-BULK-10,60
Bulk Location,F2-PZ07-A13-BULK-11,60
Bulk Location,F2-PZ07-A13-BULK-12,60
Bulk Location,F2-PZ07-A13-BULK-13,60
Bulk Location,F2-PZ07-A13-BULK-14,60
Lower Shelve,F2-PZ07-A13-R01-A1,48
Lower Shelve,F2-PZ07-A13-R01-A2,48
Lower Shelve,F2-PZ07-A13-R01-A3,48
Upper Shelve,F2-PZ07-A13-R01-B1,32
Upper Shelve,F2-PZ07-A13-R01-B2,32
Upper Shelve,F2-PZ07-A13-R01-B3,32
Upper Shelve,F2-PZ07-A13-R01-B4,32
Bulk Location,F2-PZ07-A13-R01-PL,60
Lower Shelve,F2-PZ07-A13-R02-A1,48
Lower Shelve,F2-PZ07-A13-R02-A2,48
Lower Shelve,F2-PZ07-A13-R02-A3,48
Upper Shelve,F2-PZ07-A13-R02-B1,32
Upper Shelve,F2-PZ07-A13-R02-B2,32
Upper Shelve,F2-PZ07-A13-R02-B3,32
Upper Shelve,F2-PZ07-A13-R02-B4,32
Lower Shelve,F2-PZ07-A13-R03-A1,48
Lower Shelve,F2-PZ07-A13-R03-A2,48
Lower Shelve,F2-PZ07-A13-R03-A3,48
Upper Shelve,F2-PZ07-A13-R03-B1,32
Upper Shelve,F2-PZ07-A13-R03-B2,32
Upper Shelve,F2-PZ07-A13-R03-B3,32
Upper Shelve,F2-PZ07-A13-R03-B4,32
Lower Shelve,F2-PZ07-A13-R04-A1,48
Lower Shelve,F2-PZ07-A13-R04-A2,48
Lower Shelve,F2-PZ07-A13-R04-A3,48
Upper Shelve,F2-PZ07-A13-R04-B1,32
Upper Shelve,F2-PZ07-A13-R04-B2,32
Upper Shelve,F2-PZ07-A13-R04-B3,32
Upper Shelve,F2-PZ07-A13-R04-B4,32
Lower Shelve,F2-PZ07-A13-R05-A1,48
Lower Shelve,F2-PZ07-A13-R05-A2,48
Lower Shelve,F2-PZ07-A13-R05-A3,48
Upper Shelve,F2-PZ07-A13-R05-B1,32
Upper Shelve,F2-PZ07-A13-R05-B2,32
Upper Shelve,F2-PZ07-A13-R05-B3,32
Upper Shelve,F2-PZ07-A13-R05-B4,32
Bulk Location,F2-PZ07-A14-BULK-01,60
Bulk Location,F2-PZ07-A14-BULK-02,60
Bulk Location,F2-PZ07-A14-BULK-04,60
Bulk Location,F2-PZ07-A14-BULK-05,60
Bulk Location,F2-PZ07-A14-BULK-06,60
Bulk Location,F2-PZ07-A14-BULK-07,60
Bulk Location,F2-PZ07-A14-BULK-08,60
Bulk Location,F2-PZ07-A14-BULK-09,60
Bulk Location,F2-PZ07-A14-BULK-10,60
Bulk Location,F2-PZ07-A14-BULK-11,60
Bulk Location,F2-PZ07-A14-BULK-12,60
Bulk Location,F2-PZ07-A14-BULK-13,60
Bulk Location,F2-PZ07-A14-BULK-14,60
Bulk Location,F2-PZ07-A14-BULK-15,60
Lower Shelve,F2-PZ07-A14-R01-A1,48
Lower Shelve,F2-PZ07-A14-R01-A2,48
Lower Shelve,F2-PZ07-A14-R01-A3,48
Upper Shelve,F2-PZ07-A14-R01-B1,32
Upper Shelve,F2-PZ07-A14-R01-B2,32
Upper Shelve,F2-PZ07-A14-R01-B3,32
Upper Shelve,F2-PZ07-A14-R01-B4,32
Lower Shelve,F2-PZ07-A14-R02-A1,48
Lower Shelve,F2-PZ07-A14-R02-A2,48
Lower Shelve,F2-PZ07-A14-R02-A3,48
Upper Shelve,F2-PZ07-A14-R02-B1,32
Upper Shelve,F2-PZ07-A14-R02-B2,32
Upper Shelve,F2-PZ07-A14-R02-B3,32
Upper Shelve,F2-PZ07-A14-R02-B4,32
Lower Shelve,F2-PZ07-A14-R03-A1,48
Lower Shelve,F2-PZ07-A14-R03-A2,48
Lower Shelve,F2-PZ07-A14-R03-A3,48
Upper Shelve,F2-PZ07-A14-R03-B1,32
Upper Shelve,F2-PZ07-A14-R03-B2,32
Upper Shelve,F2-PZ07-A14-R03-B3,32
Upper Shelve,F2-PZ07-A14-R03-B4,32
Lower Shelve,F2-PZ07-A14-R04-A1,48
Lower Shelve,F2-PZ07-A14-R04-A2,48
Lower Shelve,F2-PZ07-A14-R04-A3,48
Upper Shelve,F2-PZ07-A14-R04-B1,32
Upper Shelve,F2-PZ07-A14-R04-B2,32
Upper Shelve,F2-PZ07-A14-R04-B3,32
Upper Shelve,F2-PZ07-A14-R04-B4,32
Bulk Location,F2-PZ07-A15-BULK-01,60
Lower Shelve,F2-PZ07-A15-R01-A1,48
Lower Shelve,F2-PZ07-A15-R01-A2,48
Lower Shelve,F2-PZ07-A15-R01-A3,48
Upper Shelve,F2-PZ07-A15-R01-B1,32
Upper Shelve,F2-PZ07-A15-R01-B2,32
Upper Shelve,F2-PZ07-A15-R01-B3,32
Upper Shelve,F2-PZ07-A15-R01-B4,32
Lower Shelve,F2-PZ07-A15-R02-A1,48
Lower Shelve,F2-PZ07-A15-R02-A2,48
Lower Shelve,F2-PZ07-A15-R02-A3,48
Upper Shelve,F2-PZ07-A15-R02-B1,32
Upper Shelve,F2-PZ07-A15-R02-B2,32
Upper Shelve,F2-PZ07-A15-R02-B3,32
Upper Shelve,F2-PZ07-A15-R02-B4,32
Lower Shelve,F2-PZ07-A15-R03-A1,48
Lower Shelve,F2-PZ07-A15-R03-A2,48
Upper Shelve,F2-PZ07-A15-R03-B1,32
Upper Shelve,F2-PZ07-A15-R03-B2,32
Upper Shelve,F2-PZ07-A15-R03-B3,32
Bulk Location,F2-VRC-2,60
LSS Location,F3-PZ01-A01-R01-A1,7.9
LSS Location,F3-PZ01-A01-R01-A2,7.9
LSS Location,F3-PZ01-A01-R01-A3,7.9
LSS Location,F3-PZ01-A01-R01-A4,7.9
LSS Location,F3-PZ01-A01-R01-A5,7.9
LSS Location,F3-PZ01-A01-R01-B1,7.9
LSS Location,F3-PZ01-A01-R01-B2,7.9
LSS Location,F3-PZ01-A01-R01-B3,7.9
LSS Location,F3-PZ01-A01-R01-B4,7.9
LSS Location,F3-PZ01-A01-R01-B5,7.9
LSS Location,F3-PZ01-A01-R01-C1,7.9
LSS Location,F3-PZ01-A01-R01-C2,7.9
LSS Location,F3-PZ01-A01-R01-C3,7.9
LSS Location,F3-PZ01-A01-R01-C4,7.9
LSS Location,F3-PZ01-A01-R01-C5,7.9
LSS Location,F3-PZ01-A01-R01-D1,7.9
LSS Location,F3-PZ01-A01-R01-D2,7.9
LSS Location,F3-PZ01-A01-R01-D3,7.9
LSS Location,F3-PZ01-A01-R01-D4,7.9
LSS Location,F3-PZ01-A01-R01-D5,7.9
LSS Location,F3-PZ01-A01-R01-PL,
Bulk Location,F3-PZ01-A01-R01-PL1,60
LSS Location,F3-PZ01-A01-R02-A1,7.9
LSS Location,F3-PZ01-A01-R02-A2,7.9
LSS Location,F3-PZ01-A01-R02-A3,7.9
LSS Location,F3-PZ01-A01-R02-A4,7.9
LSS Location,F3-PZ01-A01-R02-A5,7.9
LSS Location,F3-PZ01-A01-R02-B1,7.9
LSS Location,F3-PZ01-A01-R02-B2,7.9
LSS Location,F3-PZ01-A01-R02-B3,7.9
LSS Location,F3-PZ01-A01-R02-B4,7.9
LSS Location,F3-PZ01-A01-R02-B5,7.9
LSS Location,F3-PZ01-A01-R02-C1,7.9
LSS Location,F3-PZ01-A01-R02-C2,7.9
LSS Location,F3-PZ01-A01-R02-C3,7.9
LSS Location,F3-PZ01-A01-R02-C4,7.9
LSS Location,F3-PZ01-A01-R02-C5,7.9
LSS Location,F3-PZ01-A01-R02-D1,7.9
LSS Location,F3-PZ01-A01-R02-D2,7.9
LSS Location,F3-PZ01-A01-R02-D3,7.9
LSS Location,F3-PZ01-A01-R02-D4,7.9
LSS Location,F3-PZ01-A01-R02-D5,7.9
Bulk Location,F3-PZ01-A01-R02-PL2,60
LSS Location,F3-PZ01-A01-R03-A1,7.9
LSS Location,F3-PZ01-A01-R03-A2,7.9
LSS Location,F3-PZ01-A01-R03-A3,7.9
LSS Location,F3-PZ01-A01-R03-A4,7.9
LSS Location,F3-PZ01-A01-R03-A5,7.9
LSS Location,F3-PZ01-A01-R03-B1,7.9
LSS Location,F3-PZ01-A01-R03-B2,7.9
LSS Location,F3-PZ01-A01-R03-B3,7.9
LSS Location,F3-PZ01-A01-R03-B4,7.9
LSS Location,F3-PZ01-A01-R03-B5,7.9
LSS Location,F3-PZ01-A01-R03-C1,7.9
LSS Location,F3-PZ01-A01-R03-C2,7.9
LSS Location,F3-PZ01-A01-R03-C3,7.9
LSS Location,F3-PZ01-A01-R03-C4,7.9
LSS Location,F3-PZ01-A01-R03-C5,7.9
LSS Location,F3-PZ01-A01-R03-D1,7.9
LSS Location,F3-PZ01-A01-R03-D2,7.9
LSS Location,F3-PZ01-A01-R03-D3,7.9
LSS Location,F3-PZ01-A01-R03-D4,7.9
LSS Location,F3-PZ01-A01-R03-D5,7.9
Bulk Location,F3-PZ01-A01-R03-PL2,60
LSS Location,F3-PZ01-A01-R04-A1,7.9
LSS Location,F3-PZ01-A01-R04-A2,7.9
LSS Location,F3-PZ01-A01-R04-A3,7.9
LSS Location,F3-PZ01-A01-R04-A4,7.9
LSS Location,F3-PZ01-A01-R04-A5,7.9
LSS Location,F3-PZ01-A01-R04-B1,7.9
LSS Location,F3-PZ01-A01-R04-B2,7.9
LSS Location,F3-PZ01-A01-R04-B3,7.9
LSS Location,F3-PZ01-A01-R04-B4,7.9
LSS Location,F3-PZ01-A01-R04-B5,7.9
LSS Location,F3-PZ01-A01-R04-C1,7.9
LSS Location,F3-PZ01-A01-R04-C2,7.9
LSS Location,F3-PZ01-A01-R04-C3,7.9
LSS Location,F3-PZ01-A01-R04-C4,7.9
LSS Location,F3-PZ01-A01-R04-C5,7.9
LSS Location,F3-PZ01-A01-R04-D1,7.9
LSS Location,F3-PZ01-A01-R04-D2,7.9
LSS Location,F3-PZ01-A01-R04-D3,7.9
LSS Location,F3-PZ01-A01-R04-D4,7.9
LSS Location,F3-PZ01-A01-R04-D5,7.9
Bulk Location,F3-PZ01-A01-R04-PL3,60
Bulk Location,F3-PZ01-A01-R05-PL4,60
Bulk Location,F3-PZ01-A01-R06-PL4,60
Bulk Location,F3-PZ01-A01-R07-PL5,60
Bulk Location,F3-PZ01-A01-R08-PL6,60
Bulk Location,F3-PZ01-A01-R08-PL7,60
Bulk Location,F3-PZ01-A01-R08-PL8,60
LSS Location,F3-PZ01-A02-R01-A1,7.9
LSS Location,F3-PZ01-A02-R01-A2,7.9
LSS Location,F3-PZ01-A02-R01-A3,7.9
LSS Location,F3-PZ01-A02-R01-A4,7.9
LSS Location,F3-PZ01-A02-R01-A5,7.9
LSS Location,F3-PZ01-A02-R01-B1,7.9
LSS Location,F3-PZ01-A02-R01-B2,7.9
LSS Location,F3-PZ01-A02-R01-B3,7.9
LSS Location,F3-PZ01-A02-R01-B4,7.9
LSS Location,F3-PZ01-A02-R01-B5,7.9
LSS Location,F3-PZ01-A02-R01-C1,7.9
LSS Location,F3-PZ01-A02-R01-C2,7.9
LSS Location,F3-PZ01-A02-R01-C3,7.9
LSS Location,F3-PZ01-A02-R01-C4,7.9
LSS Location,F3-PZ01-A02-R01-C5,7.9
LSS Location,F3-PZ01-A02-R01-D1,7.9
LSS Location,F3-PZ01-A02-R01-D2,7.9
LSS Location,F3-PZ01-A02-R01-D3,7.9
LSS Location,F3-PZ01-A02-R01-D4,7.9
LSS Location,F3-PZ01-A02-R01-D5,7.9
Bulk Location,F3-PZ01-A02-R01-PL,60
LSS Location,F3-PZ01-A02-R02-A1,7.9
LSS Location,F3-PZ01-A02-R02-A2,7.9
LSS Location,F3-PZ01-A02-R02-A3,7.9
LSS Location,F3-PZ01-A02-R02-A4,7.9
LSS Location,F3-PZ01-A02-R02-A5,7.9
LSS Location,F3-PZ01-A02-R02-B1,7.9
LSS Location,F3-PZ01-A02-R02-B2,7.9
LSS Location,F3-PZ01-A02-R02-B3,7.9
LSS Location,F3-PZ01-A02-R02-B4,7.9
LSS Location,F3-PZ01-A02-R02-B5,7.9
LSS Location,F3-PZ01-A02-R02-C1,7.9
LSS Location,F3-PZ01-A02-R02-C2,7.9
LSS Location,F3-PZ01-A02-R02-C3,7.9
LSS Location,F3-PZ01-A02-R02-C4,7.9
LSS Location,F3-PZ01-A02-R02-C5,7.9
LSS Location,F3-PZ01-A02-R02-D1,7.9
LSS Location,F3-PZ01-A02-R02-D2,7.9
LSS Location,F3-PZ01-A02-R02-D3,7.9
LSS Location,F3-PZ01-A02-R02-D4,7.9
LSS Location,F3-PZ01-A02-R02-D5,7.9
LSS Location,F3-PZ01-A02-R03-A1,7.9
LSS Location,F3-PZ01-A02-R03-A2,7.9
LSS Location,F3-PZ01-A02-R03-A3,7.9
LSS Location,F3-PZ01-A02-R03-A4,7.9
LSS Location,F3-PZ01-A02-R03-A5,7.9
LSS Location,F3-PZ01-A02-R03-B1,7.9
LSS Location,F3-PZ01-A02-R03-B2,7.9
LSS Location,F3-PZ01-A02-R03-B3,7.9
LSS Location,F3-PZ01-A02-R03-B4,7.9
LSS Location,F3-PZ01-A02-R03-B5,7.9
LSS Location,F3-PZ01-A02-R03-C1,7.9
LSS Location,F3-PZ01-A02-R03-C2,7.9
LSS Location,F3-PZ01-A02-R03-C3,7.9
LSS Location,F3-PZ01-A02-R03-C4,7.9
LSS Location,F3-PZ01-A02-R03-C5,7.9
LSS Location,F3-PZ01-A02-R03-D1,7.9
LSS Location,F3-PZ01-A02-R03-D2,7.9
LSS Location,F3-PZ01-A02-R03-D3,7.9
LSS Location,F3-PZ01-A02-R03-D4,7.9
LSS Location,F3-PZ01-A02-R03-D5,7.9
LSS Location,F3-PZ01-A02-R04-A1,7.9
LSS Location,F3-PZ01-A02-R04-A2,7.9
LSS Location,F3-PZ01-A02-R04-A3,7.9
LSS Location,F3-PZ01-A02-R04-A4,7.9
LSS Location,F3-PZ01-A02-R04-A5,7.9
LSS Location,F3-PZ01-A02-R04-B1,7.9
LSS Location,F3-PZ01-A02-R04-B2,7.9
LSS Location,F3-PZ01-A02-R04-B3,7.9
LSS Location,F3-PZ01-A02-R04-B4,7.9
LSS Location,F3-PZ01-A02-R04-B5,7.9
LSS Location,F3-PZ01-A02-R04-C1,7.9
LSS Location,F3-PZ01-A02-R04-C2,7.9
LSS Location,F3-PZ01-A02-R04-C3,7.9
LSS Location,F3-PZ01-A02-R04-C4,7.9
LSS Location,F3-PZ01-A02-R04-C5,7.9
LSS Location,F3-PZ01-A02-R04-D1,7.9
LSS Location,F3-PZ01-A02-R04-D2,7.9
LSS Location,F3-PZ01-A02-R04-D3,7.9
LSS Location,F3-PZ01-A02-R04-D4,7.9
LSS Location,F3-PZ01-A02-R04-D5,7.9
LSS Location,F3-PZ01-A02-R05-A1,7.9
LSS Location,F3-PZ01-A02-R05-A2,7.9
LSS Location,F3-PZ01-A02-R05-A3,7.9
LSS Location,F3-PZ01-A02-R05-A4,7.9
LSS Location,F3-PZ01-A02-R05-A5,7.9
LSS Location,F3-PZ01-A02-R05-B1,7.9
LSS Location,F3-PZ01-A02-R05-B2,7.9
LSS Location,F3-PZ01-A02-R05-B3,7.9
LSS Location,F3-PZ01-A02-R05-B4,7.9
LSS Location,F3-PZ01-A02-R05-B5,7.9
LSS Location,F3-PZ01-A02-R05-C1,7.9
LSS Location,F3-PZ01-A02-R05-C2,7.9
LSS Location,F3-PZ01-A02-R05-C3,7.9
LSS Location,F3-PZ01-A02-R05-C4,7.9
LSS Location,F3-PZ01-A02-R05-C5,7.9
LSS Location,F3-PZ01-A02-R05-D1,7.9
LSS Location,F3-PZ01-A02-R05-D2,7.9
LSS Location,F3-PZ01-A02-R05-D3,7.9
LSS Location,F3-PZ01-A02-R05-D4,7.9
LSS Location,F3-PZ01-A02-R05-D5,7.9
LSS Location,F3-PZ01-A02-R06-A1,7.9
LSS Location,F3-PZ01-A02-R06-A2,7.9
LSS Location,F3-PZ01-A02-R06-A3,7.9
LSS Location,F3-PZ01-A02-R06-A4,7.9
LSS Location,F3-PZ01-A02-R06-A5,7.9
LSS Location,F3-PZ01-A02-R06-B1,7.9
LSS Location,F3-PZ01-A02-R06-B2,7.9
LSS Location,F3-PZ01-A02-R06-B3,7.9
LSS Location,F3-PZ01-A02-R06-B4,7.9
LSS Location,F3-PZ01-A02-R06-B5,7.9
LSS Location,F3-PZ01-A02-R06-C1,7.9
LSS Location,F3-PZ01-A02-R06-C2,7.9
LSS Location,F3-PZ01-A02-R06-C3,7.9
LSS Location,F3-PZ01-A02-R06-C4,7.9
LSS Location,F3-PZ01-A02-R06-C5,7.9
LSS Location,F3-PZ01-A02-R06-D1,7.9
LSS Location,F3-PZ01-A02-R06-D2,7.9
LSS Location,F3-PZ01-A02-R06-D3,7.9
LSS Location,F3-PZ01-A02-R06-D4,7.9
LSS Location,F3-PZ01-A02-R06-D5,7.9
LSS Location,F3-PZ01-A02-R07-A1,7.9
LSS Location,F3-PZ01-A02-R07-A2,7.9
LSS Location,F3-PZ01-A02-R07-A3,7.9
LSS Location,F3-PZ01-A02-R07-A4,7.9
LSS Location,F3-PZ01-A02-R07-A5,7.9
LSS Location,F3-PZ01-A02-R07-B1,7.9
LSS Location,F3-PZ01-A02-R07-B2,7.9
LSS Location,F3-PZ01-A02-R07-B3,7.9
LSS Location,F3-PZ01-A02-R07-B4,7.9
LSS Location,F3-PZ01-A02-R07-B5,7.9
LSS Location,F3-PZ01-A02-R07-C1,7.9
LSS Location,F3-PZ01-A02-R07-C2,7.9
LSS Location,F3-PZ01-A02-R07-C3,7.9
LSS Location,F3-PZ01-A02-R07-C4,7.9
LSS Location,F3-PZ01-A02-R07-C5,7.9
LSS Location,F3-PZ01-A02-R07-D1,7.9
LSS Location,F3-PZ01-A02-R07-D2,7.9
LSS Location,F3-PZ01-A02-R07-D3,7.9
LSS Location,F3-PZ01-A02-R07-D4,7.9
LSS Location,F3-PZ01-A02-R07-D5,7.9
LSS Location,F3-PZ01-A02-R08-A1,7.9
LSS Location,F3-PZ01-A02-R08-A2,7.9
LSS Location,F3-PZ01-A02-R08-A3,7.9
LSS Location,F3-PZ01-A02-R08-A4,7.9
LSS Location,F3-PZ01-A02-R08-A5,7.9
LSS Location,F3-PZ01-A02-R08-B1,7.9
LSS Location,F3-PZ01-A02-R08-B2,7.9
LSS Location,F3-PZ01-A02-R08-B3,7.9
LSS Location,F3-PZ01-A02-R08-B4,7.9
LSS Location,F3-PZ01-A02-R08-B5,7.9
LSS Location,F3-PZ01-A02-R08-C1,7.9
LSS Location,F3-PZ01-A02-R08-C2,7.9
LSS Location,F3-PZ01-A02-R08-C3,7.9
LSS Location,F3-PZ01-A02-R08-C4,7.9
LSS Location,F3-PZ01-A02-R08-C5,7.9
LSS Location,F3-PZ01-A02-R08-D1,7.9
LSS Location,F3-PZ01-A02-R08-D2,7.9
LSS Location,F3-PZ01-A02-R08-D3,7.9
LSS Location,F3-PZ01-A02-R08-D4,7.9
LSS Location,F3-PZ01-A02-R08-D5,7.9
LSS Location,F3-PZ01-A03-R01-A1,7.9
LSS Location,F3-PZ01-A03-R01-A2,7.9
LSS Location,F3-PZ01-A03-R01-A3,7.9
LSS Location,F3-PZ01-A03-R01-A4,7.9
LSS Location,F3-PZ01-A03-R01-A5,7.9
LSS Location,F3-PZ01-A03-R01-B1,7.9
LSS Location,F3-PZ01-A03-R01-B2,7.9
LSS Location,F3-PZ01-A03-R01-B3,7.9
LSS Location,F3-PZ01-A03-R01-B4,7.9
LSS Location,F3-PZ01-A03-R01-B5,7.9
LSS Location,F3-PZ01-A03-R01-C1,7.9
LSS Location,F3-PZ01-A03-R01-C2,7.9
LSS Location,F3-PZ01-A03-R01-C3,7.9
LSS Location,F3-PZ01-A03-R01-C4,7.9
LSS Location,F3-PZ01-A03-R01-C5,7.9
LSS Location,F3-PZ01-A03-R01-D1,7.9
LSS Location,F3-PZ01-A03-R01-D2,7.9
LSS Location,F3-PZ01-A03-R01-D3,7.9
LSS Location,F3-PZ01-A03-R01-D4,7.9
LSS Location,F3-PZ01-A03-R01-D5,7.9
Bulk Location,F3-PZ01-A03-R01-PL,60
Bulk Location,F3-PZ01-A03-R01-PL1,60
LSS Location,F3-PZ01-A03-R02-A1,7.9
LSS Location,F3-PZ01-A03-R02-A2,7.9
LSS Location,F3-PZ01-A03-R02-A3,7.9
LSS Location,F3-PZ01-A03-R02-A4,7.9
LSS Location,F3-PZ01-A03-R02-A5,7.9
LSS Location,F3-PZ01-A03-R02-B1,7.9
LSS Location,F3-PZ01-A03-R02-B2,7.9
LSS Location,F3-PZ01-A03-R02-B3,7.9
LSS Location,F3-PZ01-A03-R02-B4,7.9
LSS Location,F3-PZ01-A03-R02-B5,7.9
LSS Location,F3-PZ01-A03-R02-C1,7.9
LSS Location,F3-PZ01-A03-R02-C2,7.9
LSS Location,F3-PZ01-A03-R02-C3,7.9
LSS Location,F3-PZ01-A03-R02-C4,7.9
LSS Location,F3-PZ01-A03-R02-C5,7.9
LSS Location,F3-PZ01-A03-R02-D1,7.9
LSS Location,F3-PZ01-A03-R02-D2,7.9
LSS Location,F3-PZ01-A03-R02-D3,7.9
LSS Location,F3-PZ01-A03-R02-D4,7.9
LSS Location,F3-PZ01-A03-R02-D5,7.9
Bulk Location,F3-PZ01-A03-R02-PL2,60
LSS Location,F3-PZ01-A03-R03-A1,7.9
LSS Location,F3-PZ01-A03-R03-A2,7.9
LSS Location,F3-PZ01-A03-R03-A3,7.9
LSS Location,F3-PZ01-A03-R03-A4,7.9
LSS Location,F3-PZ01-A03-R03-A5,7.9
LSS Location,F3-PZ01-A03-R03-B1,7.9
LSS Location,F3-PZ01-A03-R03-B2,7.9
LSS Location,F3-PZ01-A03-R03-B3,7.9
LSS Location,F3-PZ01-A03-R03-B4,7.9
LSS Location,F3-PZ01-A03-R03-B5,7.9
LSS Location,F3-PZ01-A03-R03-C1,7.9
LSS Location,F3-PZ01-A03-R03-C2,7.9
LSS Location,F3-PZ01-A03-R03-C3,7.9
LSS Location,F3-PZ01-A03-R03-C4,7.9
LSS Location,F3-PZ01-A03-R03-C5,7.9
LSS Location,F3-PZ01-A03-R03-D1,7.9
LSS Location,F3-PZ01-A03-R03-D2,7.9
LSS Location,F3-PZ01-A03-R03-D3,7.9
LSS Location,F3-PZ01-A03-R03-D4,7.9
LSS Location,F3-PZ01-A03-R03-D5,7.9
Bulk Location,F3-PZ01-A03-R03-PL3,60
LSS Location,F3-PZ01-A03-R04-A1,7.9
LSS Location,F3-PZ01-A03-R04-A2,7.9
LSS Location,F3-PZ01-A03-R04-A3,7.9
LSS Location,F3-PZ01-A03-R04-A4,7.9
LSS Location,F3-PZ01-A03-R04-A5,7.9
LSS Location,F3-PZ01-A03-R04-B1,7.9
LSS Location,F3-PZ01-A03-R04-B2,7.9
LSS Location,F3-PZ01-A03-R04-B3,7.9
LSS Location,F3-PZ01-A03-R04-B4,7.9
LSS Location,F3-PZ01-A03-R04-B5,7.9
LSS Location,F3-PZ01-A03-R04-C1,7.9
LSS Location,F3-PZ01-A03-R04-C2,7.9
LSS Location,F3-PZ01-A03-R04-C3,7.9
LSS Location,F3-PZ01-A03-R04-C4,7.9
LSS Location,F3-PZ01-A03-R04-C5,7.9
LSS Location,F3-PZ01-A03-R04-D1,7.9
LSS Location,F3-PZ01-A03-R04-D2,7.9
LSS Location,F3-PZ01-A03-R04-D3,7.9
LSS Location,F3-PZ01-A03-R04-D4,7.9
LSS Location,F3-PZ01-A03-R04-D5,7.9
Bulk Location,F3-PZ01-A03-R04-PL4,60
LSS Location,F3-PZ01-A03-R05-A1,7.9
LSS Location,F3-PZ01-A03-R05-A2,7.9
LSS Location,F3-PZ01-A03-R05-A3,7.9
LSS Location,F3-PZ01-A03-R05-A4,7.9
LSS Location,F3-PZ01-A03-R05-A5,7.9
LSS Location,F3-PZ01-A03-R05-B1,7.9
LSS Location,F3-PZ01-A03-R05-B2,7.9
LSS Location,F3-PZ01-A03-R05-B3,7.9
LSS Location,F3-PZ01-A03-R05-B4,7.9
LSS Location,F3-PZ01-A03-R05-B5,7.9
LSS Location,F3-PZ01-A03-R05-C1,7.9
LSS Location,F3-PZ01-A03-R05-C2,7.9
LSS Location,F3-PZ01-A03-R05-C3,7.9
LSS Location,F3-PZ01-A03-R05-C4,7.9
LSS Location,F3-PZ01-A03-R05-C5,7.9
LSS Location,F3-PZ01-A03-R05-D1,7.9
LSS Location,F3-PZ01-A03-R05-D2,7.9
LSS Location,F3-PZ01-A03-R05-D3,7.9
LSS Location,F3-PZ01-A03-R05-D4,7.9
LSS Location,F3-PZ01-A03-R05-D5,7.9
Bulk Location,F3-PZ01-A03-R05-PL5,60
LSS Location,F3-PZ01-A03-R06-A1,7.9
LSS Location,F3-PZ01-A03-R06-A2,7.9
LSS Location,F3-PZ01-A03-R06-A3,7.9
LSS Location,F3-PZ01-A03-R06-A4,7.9
LSS Location,F3-PZ01-A03-R06-A5,7.9
LSS Location,F3-PZ01-A03-R06-B1,7.9
LSS Location,F3-PZ01-A03-R06-B2,7.9
LSS Location,F3-PZ01-A03-R06-B3,7.9
LSS Location,F3-PZ01-A03-R06-B4,7.9
LSS Location,F3-PZ01-A03-R06-B5,7.9
LSS Location,F3-PZ01-A03-R06-C1,7.9
LSS Location,F3-PZ01-A03-R06-C2,7.9
LSS Location,F3-PZ01-A03-R06-C3,7.9
LSS Location,F3-PZ01-A03-R06-C4,7.9
LSS Location,F3-PZ01-A03-R06-C5,7.9
LSS Location,F3-PZ01-A03-R06-D1,7.9
LSS Location,F3-PZ01-A03-R06-D2,7.9
LSS Location,F3-PZ01-A03-R06-D3,7.9
LSS Location,F3-PZ01-A03-R06-D4,7.9
LSS Location,F3-PZ01-A03-R06-D5,7.9
LSS Location,F3-PZ01-A03-R06-PL6,
LSS Location,F3-PZ01-A03-R07-A1,7.9
LSS Location,F3-PZ01-A03-R07-A2,7.9
LSS Location,F3-PZ01-A03-R07-A3,7.9
LSS Location,F3-PZ01-A03-R07-A4,7.9
LSS Location,F3-PZ01-A03-R07-A5,7.9
LSS Location,F3-PZ01-A03-R07-B1,7.9
LSS Location,F3-PZ01-A03-R07-B2,7.9
LSS Location,F3-PZ01-A03-R07-B3,7.9
LSS Location,F3-PZ01-A03-R07-B4,7.9
LSS Location,F3-PZ01-A03-R07-B5,7.9
LSS Location,F3-PZ01-A03-R07-C1,7.9
LSS Location,F3-PZ01-A03-R07-C2,7.9
LSS Location,F3-PZ01-A03-R07-C3,7.9
LSS Location,F3-PZ01-A03-R07-C4,7.9
LSS Location,F3-PZ01-A03-R07-C5,7.9
LSS Location,F3-PZ01-A03-R07-D1,7.9
LSS Location,F3-PZ01-A03-R07-D2,7.9
LSS Location,F3-PZ01-A03-R07-D3,7.9
LSS Location,F3-PZ01-A03-R07-D4,7.9
LSS Location,F3-PZ01-A03-R07-D5,7.9
LSS Location,F3-PZ01-A03-R08-A1,7.9
LSS Location,F3-PZ01-A03-R08-A2,7.9
LSS Location,F3-PZ01-A03-R08-A3,7.9
LSS Location,F3-PZ01-A03-R08-A4,7.9
LSS Location,F3-PZ01-A03-R08-A5,7.9
LSS Location,F3-PZ01-A03-R08-B1,7.9
LSS Location,F3-PZ01-A03-R08-B2,7.9
LSS Location,F3-PZ01-A03-R08-B3,7.9
LSS Location,F3-PZ01-A03-R08-B4,7.9
LSS Location,F3-PZ01-A03-R08-B5,7.9
LSS Location,F3-PZ01-A03-R08-C1,7.9
LSS Location,F3-PZ01-A03-R08-C2,7.9
LSS Location,F3-PZ01-A03-R08-C3,7.9
LSS Location,F3-PZ01-A03-R08-C4,7.9
LSS Location,F3-PZ01-A03-R08-C5,7.9
LSS Location,F3-PZ01-A03-R08-D1,7.9
LSS Location,F3-PZ01-A03-R08-D2,7.9
LSS Location,F3-PZ01-A03-R08-D3,7.9
LSS Location,F3-PZ01-A03-R08-D4,7.9
LSS Location,F3-PZ01-A03-R08-D5,7.9
LSS Location,F3-PZ01-A04-R01-A1,7.9
LSS Location,F3-PZ01-A04-R01-A2,7.9
LSS Location,F3-PZ01-A04-R01-A3,7.9
LSS Location,F3-PZ01-A04-R01-A4,7.9
LSS Location,F3-PZ01-A04-R01-A5,7.9
LSS Location,F3-PZ01-A04-R01-B1,7.9
LSS Location,F3-PZ01-A04-R01-B2,7.9
LSS Location,F3-PZ01-A04-R01-B3,7.9
LSS Location,F3-PZ01-A04-R01-B4,7.9
LSS Location,F3-PZ01-A04-R01-B5,7.9
LSS Location,F3-PZ01-A04-R01-C1,7.9
LSS Location,F3-PZ01-A04-R01-C2,7.9
LSS Location,F3-PZ01-A04-R01-C3,7.9
LSS Location,F3-PZ01-A04-R01-C4,7.9
LSS Location,F3-PZ01-A04-R01-C5,7.9
LSS Location,F3-PZ01-A04-R01-D1,7.9
LSS Location,F3-PZ01-A04-R01-D2,7.9
LSS Location,F3-PZ01-A04-R01-D3,7.9
LSS Location,F3-PZ01-A04-R01-D4,7.9
LSS Location,F3-PZ01-A04-R01-D5,7.9
LSS Location,F3-PZ01-A04-R01-PL,
Bulk Location,F3-PZ01-A04-R01-PL1,60
LSS Location,F3-PZ01-A04-R02-A1,7.9
LSS Location,F3-PZ01-A04-R02-A2,7.9
LSS Location,F3-PZ01-A04-R02-A3,7.9
LSS Location,F3-PZ01-A04-R02-A4,7.9
LSS Location,F3-PZ01-A04-R02-A5,7.9
LSS Location,F3-PZ01-A04-R02-B1,7.9
LSS Location,F3-PZ01-A04-R02-B2,7.9
LSS Location,F3-PZ01-A04-R02-B3,7.9
LSS Location,F3-PZ01-A04-R02-B4,7.9
LSS Location,F3-PZ01-A04-R02-B5,7.9
LSS Location,F3-PZ01-A04-R02-C1,7.9
LSS Location,F3-PZ01-A04-R02-C2,7.9
LSS Location,F3-PZ01-A04-R02-C3,7.9
LSS Location,F3-PZ01-A04-R02-C4,7.9
LSS Location,F3-PZ01-A04-R02-C5,7.9
LSS Location,F3-PZ01-A04-R02-D1,7.9
LSS Location,F3-PZ01-A04-R02-D2,7.9
LSS Location,F3-PZ01-A04-R02-D3,7.9
LSS Location,F3-PZ01-A04-R02-D4,7.9
LSS Location,F3-PZ01-A04-R02-D5,7.9
Bulk Location,F3-PZ01-A04-R02-PL2,60
LSS Location,F3-PZ01-A04-R03-A1,7.9
LSS Location,F3-PZ01-A04-R03-A2,7.9
LSS Location,F3-PZ01-A04-R03-A3,7.9
LSS Location,F3-PZ01-A04-R03-B1,7.9
LSS Location,F3-PZ01-A04-R03-B2,7.9
LSS Location,F3-PZ01-A04-R03-B3,7.9
LSS Location,F3-PZ01-A04-R03-C1,7.9
LSS Location,F3-PZ01-A04-R03-C2,7.9
LSS Location,F3-PZ01-A04-R03-C3,7.9
LSS Location,F3-PZ01-A04-R03-D1,7.9
LSS Location,F3-PZ01-A04-R03-D2,7.9
LSS Location,F3-PZ01-A04-R03-D3,7.9
Bulk Location,F3-PZ01-A04-R03-PL3,60
LSS Location,F3-PZ01-A04-R04-A1,7.9
LSS Location,F3-PZ01-A04-R04-A2,7.9
LSS Location,F3-PZ01-A04-R04-A3,7.9
LSS Location,F3-PZ01-A04-R04-A4,7.9
LSS Location,F3-PZ01-A04-R04-A5,7.9
LSS Location,F3-PZ01-A04-R04-B1,7.9
LSS Location,F3-PZ01-A04-R04-B2,7.9
LSS Location,F3-PZ01-A04-R04-B3,7.9
LSS Location,F3-PZ01-A04-R04-B4,7.9
LSS Location,F3-PZ01-A04-R04-B5,7.9
LSS Location,F3-PZ01-A04-R04-C1,7.9
LSS Location,F3-PZ01-A04-R04-C2,7.9
LSS Location,F3-PZ01-A04-R04-C3,7.9
LSS Location,F3-PZ01-A04-R04-C4,7.9
LSS Location,F3-PZ01-A04-R04-C5,7.9
LSS Location,F3-PZ01-A04-R04-D1,7.9
LSS Location,F3-PZ01-A04-R04-D2,7.9
LSS Location,F3-PZ01-A04-R04-D3,7.9
LSS Location,F3-PZ01-A04-R04-D4,7.9
LSS Location,F3-PZ01-A04-R04-D5,7.9
Bulk Location,F3-PZ01-A04-R04-PL4,60
LSS Location,F3-PZ01-A04-R05-A1,7.9
LSS Location,F3-PZ01-A04-R05-A2,7.9
LSS Location,F3-PZ01-A04-R05-A3,7.9
LSS Location,F3-PZ01-A04-R05-A4,7.9
LSS Location,F3-PZ01-A04-R05-A5,7.9
LSS Location,F3-PZ01-A04-R05-B1,7.9
LSS Location,F3-PZ01-A04-R05-B2,7.9
LSS Location,F3-PZ01-A04-R05-B3,7.9
LSS Location,F3-PZ01-A04-R05-B4,7.9
LSS Location,F3-PZ01-A04-R05-B5,7.9
LSS Location,F3-PZ01-A04-R05-C1,7.9
LSS Location,F3-PZ01-A04-R05-C2,7.9
LSS Location,F3-PZ01-A04-R05-C3,7.9
LSS Location,F3-PZ01-A04-R05-C4,7.9
LSS Location,F3-PZ01-A04-R05-C5,7.9
LSS Location,F3-PZ01-A04-R05-D1,7.9
LSS Location,F3-PZ01-A04-R05-D2,7.9
LSS Location,F3-PZ01-A04-R05-D3,7.9
LSS Location,F3-PZ01-A04-R05-D4,7.9
LSS Location,F3-PZ01-A04-R05-D5,7.9
LSS Location,F3-PZ01-A04-R06-A1,7.9
LSS Location,F3-PZ01-A04-R06-A2,7.9
LSS Location,F3-PZ01-A04-R06-A3,7.9
LSS Location,F3-PZ01-A04-R06-A4,7.9
LSS Location,F3-PZ01-A04-R06-A5,7.9
LSS Location,F3-PZ01-A04-R06-B1,7.9
LSS Location,F3-PZ01-A04-R06-B2,7.9
LSS Location,F3-PZ01-A04-R06-B3,7.9
LSS Location,F3-PZ01-A04-R06-B4,7.9
LSS Location,F3-PZ01-A04-R06-B5,7.9
LSS Location,F3-PZ01-A04-R06-C1,7.9
LSS Location,F3-PZ01-A04-R06-C2,7.9
LSS Location,F3-PZ01-A04-R06-C3,7.9
LSS Location,F3-PZ01-A04-R06-C4,7.9
LSS Location,F3-PZ01-A04-R06-C5,7.9
LSS Location,F3-PZ01-A04-R06-D1,7.9
LSS Location,F3-PZ01-A04-R06-D2,7.9
LSS Location,F3-PZ01-A04-R06-D3,7.9
LSS Location,F3-PZ01-A04-R06-D4,7.9
LSS Location,F3-PZ01-A04-R06-D5,7.9
LSS Location,F3-PZ01-A04-R07-A1,7.9
LSS Location,F3-PZ01-A04-R07-A2,7.9
LSS Location,F3-PZ01-A04-R07-A3,7.9
LSS Location,F3-PZ01-A04-R07-A4,7.9
LSS Location,F3-PZ01-A04-R07-A5,7.9
LSS Location,F3-PZ01-A04-R07-B1,7.9
LSS Location,F3-PZ01-A04-R07-B2,7.9
LSS Location,F3-PZ01-A04-R07-B3,7.9
LSS Location,F3-PZ01-A04-R07-B4,7.9
LSS Location,F3-PZ01-A04-R07-B5,7.9
LSS Location,F3-PZ01-A04-R07-C1,7.9
LSS Location,F3-PZ01-A04-R07-C2,7.9
LSS Location,F3-PZ01-A04-R07-C3,7.9
LSS Location,F3-PZ01-A04-R07-C4,7.9
LSS Location,F3-PZ01-A04-R07-C5,7.9
LSS Location,F3-PZ01-A04-R07-D1,7.9
LSS Location,F3-PZ01-A04-R07-D2,7.9
LSS Location,F3-PZ01-A04-R07-D3,7.9
LSS Location,F3-PZ01-A04-R07-D4,7.9
LSS Location,F3-PZ01-A04-R07-D5,7.9
LSS Location,F3-PZ01-A05-R01-A1,7.9
LSS Location,F3-PZ01-A05-R01-A2,7.9
LSS Location,F3-PZ01-A05-R01-A3,7.9
LSS Location,F3-PZ01-A05-R01-A4,7.9
LSS Location,F3-PZ01-A05-R01-A5,7.9
LSS Location,F3-PZ01-A05-R01-B1,7.9
LSS Location,F3-PZ01-A05-R01-B2,7.9
LSS Location,F3-PZ01-A05-R01-B3,7.9
LSS Location,F3-PZ01-A05-R01-B4,7.9
LSS Location,F3-PZ01-A05-R01-B5,7.9
LSS Location,F3-PZ01-A05-R01-C1,7.9
LSS Location,F3-PZ01-A05-R01-C2,7.9
LSS Location,F3-PZ01-A05-R01-C3,7.9
LSS Location,F3-PZ01-A05-R01-C4,7.9
LSS Location,F3-PZ01-A05-R01-C5,7.9
LSS Location,F3-PZ01-A05-R01-D1,7.9
LSS Location,F3-PZ01-A05-R01-D2,7.9
LSS Location,F3-PZ01-A05-R01-D3,7.9
LSS Location,F3-PZ01-A05-R01-D4,7.9
LSS Location,F3-PZ01-A05-R01-D5,7.9
Bulk Location,F3-PZ01-A05-R01-PL,60
LSS Location,F3-PZ01-A05-R02-A1,7.9
LSS Location,F3-PZ01-A05-R02-A2,7.9
LSS Location,F3-PZ01-A05-R02-A3,7.9
LSS Location,F3-PZ01-A05-R02-A4,7.9
LSS Location,F3-PZ01-A05-R02-A5,7.9
LSS Location,F3-PZ01-A05-R02-B1,7.9
LSS Location,F3-PZ01-A05-R02-B2,7.9
LSS Location,F3-PZ01-A05-R02-B3,7.9
LSS Location,F3-PZ01-A05-R02-B4,7.9
LSS Location,F3-PZ01-A05-R02-B5,7.9
LSS Location,F3-PZ01-A05-R02-C1,7.9
LSS Location,F3-PZ01-A05-R02-C2,7.9
LSS Location,F3-PZ01-A05-R02-C3,7.9
LSS Location,F3-PZ01-A05-R02-C4,7.9
LSS Location,F3-PZ01-A05-R02-C5,7.9
LSS Location,F3-PZ01-A05-R02-D1,7.9
LSS Location,F3-PZ01-A05-R02-D2,7.9
LSS Location,F3-PZ01-A05-R02-D3,7.9
LSS Location,F3-PZ01-A05-R02-D4,7.9
LSS Location,F3-PZ01-A05-R02-D5,7.9
LSS Location,F3-PZ01-A05-R03-A1,7.9
LSS Location,F3-PZ01-A05-R03-A2,7.9
LSS Location,F3-PZ01-A05-R03-A3,7.9
LSS Location,F3-PZ01-A05-R03-A4,7.9
LSS Location,F3-PZ01-A05-R03-A5,7.9
LSS Location,F3-PZ01-A05-R03-B1,7.9
LSS Location,F3-PZ01-A05-R03-B2,7.9
LSS Location,F3-PZ01-A05-R03-B3,7.9
LSS Location,F3-PZ01-A05-R03-B4,7.9
LSS Location,F3-PZ01-A05-R03-B5,7.9
LSS Location,F3-PZ01-A05-R03-C1,7.9
LSS Location,F3-PZ01-A05-R03-C2,7.9
LSS Location,F3-PZ01-A05-R03-C3,7.9
LSS Location,F3-PZ01-A05-R03-C4,7.9
LSS Location,F3-PZ01-A05-R03-C5,7.9
LSS Location,F3-PZ01-A05-R03-D1,7.9
LSS Location,F3-PZ01-A05-R03-D2,7.9
LSS Location,F3-PZ01-A05-R03-D3,7.9
LSS Location,F3-PZ01-A05-R03-D4,7.9
LSS Location,F3-PZ01-A05-R03-D5,7.9
LSS Location,F3-PZ01-A05-R04-A1,7.9
LSS Location,F3-PZ01-A05-R04-A2,7.9
LSS Location,F3-PZ01-A05-R04-A3,7.9
LSS Location,F3-PZ01-A05-R04-A4,7.9
LSS Location,F3-PZ01-A05-R04-A5,7.9
LSS Location,F3-PZ01-A05-R04-B1,7.9
LSS Location,F3-PZ01-A05-R04-B2,7.9
LSS Location,F3-PZ01-A05-R04-B3,7.9
LSS Location,F3-PZ01-A05-R04-B4,7.9
LSS Location,F3-PZ01-A05-R04-B5,7.9
LSS Location,F3-PZ01-A05-R04-C1,7.9
LSS Location,F3-PZ01-A05-R04-C2,7.9
LSS Location,F3-PZ01-A05-R04-C3,7.9
LSS Location,F3-PZ01-A05-R04-C4,7.9
LSS Location,F3-PZ01-A05-R04-C5,7.9
LSS Location,F3-PZ01-A05-R04-D1,7.9
LSS Location,F3-PZ01-A05-R04-D2,7.9
LSS Location,F3-PZ01-A05-R04-D3,7.9
LSS Location,F3-PZ01-A05-R04-D4,7.9
LSS Location,F3-PZ01-A05-R04-D5,7.9
LSS Location,F3-PZ01-A06-R01-A1,7.9
LSS Location,F3-PZ01-A06-R01-A2,7.9
LSS Location,F3-PZ01-A06-R01-A3,7.9
LSS Location,F3-PZ01-A06-R01-A4,7.9
LSS Location,F3-PZ01-A06-R01-A5,7.9
LSS Location,F3-PZ01-A06-R01-B1,7.9
LSS Location,F3-PZ01-A06-R01-B2,7.9
LSS Location,F3-PZ01-A06-R01-B3,7.9
LSS Location,F3-PZ01-A06-R01-B4,7.9
LSS Location,F3-PZ01-A06-R01-B5,7.9
LSS Location,F3-PZ01-A06-R01-C1,7.9
LSS Location,F3-PZ01-A06-R01-C2,7.9
LSS Location,F3-PZ01-A06-R01-C3,7.9
LSS Location,F3-PZ01-A06-R01-C4,7.9
LSS Location,F3-PZ01-A06-R01-C5,7.9
LSS Location,F3-PZ01-A06-R01-D1,7.9
LSS Location,F3-PZ01-A06-R01-D2,7.9
LSS Location,F3-PZ01-A06-R01-D3,7.9
LSS Location,F3-PZ01-A06-R01-D4,7.9
LSS Location,F3-PZ01-A06-R01-D5,7.9
Bulk Location,F3-PZ01-A06-R01-PL,60
LSS Location,F3-PZ01-A06-R02-A1,7.9
LSS Location,F3-PZ01-A06-R02-A2,7.9
LSS Location,F3-PZ01-A06-R02-A3,7.9
LSS Location,F3-PZ01-A06-R02-A4,7.9
LSS Location,F3-PZ01-A06-R02-A5,7.9
LSS Location,F3-PZ01-A06-R02-B1,7.9
LSS Location,F3-PZ01-A06-R02-B2,7.9
LSS Location,F3-PZ01-A06-R02-B3,7.9
LSS Location,F3-PZ01-A06-R02-B4,7.9
LSS Location,F3-PZ01-A06-R02-B5,7.9
LSS Location,F3-PZ01-A06-R02-C1,7.9
LSS Location,F3-PZ01-A06-R02-C2,7.9
LSS Location,F3-PZ01-A06-R02-C3,7.9
LSS Location,F3-PZ01-A06-R02-C4,7.9
LSS Location,F3-PZ01-A06-R02-C5,7.9
LSS Location,F3-PZ01-A06-R02-D1,7.9
LSS Location,F3-PZ01-A06-R02-D2,7.9
LSS Location,F3-PZ01-A06-R02-D3,7.9
LSS Location,F3-PZ01-A06-R02-D4,7.9
LSS Location,F3-PZ01-A06-R02-D5,7.9
LSS Location,F3-PZ01-A06-R03-A1,7.9
LSS Location,F3-PZ01-A06-R03-A2,7.9
LSS Location,F3-PZ01-A06-R03-A3,7.9
LSS Location,F3-PZ01-A06-R03-A4,7.9
LSS Location,F3-PZ01-A06-R03-A5,7.9
LSS Location,F3-PZ01-A06-R03-B1,7.9
LSS Location,F3-PZ01-A06-R03-B2,7.9
LSS Location,F3-PZ01-A06-R03-B3,7.9
LSS Location,F3-PZ01-A06-R03-B4,7.9
LSS Location,F3-PZ01-A06-R03-B5,7.9
LSS Location,F3-PZ01-A06-R03-C1,7.9
LSS Location,F3-PZ01-A06-R03-C2,7.9
LSS Location,F3-PZ01-A06-R03-C3,7.9
LSS Location,F3-PZ01-A06-R03-C4,7.9
LSS Location,F3-PZ01-A06-R03-C5,7.9
LSS Location,F3-PZ01-A06-R03-D1,7.9
LSS Location,F3-PZ01-A06-R03-D2,7.9
LSS Location,F3-PZ01-A06-R03-D3,7.9
LSS Location,F3-PZ01-A06-R03-D4,7.9
LSS Location,F3-PZ01-A06-R03-D5,7.9
LSS Location,F3-PZ01-A06-R04-A1,7.9
LSS Location,F3-PZ01-A06-R04-A2,7.9
LSS Location,F3-PZ01-A06-R04-A3,7.9
LSS Location,F3-PZ01-A06-R04-A4,7.9
LSS Location,F3-PZ01-A06-R04-A5,7.9
LSS Location,F3-PZ01-A06-R04-B1,7.9
LSS Location,F3-PZ01-A06-R04-B2,7.9
LSS Location,F3-PZ01-A06-R04-B3,7.9
LSS Location,F3-PZ01-A06-R04-B4,7.9
LSS Location,F3-PZ01-A06-R04-B5,7.9
LSS Location,F3-PZ01-A06-R04-C1,7.9
LSS Location,F3-PZ01-A06-R04-C2,7.9
LSS Location,F3-PZ01-A06-R04-C3,7.9
LSS Location,F3-PZ01-A06-R04-C4,7.9
LSS Location,F3-PZ01-A06-R04-C5,7.9
LSS Location,F3-PZ01-A06-R04-D1,7.9
LSS Location,F3-PZ01-A06-R04-D2,7.9
LSS Location,F3-PZ01-A06-R04-D3,7.9
LSS Location,F3-PZ01-A06-R04-D4,7.9
LSS Location,F3-PZ01-A06-R04-D5,7.9
LSS Location,F3-PZ01-A06-R05-A1,7.9
LSS Location,F3-PZ01-A06-R05-A2,7.9
LSS Location,F3-PZ01-A06-R05-A3,7.9
LSS Location,F3-PZ01-A06-R05-A4,7.9
LSS Location,F3-PZ01-A06-R05-A5,7.9
LSS Location,F3-PZ01-A06-R05-B1,7.9
LSS Location,F3-PZ01-A06-R05-B2,7.9
LSS Location,F3-PZ01-A06-R05-B3,7.9
LSS Location,F3-PZ01-A06-R05-B4,7.9
LSS Location,F3-PZ01-A06-R05-B5,7.9
LSS Location,F3-PZ01-A06-R05-C1,7.9
LSS Location,F3-PZ01-A06-R05-C2,7.9
LSS Location,F3-PZ01-A06-R05-C3,7.9
LSS Location,F3-PZ01-A06-R05-C4,7.9
LSS Location,F3-PZ01-A06-R05-C5,7.9
LSS Location,F3-PZ01-A06-R05-D1,7.9
LSS Location,F3-PZ01-A06-R05-D2,7.9
LSS Location,F3-PZ01-A06-R05-D3,7.9
LSS Location,F3-PZ01-A06-R05-D4,7.9
LSS Location,F3-PZ01-A06-R05-D5,7.9
LSS Location,F3-PZ01-A06-R06-A1,7.9
LSS Location,F3-PZ01-A06-R06-A2,7.9
LSS Location,F3-PZ01-A06-R06-A3,7.9
LSS Location,F3-PZ01-A06-R06-A4,7.9
LSS Location,F3-PZ01-A06-R06-A5,7.9
LSS Location,F3-PZ01-A06-R06-B1,7.9
LSS Location,F3-PZ01-A06-R06-B2,7.9
LSS Location,F3-PZ01-A06-R06-B3,7.9
LSS Location,F3-PZ01-A06-R06-B4,7.9
LSS Location,F3-PZ01-A06-R06-B5,7.9
LSS Location,F3-PZ01-A06-R06-C1,7.9
LSS Location,F3-PZ01-A06-R06-C2,7.9
LSS Location,F3-PZ01-A06-R06-C3,7.9
LSS Location,F3-PZ01-A06-R06-C4,7.9
LSS Location,F3-PZ01-A06-R06-C5,7.9
LSS Location,F3-PZ01-A06-R06-D1,7.9
LSS Location,F3-PZ01-A06-R06-D2,7.9
LSS Location,F3-PZ01-A06-R06-D3,7.9
LSS Location,F3-PZ01-A06-R06-D4,7.9
LSS Location,F3-PZ01-A06-R06-D5,7.9
LSS Location,F3-PZ01-A06-R07-A1,7.9
LSS Location,F3-PZ01-A06-R07-A2,7.9
LSS Location,F3-PZ01-A06-R07-A3,7.9
LSS Location,F3-PZ01-A06-R07-A4,7.9
LSS Location,F3-PZ01-A06-R07-A5,7.9
LSS Location,F3-PZ01-A06-R07-B1,7.9
LSS Location,F3-PZ01-A06-R07-B2,7.9
LSS Location,F3-PZ01-A06-R07-B3,7.9
LSS Location,F3-PZ01-A06-R07-B4,7.9
LSS Location,F3-PZ01-A06-R07-B5,7.9
LSS Location,F3-PZ01-A06-R07-C1,7.9
LSS Location,F3-PZ01-A06-R07-C2,7.9
LSS Location,F3-PZ01-A06-R07-C3,7.9
LSS Location,F3-PZ01-A06-R07-C4,7.9
LSS Location,F3-PZ01-A06-R07-C5,7.9
LSS Location,F3-PZ01-A06-R07-D1,7.9
LSS Location,F3-PZ01-A06-R07-D2,7.9
LSS Location,F3-PZ01-A06-R07-D3,7.9
LSS Location,F3-PZ01-A06-R07-D4,7.9
LSS Location,F3-PZ01-A06-R07-D5,7.9
LSS Location,F3-PZ01-A06-R08-A1,7.9
LSS Location,F3-PZ01-A06-R08-A2,7.9
LSS Location,F3-PZ01-A06-R08-A3,7.9
LSS Location,F3-PZ01-A06-R08-A4,7.9
LSS Location,F3-PZ01-A06-R08-A5,7.9
LSS Location,F3-PZ01-A06-R08-B1,7.9
LSS Location,F3-PZ01-A06-R08-B2,7.9
LSS Location,F3-PZ01-A06-R08-B3,7.9
LSS Location,F3-PZ01-A06-R08-B4,7.9
LSS Location,F3-PZ01-A06-R08-B5,7.9
LSS Location,F3-PZ01-A06-R08-C1,7.9
LSS Location,F3-PZ01-A06-R08-C2,7.9
LSS Location,F3-PZ01-A06-R08-C3,7.9
LSS Location,F3-PZ01-A06-R08-C4,7.9
LSS Location,F3-PZ01-A06-R08-C5,7.9
LSS Location,F3-PZ01-A06-R08-D1,7.9
LSS Location,F3-PZ01-A06-R08-D2,7.9
LSS Location,F3-PZ01-A06-R08-D3,7.9
LSS Location,F3-PZ01-A06-R08-D4,7.9
LSS Location,F3-PZ01-A06-R08-D5,7.9
Bulk Location,F3-PZ01-A06-R10-PL,60
Bulk Location,F3-PZ01-A06-R10-PL1,60
Bulk Location,F3-PZ01-A06-R10-PL2,60
Bulk Location,F3-PZ01-A06-R10-PL3,60
Bulk Location,F3-PZ01-A06-R10-PL4,60
Bulk Location,F3-PZ01-A06-R10-PL5,60
Bulk Location,F3-PZ01-A06-R10-PL6,60
LSS Location,F3-PZ01-A07-R01-A1,7.9
LSS Location,F3-PZ01-A07-R01-A2,7.9
LSS Location,F3-PZ01-A07-R01-A3,7.9
LSS Location,F3-PZ01-A07-R01-A4,7.9
LSS Location,F3-PZ01-A07-R01-A5,7.9
LSS Location,F3-PZ01-A07-R01-B1,7.9
LSS Location,F3-PZ01-A07-R01-B2,7.9
LSS Location,F3-PZ01-A07-R01-B3,7.9
LSS Location,F3-PZ01-A07-R01-B4,7.9
LSS Location,F3-PZ01-A07-R01-B5,7.9
LSS Location,F3-PZ01-A07-R01-C1,7.9
LSS Location,F3-PZ01-A07-R01-C2,7.9
LSS Location,F3-PZ01-A07-R01-C3,7.9
LSS Location,F3-PZ01-A07-R01-C4,7.9
LSS Location,F3-PZ01-A07-R01-C5,7.9
LSS Location,F3-PZ01-A07-R01-D1,7.9
LSS Location,F3-PZ01-A07-R01-D2,7.9
LSS Location,F3-PZ01-A07-R01-D3,7.9
LSS Location,F3-PZ01-A07-R01-D4,7.9
LSS Location,F3-PZ01-A07-R01-D5,7.9
Bulk Location,F3-PZ01-A07-R01-PL,60
LSS Location,F3-PZ01-A07-R02-A1,7.9
LSS Location,F3-PZ01-A07-R02-A2,7.9
LSS Location,F3-PZ01-A07-R02-A3,7.9
LSS Location,F3-PZ01-A07-R02-A4,7.9
LSS Location,F3-PZ01-A07-R02-A5,7.9
LSS Location,F3-PZ01-A07-R02-B1,7.9
LSS Location,F3-PZ01-A07-R02-B2,7.9
LSS Location,F3-PZ01-A07-R02-B3,7.9
LSS Location,F3-PZ01-A07-R02-B4,7.9
LSS Location,F3-PZ01-A07-R02-B5,7.9
LSS Location,F3-PZ01-A07-R02-C1,7.9
LSS Location,F3-PZ01-A07-R02-C2,7.9
LSS Location,F3-PZ01-A07-R02-C3,7.9
LSS Location,F3-PZ01-A07-R02-C4,7.9
LSS Location,F3-PZ01-A07-R02-C5,7.9
LSS Location,F3-PZ01-A07-R02-D1,7.9
LSS Location,F3-PZ01-A07-R02-D2,7.9
LSS Location,F3-PZ01-A07-R02-D3,7.9
LSS Location,F3-PZ01-A07-R02-D4,7.9
LSS Location,F3-PZ01-A07-R02-D5,7.9
LSS Location,F3-PZ01-A07-R03-A1,7.9
LSS Location,F3-PZ01-A07-R03-A2,7.9
LSS Location,F3-PZ01-A07-R03-A3,7.9
LSS Location,F3-PZ01-A07-R03-A4,7.9
LSS Location,F3-PZ01-A07-R03-A5,7.9
LSS Location,F3-PZ01-A07-R03-B1,7.9
LSS Location,F3-PZ01-A07-R03-B2,7.9
LSS Location,F3-PZ01-A07-R03-B3,7.9
LSS Location,F3-PZ01-A07-R03-B4,7.9
LSS Location,F3-PZ01-A07-R03-B5,7.9
LSS Location,F3-PZ01-A07-R03-C1,7.9
LSS Location,F3-PZ01-A07-R03-C2,7.9
LSS Location,F3-PZ01-A07-R03-C3,7.9
LSS Location,F3-PZ01-A07-R03-C4,7.9
LSS Location,F3-PZ01-A07-R03-C5,7.9
LSS Location,F3-PZ01-A07-R03-D1,7.9
LSS Location,F3-PZ01-A07-R03-D2,7.9
LSS Location,F3-PZ01-A07-R03-D3,7.9
LSS Location,F3-PZ01-A07-R03-D4,7.9
LSS Location,F3-PZ01-A07-R03-D5,7.9
LSS Location,F3-PZ01-A07-R04-A1,7.9
LSS Location,F3-PZ01-A07-R04-A2,7.9
LSS Location,F3-PZ01-A07-R04-A3,7.9
LSS Location,F3-PZ01-A07-R04-A4,7.9
LSS Location,F3-PZ01-A07-R04-A5,7.9
LSS Location,F3-PZ01-A07-R04-B1,7.9
LSS Location,F3-PZ01-A07-R04-B2,7.9
LSS Location,F3-PZ01-A07-R04-B3,7.9
LSS Location,F3-PZ01-A07-R04-B4,7.9
LSS Location,F3-PZ01-A07-R04-B5,7.9
LSS Location,F3-PZ01-A07-R04-C1,7.9
LSS Location,F3-PZ01-A07-R04-C2,7.9
LSS Location,F3-PZ01-A07-R04-C3,7.9
LSS Location,F3-PZ01-A07-R04-C4,7.9
LSS Location,F3-PZ01-A07-R04-C5,7.9
LSS Location,F3-PZ01-A07-R04-D1,7.9
LSS Location,F3-PZ01-A07-R04-D2,7.9
LSS Location,F3-PZ01-A07-R04-D3,7.9
LSS Location,F3-PZ01-A07-R04-D4,7.9
LSS Location,F3-PZ01-A07-R04-D5,7.9
LSS Location,F3-PZ01-A07-R05-A1,7.9
LSS Location,F3-PZ01-A07-R05-A2,7.9
LSS Location,F3-PZ01-A07-R05-A3,7.9
LSS Location,F3-PZ01-A07-R05-A4,7.9
LSS Location,F3-PZ01-A07-R05-A5,7.9
LSS Location,F3-PZ01-A07-R05-B1,7.9
LSS Location,F3-PZ01-A07-R05-B2,7.9
LSS Location,F3-PZ01-A07-R05-B3,7.9
LSS Location,F3-PZ01-A07-R05-B4,7.9
LSS Location,F3-PZ01-A07-R05-B5,7.9
LSS Location,F3-PZ01-A07-R05-C1,7.9
LSS Location,F3-PZ01-A07-R05-C2,7.9
LSS Location,F3-PZ01-A07-R05-C3,7.9
LSS Location,F3-PZ01-A07-R05-C4,7.9
LSS Location,F3-PZ01-A07-R05-C5,7.9
LSS Location,F3-PZ01-A07-R05-D1,7.9
LSS Location,F3-PZ01-A07-R05-D2,7.9
LSS Location,F3-PZ01-A07-R05-D3,7.9
LSS Location,F3-PZ01-A07-R05-D4,7.9
LSS Location,F3-PZ01-A07-R05-D5,7.9
LSS Location,F3-PZ01-A07-R06-A1,7.9
LSS Location,F3-PZ01-A07-R06-A2,7.9
LSS Location,F3-PZ01-A07-R06-A3,7.9
LSS Location,F3-PZ01-A07-R06-A4,7.9
LSS Location,F3-PZ01-A07-R06-A5,7.9
LSS Location,F3-PZ01-A07-R06-B1,7.9
LSS Location,F3-PZ01-A07-R06-B2,7.9
LSS Location,F3-PZ01-A07-R06-B3,7.9
LSS Location,F3-PZ01-A07-R06-B4,7.9
LSS Location,F3-PZ01-A07-R06-B5,7.9
LSS Location,F3-PZ01-A07-R06-C1,7.9
LSS Location,F3-PZ01-A07-R06-C2,7.9
LSS Location,F3-PZ01-A07-R06-C3,7.9
LSS Location,F3-PZ01-A07-R06-C4,7.9
LSS Location,F3-PZ01-A07-R06-C5,7.9
LSS Location,F3-PZ01-A07-R06-D1,7.9
LSS Location,F3-PZ01-A07-R06-D2,7.9
LSS Location,F3-PZ01-A07-R06-D3,7.9
LSS Location,F3-PZ01-A07-R06-D4,7.9
LSS Location,F3-PZ01-A07-R06-D5,7.9
LSS Location,F3-PZ01-A07-R07-A1,7.9
LSS Location,F3-PZ01-A07-R07-A2,7.9
LSS Location,F3-PZ01-A07-R07-A3,7.9
LSS Location,F3-PZ01-A07-R07-A4,7.9
LSS Location,F3-PZ01-A07-R07-A5,7.9
LSS Location,F3-PZ01-A07-R07-B1,7.9
LSS Location,F3-PZ01-A07-R07-B2,7.9
LSS Location,F3-PZ01-A07-R07-B3,7.9
LSS Location,F3-PZ01-A07-R07-B4,7.9
LSS Location,F3-PZ01-A07-R07-B5,7.9
LSS Location,F3-PZ01-A07-R07-C1,7.9
LSS Location,F3-PZ01-A07-R07-C2,7.9
LSS Location,F3-PZ01-A07-R07-C3,7.9
LSS Location,F3-PZ01-A07-R07-C4,7.9
LSS Location,F3-PZ01-A07-R07-C5,7.9
LSS Location,F3-PZ01-A07-R07-D1,7.9
LSS Location,F3-PZ01-A07-R07-D2,7.9
LSS Location,F3-PZ01-A07-R07-D3,7.9
LSS Location,F3-PZ01-A07-R07-D4,7.9
LSS Location,F3-PZ01-A07-R07-D5,7.9
LSS Location,F3-PZ01-A07-R08-A1,7.9
LSS Location,F3-PZ01-A07-R08-A2,7.9
LSS Location,F3-PZ01-A07-R08-A3,7.9
LSS Location,F3-PZ01-A07-R08-A4,7.9
LSS Location,F3-PZ01-A07-R08-A5,7.9
LSS Location,F3-PZ01-A07-R08-B1,7.9
LSS Location,F3-PZ01-A07-R08-B2,7.9
LSS Location,F3-PZ01-A07-R08-B3,7.9
LSS Location,F3-PZ01-A07-R08-B4,7.9
LSS Location,F3-PZ01-A07-R08-B5,7.9
LSS Location,F3-PZ01-A07-R08-C1,7.9
LSS Location,F3-PZ01-A07-R08-C2,7.9
LSS Location,F3-PZ01-A07-R08-C3,7.9
LSS Location,F3-PZ01-A07-R08-C4,7.9
LSS Location,F3-PZ01-A07-R08-C5,7.9
LSS Location,F3-PZ01-A07-R08-D1,7.9
LSS Location,F3-PZ01-A07-R08-D2,7.9
LSS Location,F3-PZ01-A07-R08-D3,7.9
LSS Location,F3-PZ01-A07-R08-D4,7.9
LSS Location,F3-PZ01-A07-R08-D5,7.9
LSS Location,F3-PZ01-A07-R09-A1,7.9
LSS Location,F3-PZ01-A07-R09-A2,7.9
LSS Location,F3-PZ01-A07-R09-A3,7.9
LSS Location,F3-PZ01-A07-R09-A4,7.9
LSS Location,F3-PZ01-A07-R09-A5,7.9
LSS Location,F3-PZ01-A07-R09-B1,7.9
LSS Location,F3-PZ01-A07-R09-B2,7.9
LSS Location,F3-PZ01-A07-R09-B3,7.9
LSS Location,F3-PZ01-A07-R09-B4,7.9
LSS Location,F3-PZ01-A07-R09-B5,7.9
LSS Location,F3-PZ01-A07-R09-C1,7.9
LSS Location,F3-PZ01-A07-R09-C2,7.9
LSS Location,F3-PZ01-A07-R09-C3,7.9
LSS Location,F3-PZ01-A07-R09-C4,7.9
LSS Location,F3-PZ01-A07-R09-C5,7.9
LSS Location,F3-PZ01-A07-R09-D1,7.9
LSS Location,F3-PZ01-A07-R09-D2,7.9
LSS Location,F3-PZ01-A07-R09-D3,7.9
LSS Location,F3-PZ01-A07-R09-D4,7.9
LSS Location,F3-PZ01-A07-R09-D5,7.9
LSS Location,F3-PZ01-A07-R10-A1,7.9
LSS Location,F3-PZ01-A07-R10-A2,7.9
LSS Location,F3-PZ01-A07-R10-A3,7.9
LSS Location,F3-PZ01-A07-R10-A4,7.9
LSS Location,F3-PZ01-A07-R10-B1,7.9
LSS Location,F3-PZ01-A07-R10-B2,7.9
LSS Location,F3-PZ01-A07-R10-B3,7.9
LSS Location,F3-PZ01-A07-R10-B4,7.9
LSS Location,F3-PZ01-A07-R10-C1,7.9
LSS Location,F3-PZ01-A07-R10-C2,7.9
LSS Location,F3-PZ01-A07-R10-C3,7.9
LSS Location,F3-PZ01-A07-R10-C4,7.9
LSS Location,F3-PZ01-A07-R10-D1,7.9
LSS Location,F3-PZ01-A07-R10-D2,7.9
LSS Location,F3-PZ01-A07-R10-D3,7.9
LSS Location,F3-PZ01-A07-R10-D4,7.9
LSS Location,F3-PZ01-A08-R01-A1,7.9
LSS Location,F3-PZ01-A08-R01-A2,7.9
LSS Location,F3-PZ01-A08-R01-A3,7.9
LSS Location,F3-PZ01-A08-R01-A4,7.9
LSS Location,F3-PZ01-A08-R01-A5,7.9
LSS Location,F3-PZ01-A08-R01-B1,7.9
LSS Location,F3-PZ01-A08-R01-B2,7.9
LSS Location,F3-PZ01-A08-R01-B3,7.9
LSS Location,F3-PZ01-A08-R01-B4,7.9
LSS Location,F3-PZ01-A08-R01-B5,7.9
LSS Location,F3-PZ01-A08-R01-C1,7.9
LSS Location,F3-PZ01-A08-R01-C2,7.9
LSS Location,F3-PZ01-A08-R01-C3,7.9
LSS Location,F3-PZ01-A08-R01-C4,7.9
LSS Location,F3-PZ01-A08-R01-C5,7.9
LSS Location,F3-PZ01-A08-R01-D1,7.9
LSS Location,F3-PZ01-A08-R01-D2,7.9
LSS Location,F3-PZ01-A08-R01-D3,7.9
LSS Location,F3-PZ01-A08-R01-D4,7.9
LSS Location,F3-PZ01-A08-R01-D5,7.9
Bulk Location,F3-PZ01-A08-R01-PL,60
LSS Location,F3-PZ01-A08-R02-A1,7.9
LSS Location,F3-PZ01-A08-R02-A2,7.9
LSS Location,F3-PZ01-A08-R02-A3,7.9
LSS Location,F3-PZ01-A08-R02-A4,7.9
LSS Location,F3-PZ01-A08-R02-A5,7.9
LSS Location,F3-PZ01-A08-R02-B1,7.9
LSS Location,F3-PZ01-A08-R02-B2,7.9
LSS Location,F3-PZ01-A08-R02-B3,7.9
LSS Location,F3-PZ01-A08-R02-B4,7.9
LSS Location,F3-PZ01-A08-R02-B5,7.9
LSS Location,F3-PZ01-A08-R02-C1,7.9
LSS Location,F3-PZ01-A08-R02-C2,7.9
LSS Location,F3-PZ01-A08-R02-C3,7.9
LSS Location,F3-PZ01-A08-R02-C4,7.9
LSS Location,F3-PZ01-A08-R02-C5,7.9
LSS Location,F3-PZ01-A08-R02-D1,7.9
LSS Location,F3-PZ01-A08-R02-D2,7.9
LSS Location,F3-PZ01-A08-R02-D3,7.9
LSS Location,F3-PZ01-A08-R02-D4,7.9
LSS Location,F3-PZ01-A08-R02-D5,7.9
LSS Location,F3-PZ01-A08-R03-A1,7.9
LSS Location,F3-PZ01-A08-R03-A2,7.9
LSS Location,F3-PZ01-A08-R03-A3,7.9
LSS Location,F3-PZ01-A08-R03-A4,7.9
LSS Location,F3-PZ01-A08-R03-A5,7.9
LSS Location,F3-PZ01-A08-R03-B1,7.9
LSS Location,F3-PZ01-A08-R03-B2,7.9
LSS Location,F3-PZ01-A08-R03-B3,7.9
LSS Location,F3-PZ01-A08-R03-B4,7.9
LSS Location,F3-PZ01-A08-R03-B5,7.9
LSS Location,F3-PZ01-A08-R03-C1,7.9
LSS Location,F3-PZ01-A08-R03-C2,7.9
LSS Location,F3-PZ01-A08-R03-C3,7.9
LSS Location,F3-PZ01-A08-R03-C4,7.9
LSS Location,F3-PZ01-A08-R03-C5,7.9
LSS Location,F3-PZ01-A08-R03-D1,7.9
LSS Location,F3-PZ01-A08-R03-D2,7.9
LSS Location,F3-PZ01-A08-R03-D3,7.9
LSS Location,F3-PZ01-A08-R03-D4,7.9
LSS Location,F3-PZ01-A08-R03-D5,7.9
LSS Location,F3-PZ01-A08-R04-A1,7.9
LSS Location,F3-PZ01-A08-R04-A2,7.9
LSS Location,F3-PZ01-A08-R04-A3,7.9
LSS Location,F3-PZ01-A08-R04-A4,7.9
LSS Location,F3-PZ01-A08-R04-A5,7.9
LSS Location,F3-PZ01-A08-R04-B1,7.9
LSS Location,F3-PZ01-A08-R04-B2,7.9
LSS Location,F3-PZ01-A08-R04-B3,7.9
LSS Location,F3-PZ01-A08-R04-B4,7.9
LSS Location,F3-PZ01-A08-R04-B5,7.9
LSS Location,F3-PZ01-A08-R04-C1,7.9
LSS Location,F3-PZ01-A08-R04-C2,7.9
LSS Location,F3-PZ01-A08-R04-C3,7.9
LSS Location,F3-PZ01-A08-R04-C4,7.9
LSS Location,F3-PZ01-A08-R04-C5,7.9
LSS Location,F3-PZ01-A08-R04-D1,7.9
LSS Location,F3-PZ01-A08-R04-D2,7.9
LSS Location,F3-PZ01-A08-R04-D3,7.9
LSS Location,F3-PZ01-A08-R04-D4,7.9
LSS Location,F3-PZ01-A08-R04-D5,7.9
LSS Location,F3-PZ01-A08-R05-A1,7.9
LSS Location,F3-PZ01-A08-R05-A2,7.9
LSS Location,F3-PZ01-A08-R05-A3,7.9
LSS Location,F3-PZ01-A08-R05-A4,7.9
LSS Location,F3-PZ01-A08-R05-A5,7.9
LSS Location,F3-PZ01-A08-R05-B1,7.9
LSS Location,F3-PZ01-A08-R05-B2,7.9
LSS Location,F3-PZ01-A08-R05-B3,7.9
LSS Location,F3-PZ01-A08-R05-B4,7.9
LSS Location,F3-PZ01-A08-R05-B5,7.9
LSS Location,F3-PZ01-A08-R05-C1,7.9
LSS Location,F3-PZ01-A08-R05-C2,7.9
LSS Location,F3-PZ01-A08-R05-C3,7.9
LSS Location,F3-PZ01-A08-R05-C4,7.9
LSS Location,F3-PZ01-A08-R05-C5,7.9
LSS Location,F3-PZ01-A08-R05-D1,7.9
LSS Location,F3-PZ01-A08-R05-D2,7.9
LSS Location,F3-PZ01-A08-R05-D3,7.9
LSS Location,F3-PZ01-A08-R05-D4,7.9
LSS Location,F3-PZ01-A08-R05-D5,7.9
LSS Location,F3-PZ01-A08-R06-A1,7.9
LSS Location,F3-PZ01-A08-R06-A2,7.9
LSS Location,F3-PZ01-A08-R06-A3,7.9
LSS Location,F3-PZ01-A08-R06-A4,7.9
LSS Location,F3-PZ01-A08-R06-B1,7.9
LSS Location,F3-PZ01-A08-R06-B2,7.9
LSS Location,F3-PZ01-A08-R06-B3,7.9
LSS Location,F3-PZ01-A08-R06-B4,7.9
LSS Location,F3-PZ01-A08-R06-C1,7.9
LSS Location,F3-PZ01-A08-R06-C2,7.9
LSS Location,F3-PZ01-A08-R06-C3,7.9
LSS Location,F3-PZ01-A08-R06-C4,7.9
LSS Location,F3-PZ01-A08-R06-D1,7.9
LSS Location,F3-PZ01-A08-R06-D2,7.9
LSS Location,F3-PZ01-A08-R06-D3,7.9
LSS Location,F3-PZ01-A08-R06-D4,7.9
Bulk Location,F3-PZ01-BULK1-R01-A1,60
Bulk Location,F3-PZ01-BULK1-R01-A2,60
Bulk Location,F3-PZ01-BULK1-R01-A3,60
Bulk Location,F3-PZ01-BULK1-R01-B1,60
Bulk Location,F3-PZ01-BULK1-R01-B2,60
Bulk Location,F3-PZ01-BULK1-R01-B3,60
Bulk Location,F3-PZ01-BULK1-R02-A1,60
Bulk Location,F3-PZ01-BULK1-R02-A2,60
Bulk Location,F3-PZ01-BULK1-R02-A3,60
Bulk Location,F3-PZ01-BULK1-R02-B1,60
Bulk Location,F3-PZ01-BULK1-R02-B2,60
Bulk Location,F3-PZ01-BULK1-R02-B3,60
Bulk Location,F3-PZ01-BULK1-R03-A1,60
Bulk Location,F3-PZ01-BULK1-R03-A2,60
Bulk Location,F3-PZ01-BULK1-R03-A3,60
Bulk Location,F3-PZ01-BULK1-R03-B1,60
Bulk Location,F3-PZ01-BULK1-R03-B2,60
Bulk Location,F3-PZ01-BULK1-R03-B3,60
Bulk Location,F3-PZ01-BULK1-R04-A1,60
Bulk Location,F3-PZ01-BULK1-R04-A2,60
Bulk Location,F3-PZ01-BULK1-R04-A3,60
Bulk Location,F3-PZ01-BULK1-R04-B1,60
Bulk Location,F3-PZ01-BULK1-R04-B2,60
Bulk Location,F3-PZ01-BULK1-R04-B3,60
Bulk Location,F3-PZ01-BULK1-R05-A1,60
Bulk Location,F3-PZ01-BULK1-R05-A2,60
Bulk Location,F3-PZ01-BULK1-R05-A3,60
Bulk Location,F3-PZ01-BULK1-R05-B1,60
Bulk Location,F3-PZ01-BULK1-R05-B2,60
Bulk Location,F3-PZ01-BULK1-R05-B3,60
Bulk Location,F3-PZ01-BULK1-R06-A1,60
Bulk Location,F3-PZ01-BULK1-R06-B1,60
LSS Location,F3-PZ02-A08-R01-A1,7.9
LSS Location,F3-PZ02-A08-R01-A2,7.9
LSS Location,F3-PZ02-A08-R01-A3,7.9
LSS Location,F3-PZ02-A08-R01-A4,7.9
LSS Location,F3-PZ02-A08-R01-A5,7.9
LSS Location,F3-PZ02-A08-R01-B1,7.9
LSS Location,F3-PZ02-A08-R01-B2,7.9
LSS Location,F3-PZ02-A08-R01-B3,7.9
LSS Location,F3-PZ02-A08-R01-B4,7.9
LSS Location,F3-PZ02-A08-R01-B5,7.9
LSS Location,F3-PZ02-A08-R01-C1,7.9
LSS Location,F3-PZ02-A08-R01-C2,7.9
LSS Location,F3-PZ02-A08-R01-C3,7.9
LSS Location,F3-PZ02-A08-R01-C4,7.9
LSS Location,F3-PZ02-A08-R01-C5,7.9
LSS Location,F3-PZ02-A08-R01-D1,7.9
LSS Location,F3-PZ02-A08-R01-D2,7.9
LSS Location,F3-PZ02-A08-R01-D3,7.9
LSS Location,F3-PZ02-A08-R01-D4,7.9
LSS Location,F3-PZ02-A08-R01-D5,7.9
LSS Location,F3-PZ02-A08-R01-PL,
LSS Location,F3-PZ02-A08-R02-A1,7.9
LSS Location,F3-PZ02-A08-R02-A2,7.9
LSS Location,F3-PZ02-A08-R02-A3,7.9
LSS Location,F3-PZ02-A08-R02-A4,7.9
LSS Location,F3-PZ02-A08-R02-A5,7.9
LSS Location,F3-PZ02-A08-R02-B1,7.9
LSS Location,F3-PZ02-A08-R02-B2,7.9
LSS Location,F3-PZ02-A08-R02-B3,7.9
LSS Location,F3-PZ02-A08-R02-B4,7.9
LSS Location,F3-PZ02-A08-R02-B5,7.9
LSS Location,F3-PZ02-A08-R02-C1,7.9
LSS Location,F3-PZ02-A08-R02-C2,7.9
LSS Location,F3-PZ02-A08-R02-C3,7.9
LSS Location,F3-PZ02-A08-R02-C4,7.9
LSS Location,F3-PZ02-A08-R02-C5,7.9
LSS Location,F3-PZ02-A08-R02-D1,7.9
LSS Location,F3-PZ02-A08-R02-D2,7.9
LSS Location,F3-PZ02-A08-R02-D3,7.9
LSS Location,F3-PZ02-A08-R02-D4,7.9
LSS Location,F3-PZ02-A08-R02-D5,7.9
LSS Location,F3-PZ02-A08-R03-A1,7.9
LSS Location,F3-PZ02-A08-R03-A2,7.9
LSS Location,F3-PZ02-A08-R03-A3,7.9
LSS Location,F3-PZ02-A08-R03-A4,7.9
LSS Location,F3-PZ02-A08-R03-A5,7.9
LSS Location,F3-PZ02-A08-R03-B1,7.9
LSS Location,F3-PZ02-A08-R03-B2,7.9
LSS Location,F3-PZ02-A08-R03-B3,7.9
LSS Location,F3-PZ02-A08-R03-B4,7.9
LSS Location,F3-PZ02-A08-R03-B5,7.9
LSS Location,F3-PZ02-A08-R03-C1,7.9
LSS Location,F3-PZ02-A08-R03-C2,7.9
LSS Location,F3-PZ02-A08-R03-C3,7.9
LSS Location,F3-PZ02-A08-R03-C4,7.9
LSS Location,F3-PZ02-A08-R03-C5,7.9
LSS Location,F3-PZ02-A08-R03-D1,7.9
LSS Location,F3-PZ02-A08-R03-D2,7.9
LSS Location,F3-PZ02-A08-R03-D3,7.9
LSS Location,F3-PZ02-A08-R03-D4,7.9
LSS Location,F3-PZ02-A08-R03-D5,7.9
LSS Location,F3-PZ02-A08-R04-A1,7.9
LSS Location,F3-PZ02-A08-R04-A2,7.9
LSS Location,F3-PZ02-A08-R04-A3,7.9
LSS Location,F3-PZ02-A08-R04-A4,7.9
LSS Location,F3-PZ02-A08-R04-A5,7.9
LSS Location,F3-PZ02-A08-R04-B1,7.9
LSS Location,F3-PZ02-A08-R04-B2,7.9
LSS Location,F3-PZ02-A08-R04-B3,7.9
LSS Location,F3-PZ02-A08-R04-B4,7.9
LSS Location,F3-PZ02-A08-R04-B5,7.9
LSS Location,F3-PZ02-A08-R04-C1,7.9
LSS Location,F3-PZ02-A08-R04-C2,7.9
LSS Location,F3-PZ02-A08-R04-C3,7.9
LSS Location,F3-PZ02-A08-R04-C4,7.9
LSS Location,F3-PZ02-A08-R04-C5,7.9
LSS Location,F3-PZ02-A08-R04-D1,7.9
LSS Location,F3-PZ02-A08-R04-D2,7.9
LSS Location,F3-PZ02-A08-R04-D3,7.9
LSS Location,F3-PZ02-A08-R04-D4,7.9
LSS Location,F3-PZ02-A08-R04-D5,7.9
LSS Location,F3-PZ02-A08-R05-A1,7.9
LSS Location,F3-PZ02-A08-R05-A2,7.9
LSS Location,F3-PZ02-A08-R05-A3,7.9
LSS Location,F3-PZ02-A08-R05-A4,7.9
LSS Location,F3-PZ02-A08-R05-A5,7.9
LSS Location,F3-PZ02-A08-R05-B1,7.9
LSS Location,F3-PZ02-A08-R05-B2,7.9
LSS Location,F3-PZ02-A08-R05-B3,7.9
LSS Location,F3-PZ02-A08-R05-B4,7.9
LSS Location,F3-PZ02-A08-R05-B5,7.9
LSS Location,F3-PZ02-A08-R05-C1,7.9
LSS Location,F3-PZ02-A08-R05-C2,7.9
LSS Location,F3-PZ02-A08-R05-C3,7.9
LSS Location,F3-PZ02-A08-R05-C4,7.9
LSS Location,F3-PZ02-A08-R05-C5,7.9
LSS Location,F3-PZ02-A08-R05-D1,7.9
LSS Location,F3-PZ02-A08-R05-D2,7.9
LSS Location,F3-PZ02-A08-R05-D3,7.9
LSS Location,F3-PZ02-A08-R05-D4,7.9
LSS Location,F3-PZ02-A08-R05-D5,7.9
LSS Location,F3-PZ02-A08-R06-A1,7.9
LSS Location,F3-PZ02-A08-R06-A2,7.9
LSS Location,F3-PZ02-A08-R06-A3,7.9
LSS Location,F3-PZ02-A08-R06-A4,7.9
LSS Location,F3-PZ02-A08-R06-B1,7.9
LSS Location,F3-PZ02-A08-R06-B2,7.9
LSS Location,F3-PZ02-A08-R06-B3,7.9
LSS Location,F3-PZ02-A08-R06-B4,7.9
LSS Location,F3-PZ02-A08-R06-C1,7.9
LSS Location,F3-PZ02-A08-R06-C2,7.9
LSS Location,F3-PZ02-A08-R06-C3,7.9
LSS Location,F3-PZ02-A08-R06-C4,7.9
LSS Location,F3-PZ02-A08-R06-D1,7.9
LSS Location,F3-PZ02-A08-R06-D2,7.9
LSS Location,F3-PZ02-A08-R06-D3,7.9
LSS Location,F3-PZ02-A08-R06-D4,7.9
LSS Location,F3-PZ02-A09-R01-A1,7.9
LSS Location,F3-PZ02-A09-R01-A2,7.9
LSS Location,F3-PZ02-A09-R01-A3,7.9
LSS Location,F3-PZ02-A09-R01-A4,7.9
LSS Location,F3-PZ02-A09-R01-A5,7.9
LSS Location,F3-PZ02-A09-R01-B1,7.9
LSS Location,F3-PZ02-A09-R01-B2,7.9
LSS Location,F3-PZ02-A09-R01-B3,7.9
LSS Location,F3-PZ02-A09-R01-B4,7.9
LSS Location,F3-PZ02-A09-R01-B5,7.9
LSS Location,F3-PZ02-A09-R01-C1,7.9
LSS Location,F3-PZ02-A09-R01-C2,7.9
LSS Location,F3-PZ02-A09-R01-C3,7.9
LSS Location,F3-PZ02-A09-R01-C4,7.9
LSS Location,F3-PZ02-A09-R01-C5,7.9
LSS Location,F3-PZ02-A09-R01-D1,7.9
LSS Location,F3-PZ02-A09-R01-D2,7.9
LSS Location,F3-PZ02-A09-R01-D3,7.9
LSS Location,F3-PZ02-A09-R01-D4,7.9
LSS Location,F3-PZ02-A09-R01-D5,7.9
LSS Location,F3-PZ02-A09-R01-PL,
LSS Location,F3-PZ02-A09-R02-A1,7.9
LSS Location,F3-PZ02-A09-R02-A2,7.9
LSS Location,F3-PZ02-A09-R02-A3,7.9
LSS Location,F3-PZ02-A09-R02-A4,7.9
LSS Location,F3-PZ02-A09-R02-A5,7.9
LSS Location,F3-PZ02-A09-R02-B1,7.9
LSS Location,F3-PZ02-A09-R02-B2,7.9
LSS Location,F3-PZ02-A09-R02-B3,7.9
LSS Location,F3-PZ02-A09-R02-B4,7.9
LSS Location,F3-PZ02-A09-R02-B5,7.9
LSS Location,F3-PZ02-A09-R02-C1,7.9
LSS Location,F3-PZ02-A09-R02-C2,7.9
LSS Location,F3-PZ02-A09-R02-C3,7.9
LSS Location,F3-PZ02-A09-R02-C4,7.9
LSS Location,F3-PZ02-A09-R02-C5,7.9
LSS Location,F3-PZ02-A09-R02-D1,7.9
LSS Location,F3-PZ02-A09-R02-D2,7.9
LSS Location,F3-PZ02-A09-R02-D3,7.9
LSS Location,F3-PZ02-A09-R02-D4,7.9
LSS Location,F3-PZ02-A09-R02-D5,7.9
LSS Location,F3-PZ02-A09-R03-A1,7.9
LSS Location,F3-PZ02-A09-R03-A2,7.9
LSS Location,F3-PZ02-A09-R03-A3,7.9
LSS Location,F3-PZ02-A09-R03-A4,7.9
LSS Location,F3-PZ02-A09-R03-A5,7.9
LSS Location,F3-PZ02-A09-R03-B1,7.9
LSS Location,F3-PZ02-A09-R03-B2,7.9
LSS Location,F3-PZ02-A09-R03-B3,7.9
LSS Location,F3-PZ02-A09-R03-B4,7.9
LSS Location,F3-PZ02-A09-R03-B5,7.9
LSS Location,F3-PZ02-A09-R03-C1,7.9
LSS Location,F3-PZ02-A09-R03-C2,7.9
LSS Location,F3-PZ02-A09-R03-C3,7.9
LSS Location,F3-PZ02-A09-R03-C4,7.9
LSS Location,F3-PZ02-A09-R03-C5,7.9
LSS Location,F3-PZ02-A09-R03-D1,7.9
LSS Location,F3-PZ02-A09-R03-D2,7.9
LSS Location,F3-PZ02-A09-R03-D3,7.9
LSS Location,F3-PZ02-A09-R03-D4,7.9
LSS Location,F3-PZ02-A09-R03-D5,7.9
LSS Location,F3-PZ02-A09-R04-A1,7.9
LSS Location,F3-PZ02-A09-R04-A2,7.9
LSS Location,F3-PZ02-A09-R04-A3,7.9
LSS Location,F3-PZ02-A09-R04-A4,7.9
LSS Location,F3-PZ02-A09-R04-A5,7.9
LSS Location,F3-PZ02-A09-R04-B1,7.9
LSS Location,F3-PZ02-A09-R04-B2,7.9
LSS Location,F3-PZ02-A09-R04-B3,7.9
LSS Location,F3-PZ02-A09-R04-B4,7.9
LSS Location,F3-PZ02-A09-R04-B5,7.9
LSS Location,F3-PZ02-A09-R04-C1,7.9
LSS Location,F3-PZ02-A09-R04-C2,7.9
LSS Location,F3-PZ02-A09-R04-C3,7.9
LSS Location,F3-PZ02-A09-R04-C4,7.9
LSS Location,F3-PZ02-A09-R04-C5,7.9
LSS Location,F3-PZ02-A09-R04-D1,7.9
LSS Location,F3-PZ02-A09-R04-D2,7.9
LSS Location,F3-PZ02-A09-R04-D3,7.9
LSS Location,F3-PZ02-A09-R04-D4,7.9
LSS Location,F3-PZ02-A09-R04-D5,7.9
LSS Location,F3-PZ02-A09-R05-A1,7.9
LSS Location,F3-PZ02-A09-R05-A2,7.9
LSS Location,F3-PZ02-A09-R05-A3,7.9
LSS Location,F3-PZ02-A09-R05-A4,7.9
LSS Location,F3-PZ02-A09-R05-A5,7.9
LSS Location,F3-PZ02-A09-R05-B1,7.9
LSS Location,F3-PZ02-A09-R05-B2,7.9
LSS Location,F3-PZ02-A09-R05-B3,7.9
LSS Location,F3-PZ02-A09-R05-B4,7.9
LSS Location,F3-PZ02-A09-R05-B5,7.9
LSS Location,F3-PZ02-A09-R05-C1,7.9
LSS Location,F3-PZ02-A09-R05-C2,7.9
LSS Location,F3-PZ02-A09-R05-C3,7.9
LSS Location,F3-PZ02-A09-R05-C4,7.9
LSS Location,F3-PZ02-A09-R05-C5,7.9
LSS Location,F3-PZ02-A09-R05-D1,7.9
LSS Location,F3-PZ02-A09-R05-D2,7.9
LSS Location,F3-PZ02-A09-R05-D3,7.9
LSS Location,F3-PZ02-A09-R05-D4,7.9
LSS Location,F3-PZ02-A09-R05-D5,7.9
LSS Location,F3-PZ02-A09-R06-A1,7.9
LSS Location,F3-PZ02-A09-R06-A2,7.9
LSS Location,F3-PZ02-A09-R06-A3,7.9
LSS Location,F3-PZ02-A09-R06-A4,7.9
LSS Location,F3-PZ02-A09-R06-A5,7.9
LSS Location,F3-PZ02-A09-R06-B1,7.9
LSS Location,F3-PZ02-A09-R06-B2,7.9
LSS Location,F3-PZ02-A09-R06-B3,7.9
LSS Location,F3-PZ02-A09-R06-B4,7.9
LSS Location,F3-PZ02-A09-R06-B5,7.9
LSS Location,F3-PZ02-A09-R06-C1,7.9
LSS Location,F3-PZ02-A09-R06-C2,7.9
LSS Location,F3-PZ02-A09-R06-C3,7.9
LSS Location,F3-PZ02-A09-R06-C4,7.9
LSS Location,F3-PZ02-A09-R06-C5,7.9
LSS Location,F3-PZ02-A09-R06-D1,7.9
LSS Location,F3-PZ02-A09-R06-D2,7.9
LSS Location,F3-PZ02-A09-R06-D3,7.9
LSS Location,F3-PZ02-A09-R06-D4,7.9
LSS Location,F3-PZ02-A09-R06-D5,7.9
LSS Location,F3-PZ02-A09-R07-A1,7.9
LSS Location,F3-PZ02-A09-R07-A2,7.9
LSS Location,F3-PZ02-A09-R07-A3,7.9
LSS Location,F3-PZ02-A09-R07-A4,7.9
LSS Location,F3-PZ02-A09-R07-A5,7.9
LSS Location,F3-PZ02-A09-R07-B1,7.9
LSS Location,F3-PZ02-A09-R07-B2,7.9
LSS Location,F3-PZ02-A09-R07-B3,7.9
LSS Location,F3-PZ02-A09-R07-B4,7.9
LSS Location,F3-PZ02-A09-R07-B5,7.9
LSS Location,F3-PZ02-A09-R07-C1,7.9
LSS Location,F3-PZ02-A09-R07-C2,7.9
LSS Location,F3-PZ02-A09-R07-C3,7.9
LSS Location,F3-PZ02-A09-R07-C4,7.9
LSS Location,F3-PZ02-A09-R07-C5,7.9
LSS Location,F3-PZ02-A09-R07-D1,7.9
LSS Location,F3-PZ02-A09-R07-D2,7.9
LSS Location,F3-PZ02-A09-R07-D3,7.9
LSS Location,F3-PZ02-A09-R07-D4,7.9
LSS Location,F3-PZ02-A09-R07-D5,7.9
LSS Location,F3-PZ02-A09-R08-A1,7.9
LSS Location,F3-PZ02-A09-R08-A2,7.9
LSS Location,F3-PZ02-A09-R08-A3,7.9
LSS Location,F3-PZ02-A09-R08-A4,7.9
LSS Location,F3-PZ02-A09-R08-A5,7.9
LSS Location,F3-PZ02-A09-R08-B1,7.9
LSS Location,F3-PZ02-A09-R08-B2,7.9
LSS Location,F3-PZ02-A09-R08-B3,7.9
LSS Location,F3-PZ02-A09-R08-B4,7.9
LSS Location,F3-PZ02-A09-R08-B5,7.9
LSS Location,F3-PZ02-A09-R08-C1,7.9
LSS Location,F3-PZ02-A09-R08-C2,7.9
LSS Location,F3-PZ02-A09-R08-C3,7.9
LSS Location,F3-PZ02-A09-R08-C4,7.9
LSS Location,F3-PZ02-A09-R08-C5,7.9
LSS Location,F3-PZ02-A09-R08-D1,7.9
LSS Location,F3-PZ02-A09-R08-D2,7.9
LSS Location,F3-PZ02-A09-R08-D3,7.9
LSS Location,F3-PZ02-A09-R08-D4,7.9
LSS Location,F3-PZ02-A09-R08-D5,7.9
LSS Location,F3-PZ02-A09-R09-A1,7.9
LSS Location,F3-PZ02-A09-R09-A2,7.9
LSS Location,F3-PZ02-A09-R09-A3,7.9
LSS Location,F3-PZ02-A09-R09-A4,7.9
LSS Location,F3-PZ02-A09-R09-A5,7.9
LSS Location,F3-PZ02-A09-R09-B1,7.9
LSS Location,F3-PZ02-A09-R09-B2,7.9
LSS Location,F3-PZ02-A09-R09-B3,7.9
LSS Location,F3-PZ02-A09-R09-B4,7.9
LSS Location,F3-PZ02-A09-R09-B5,7.9
LSS Location,F3-PZ02-A09-R09-C1,7.9
LSS Location,F3-PZ02-A09-R09-C2,7.9
LSS Location,F3-PZ02-A09-R09-C3,7.9
LSS Location,F3-PZ02-A09-R09-C4,7.9
LSS Location,F3-PZ02-A09-R09-C5,7.9
LSS Location,F3-PZ02-A09-R09-D1,7.9
LSS Location,F3-PZ02-A09-R09-D2,7.9
LSS Location,F3-PZ02-A09-R09-D3,7.9
LSS Location,F3-PZ02-A09-R09-D4,7.9
LSS Location,F3-PZ02-A09-R09-D5,7.9
LSS Location,F3-PZ02-A09-R10-A1,7.9
LSS Location,F3-PZ02-A09-R10-A2,7.9
LSS Location,F3-PZ02-A09-R10-A3,7.9
LSS Location,F3-PZ02-A09-R10-A4,7.9
LSS Location,F3-PZ02-A09-R10-A5,7.9
LSS Location,F3-PZ02-A09-R10-B1,7.9
LSS Location,F3-PZ02-A09-R10-B2,7.9
LSS Location,F3-PZ02-A09-R10-B3,7.9
LSS Location,F3-PZ02-A09-R10-B4,7.9
LSS Location,F3-PZ02-A09-R10-B5,7.9
LSS Location,F3-PZ02-A09-R10-C1,7.9
LSS Location,F3-PZ02-A09-R10-C2,7.9
LSS Location,F3-PZ02-A09-R10-C3,7.9
LSS Location,F3-PZ02-A09-R10-C4,7.9
LSS Location,F3-PZ02-A09-R10-C5,7.9
LSS Location,F3-PZ02-A09-R10-D1,7.9
LSS Location,F3-PZ02-A09-R10-D2,7.9
LSS Location,F3-PZ02-A09-R10-D3,7.9
LSS Location,F3-PZ02-A09-R10-D4,7.9
LSS Location,F3-PZ02-A09-R10-D5,7.9
LSS Location,F3-PZ02-A09-R11-A1,7.9
LSS Location,F3-PZ02-A09-R11-A2,7.9
LSS Location,F3-PZ02-A09-R11-A3,7.9
LSS Location,F3-PZ02-A09-R11-A4,7.9
LSS Location,F3-PZ02-A09-R11-B1,7.9
LSS Location,F3-PZ02-A09-R11-B2,7.9
LSS Location,F3-PZ02-A09-R11-B3,7.9
LSS Location,F3-PZ02-A09-R11-B4,7.9
LSS Location,F3-PZ02-A09-R11-C1,7.9
LSS Location,F3-PZ02-A09-R11-C2,7.9
LSS Location,F3-PZ02-A09-R11-C3,7.9
LSS Location,F3-PZ02-A09-R11-C4,7.9
LSS Location,F3-PZ02-A09-R11-D1,7.9
LSS Location,F3-PZ02-A09-R11-D2,7.9
LSS Location,F3-PZ02-A09-R11-D3,7.9
LSS Location,F3-PZ02-A09-R11-D4,7.9
LSS Location,F3-PZ02-A09-R12-A1,7.9
LSS Location,F3-PZ02-A09-R12-A2,7.9
LSS Location,F3-PZ02-A09-R12-A3,7.9
LSS Location,F3-PZ02-A09-R12-A4,7.9
LSS Location,F3-PZ02-A09-R12-B1,7.9
LSS Location,F3-PZ02-A09-R12-B2,7.9
LSS Location,F3-PZ02-A09-R12-B3,7.9
LSS Location,F3-PZ02-A09-R12-B4,7.9
LSS Location,F3-PZ02-A09-R12-C1,7.9
LSS Location,F3-PZ02-A09-R12-C2,7.9
LSS Location,F3-PZ02-A09-R12-C3,7.9
LSS Location,F3-PZ02-A09-R12-C4,7.9
LSS Location,F3-PZ02-A09-R12-D1,7.9
LSS Location,F3-PZ02-A09-R12-D2,7.9
LSS Location,F3-PZ02-A09-R12-D3,7.9
LSS Location,F3-PZ02-A09-R12-D4,7.9
LSS Location,F3-PZ02-A10-R01-A1,7.9
LSS Location,F3-PZ02-A10-R01-A2,7.9
LSS Location,F3-PZ02-A10-R01-A3,7.9
LSS Location,F3-PZ02-A10-R01-A4,7.9
LSS Location,F3-PZ02-A10-R01-A5,7.9
LSS Location,F3-PZ02-A10-R01-B1,7.9
LSS Location,F3-PZ02-A10-R01-B2,7.9
LSS Location,F3-PZ02-A10-R01-B3,7.9
LSS Location,F3-PZ02-A10-R01-B4,7.9
LSS Location,F3-PZ02-A10-R01-B5,7.9
LSS Location,F3-PZ02-A10-R01-C1,7.9
LSS Location,F3-PZ02-A10-R01-C2,7.9
LSS Location,F3-PZ02-A10-R01-C3,7.9
LSS Location,F3-PZ02-A10-R01-C4,7.9
LSS Location,F3-PZ02-A10-R01-C5,7.9
LSS Location,F3-PZ02-A10-R01-D1,7.9
LSS Location,F3-PZ02-A10-R01-D2,7.9
LSS Location,F3-PZ02-A10-R01-D3,7.9
LSS Location,F3-PZ02-A10-R01-D4,7.9
LSS Location,F3-PZ02-A10-R01-D5,7.9
LSS Location,F3-PZ02-A10-R01-PL,
LSS Location,F3-PZ02-A10-R02-A1,7.9
LSS Location,F3-PZ02-A10-R02-A2,7.9
LSS Location,F3-PZ02-A10-R02-A3,7.9
LSS Location,F3-PZ02-A10-R02-A4,7.9
LSS Location,F3-PZ02-A10-R02-A5,7.9
LSS Location,F3-PZ02-A10-R02-B1,7.9
LSS Location,F3-PZ02-A10-R02-B2,7.9
LSS Location,F3-PZ02-A10-R02-B3,7.9
LSS Location,F3-PZ02-A10-R02-B4,7.9
LSS Location,F3-PZ02-A10-R02-B5,7.9
LSS Location,F3-PZ02-A10-R02-C1,7.9
LSS Location,F3-PZ02-A10-R02-C2,7.9
LSS Location,F3-PZ02-A10-R02-C3,7.9
LSS Location,F3-PZ02-A10-R02-C4,7.9
LSS Location,F3-PZ02-A10-R02-C5,7.9
LSS Location,F3-PZ02-A10-R02-D1,7.9
LSS Location,F3-PZ02-A10-R02-D2,7.9
LSS Location,F3-PZ02-A10-R02-D3,7.9
LSS Location,F3-PZ02-A10-R02-D4,7.9
LSS Location,F3-PZ02-A10-R02-D5,7.9
LSS Location,F3-PZ02-A10-R03-A1,7.9
LSS Location,F3-PZ02-A10-R03-A2,7.9
LSS Location,F3-PZ02-A10-R03-A3,7.9
LSS Location,F3-PZ02-A10-R03-A4,7.9
LSS Location,F3-PZ02-A10-R03-A5,7.9
LSS Location,F3-PZ02-A10-R03-B1,7.9
LSS Location,F3-PZ02-A10-R03-B2,7.9
LSS Location,F3-PZ02-A10-R03-B3,7.9
LSS Location,F3-PZ02-A10-R03-B4,7.9
LSS Location,F3-PZ02-A10-R03-B5,7.9
LSS Location,F3-PZ02-A10-R03-C1,7.9
LSS Location,F3-PZ02-A10-R03-C2,7.9
LSS Location,F3-PZ02-A10-R03-C3,7.9
LSS Location,F3-PZ02-A10-R03-C4,7.9
LSS Location,F3-PZ02-A10-R03-C5,7.9
LSS Location,F3-PZ02-A10-R03-D1,7.9
LSS Location,F3-PZ02-A10-R03-D2,7.9
LSS Location,F3-PZ02-A10-R03-D3,7.9
LSS Location,F3-PZ02-A10-R03-D4,7.9
LSS Location,F3-PZ02-A10-R03-D5,7.9
LSS Location,F3-PZ02-A10-R04-A1,7.9
LSS Location,F3-PZ02-A10-R04-A2,7.9
LSS Location,F3-PZ02-A10-R04-A3,7.9
LSS Location,F3-PZ02-A10-R04-A4,7.9
LSS Location,F3-PZ02-A10-R04-A5,7.9
LSS Location,F3-PZ02-A10-R04-B1,7.9
LSS Location,F3-PZ02-A10-R04-B2,7.9
LSS Location,F3-PZ02-A10-R04-B3,7.9
LSS Location,F3-PZ02-A10-R04-B4,7.9
LSS Location,F3-PZ02-A10-R04-B5,7.9
LSS Location,F3-PZ02-A10-R04-C1,7.9
LSS Location,F3-PZ02-A10-R04-C2,7.9
LSS Location,F3-PZ02-A10-R04-C3,7.9
LSS Location,F3-PZ02-A10-R04-C4,7.9
LSS Location,F3-PZ02-A10-R04-C5,7.9
LSS Location,F3-PZ02-A10-R04-D1,7.9
LSS Location,F3-PZ02-A10-R04-D2,7.9
LSS Location,F3-PZ02-A10-R04-D3,7.9
LSS Location,F3-PZ02-A10-R04-D4,7.9
LSS Location,F3-PZ02-A10-R04-D5,7.9
LSS Location,F3-PZ02-A10-R05-A1,7.9
LSS Location,F3-PZ02-A10-R05-A2,7.9
LSS Location,F3-PZ02-A10-R05-A3,7.9
LSS Location,F3-PZ02-A10-R05-A4,7.9
LSS Location,F3-PZ02-A10-R05-A5,7.9
LSS Location,F3-PZ02-A10-R05-B1,7.9
LSS Location,F3-PZ02-A10-R05-B2,7.9
LSS Location,F3-PZ02-A10-R05-B3,7.9
LSS Location,F3-PZ02-A10-R05-B4,7.9
LSS Location,F3-PZ02-A10-R05-B5,7.9
LSS Location,F3-PZ02-A10-R05-C1,7.9
LSS Location,F3-PZ02-A10-R05-C2,7.9
LSS Location,F3-PZ02-A10-R05-C3,7.9
LSS Location,F3-PZ02-A10-R05-C4,7.9
LSS Location,F3-PZ02-A10-R05-C5,7.9
LSS Location,F3-PZ02-A10-R05-D1,7.9
LSS Location,F3-PZ02-A10-R05-D2,7.9
LSS Location,F3-PZ02-A10-R05-D3,7.9
LSS Location,F3-PZ02-A10-R05-D4,7.9
LSS Location,F3-PZ02-A10-R05-D5,7.9
LSS Location,F3-PZ02-A10-R06-A1,7.9
LSS Location,F3-PZ02-A10-R06-A2,7.9
LSS Location,F3-PZ02-A10-R06-A3,7.9
LSS Location,F3-PZ02-A10-R06-A4,7.9
LSS Location,F3-PZ02-A10-R06-A5,7.9
LSS Location,F3-PZ02-A10-R06-B1,7.9
LSS Location,F3-PZ02-A10-R06-B2,7.9
LSS Location,F3-PZ02-A10-R06-B3,7.9
LSS Location,F3-PZ02-A10-R06-B4,7.9
LSS Location,F3-PZ02-A10-R06-B5,7.9
LSS Location,F3-PZ02-A10-R06-C1,7.9
LSS Location,F3-PZ02-A10-R06-C2,7.9
LSS Location,F3-PZ02-A10-R06-C3,7.9
LSS Location,F3-PZ02-A10-R06-C4,7.9
LSS Location,F3-PZ02-A10-R06-C5,7.9
LSS Location,F3-PZ02-A10-R06-D1,7.9
LSS Location,F3-PZ02-A10-R06-D2,7.9
LSS Location,F3-PZ02-A10-R06-D3,7.9
LSS Location,F3-PZ02-A10-R06-D4,7.9
LSS Location,F3-PZ02-A10-R06-D5,7.9
LSS Location,F3-PZ02-A10-R07-A1,7.9
LSS Location,F3-PZ02-A10-R07-A2,7.9
LSS Location,F3-PZ02-A10-R07-A3,7.9
LSS Location,F3-PZ02-A10-R07-A4,7.9
LSS Location,F3-PZ02-A10-R07-A5,7.9
LSS Location,F3-PZ02-A10-R07-B1,7.9
LSS Location,F3-PZ02-A10-R07-B2,7.9
LSS Location,F3-PZ02-A10-R07-B3,7.9
LSS Location,F3-PZ02-A10-R07-B4,7.9
LSS Location,F3-PZ02-A10-R07-B5,7.9
LSS Location,F3-PZ02-A10-R07-C1,7.9
LSS Location,F3-PZ02-A10-R07-C2,7.9
LSS Location,F3-PZ02-A10-R07-C3,7.9
LSS Location,F3-PZ02-A10-R07-C4,7.9
LSS Location,F3-PZ02-A10-R07-C5,7.9
LSS Location,F3-PZ02-A10-R07-D1,7.9
LSS Location,F3-PZ02-A10-R07-D2,7.9
LSS Location,F3-PZ02-A10-R07-D3,7.9
LSS Location,F3-PZ02-A10-R07-D4,7.9
LSS Location,F3-PZ02-A10-R07-D5,7.9
LSS Location,F3-PZ02-A10-R08-A1,7.9
LSS Location,F3-PZ02-A10-R08-A2,7.9
LSS Location,F3-PZ02-A10-R08-A3,7.9
LSS Location,F3-PZ02-A10-R08-A4,7.9
LSS Location,F3-PZ02-A10-R08-A5,7.9
LSS Location,F3-PZ02-A10-R08-B1,7.9
LSS Location,F3-PZ02-A10-R08-B2,7.9
LSS Location,F3-PZ02-A10-R08-B3,7.9
LSS Location,F3-PZ02-A10-R08-B4,7.9
LSS Location,F3-PZ02-A10-R08-B5,7.9
LSS Location,F3-PZ02-A10-R08-C1,7.9
LSS Location,F3-PZ02-A10-R08-C2,7.9
LSS Location,F3-PZ02-A10-R08-C3,7.9
LSS Location,F3-PZ02-A10-R08-C4,7.9
LSS Location,F3-PZ02-A10-R08-C5,7.9
LSS Location,F3-PZ02-A10-R08-D1,7.9
LSS Location,F3-PZ02-A10-R08-D2,7.9
LSS Location,F3-PZ02-A10-R08-D3,7.9
LSS Location,F3-PZ02-A10-R08-D4,7.9
LSS Location,F3-PZ02-A10-R08-D5,7.9
LSS Location,F3-PZ02-A10-R09-A1,7.9
LSS Location,F3-PZ02-A10-R09-A2,7.9
LSS Location,F3-PZ02-A10-R09-A3,7.9
LSS Location,F3-PZ02-A10-R09-A4,7.9
LSS Location,F3-PZ02-A10-R09-A5,7.9
LSS Location,F3-PZ02-A10-R09-B1,7.9
LSS Location,F3-PZ02-A10-R09-B2,7.9
LSS Location,F3-PZ02-A10-R09-B3,7.9
LSS Location,F3-PZ02-A10-R09-B4,7.9
LSS Location,F3-PZ02-A10-R09-B5,7.9
LSS Location,F3-PZ02-A10-R09-C1,7.9
LSS Location,F3-PZ02-A10-R09-C2,7.9
LSS Location,F3-PZ02-A10-R09-C3,7.9
LSS Location,F3-PZ02-A10-R09-C4,7.9
LSS Location,F3-PZ02-A10-R09-C5,7.9
LSS Location,F3-PZ02-A10-R09-D1,7.9
LSS Location,F3-PZ02-A10-R09-D2,7.9
LSS Location,F3-PZ02-A10-R09-D3,7.9
LSS Location,F3-PZ02-A10-R09-D4,7.9
LSS Location,F3-PZ02-A10-R09-D5,7.9
LSS Location,F3-PZ02-A10-R10-A1,7.9
LSS Location,F3-PZ02-A10-R10-A2,7.9
LSS Location,F3-PZ02-A10-R10-A3,7.9
LSS Location,F3-PZ02-A10-R10-A4,7.9
LSS Location,F3-PZ02-A10-R10-A5,7.9
LSS Location,F3-PZ02-A10-R10-B1,7.9
LSS Location,F3-PZ02-A10-R10-B2,7.9
LSS Location,F3-PZ02-A10-R10-B3,7.9
LSS Location,F3-PZ02-A10-R10-B4,7.9
LSS Location,F3-PZ02-A10-R10-B5,7.9
LSS Location,F3-PZ02-A10-R10-C1,7.9
LSS Location,F3-PZ02-A10-R10-C2,7.9
LSS Location,F3-PZ02-A10-R10-C3,7.9
LSS Location,F3-PZ02-A10-R10-C4,7.9
LSS Location,F3-PZ02-A10-R10-C5,7.9
LSS Location,F3-PZ02-A10-R10-D1,7.9
LSS Location,F3-PZ02-A10-R10-D2,7.9
LSS Location,F3-PZ02-A10-R10-D3,7.9
LSS Location,F3-PZ02-A10-R10-D4,7.9
LSS Location,F3-PZ02-A10-R10-D5,7.9
LSS Location,F3-PZ02-A10-R11-A1,7.9
LSS Location,F3-PZ02-A10-R11-A2,7.9
LSS Location,F3-PZ02-A10-R11-A3,7.9
LSS Location,F3-PZ02-A10-R11-A4,7.9
LSS Location,F3-PZ02-A10-R11-B1,7.9
LSS Location,F3-PZ02-A10-R11-B2,7.9
LSS Location,F3-PZ02-A10-R11-B3,7.9
LSS Location,F3-PZ02-A10-R11-B4,7.9
LSS Location,F3-PZ02-A10-R11-C1,7.9
LSS Location,F3-PZ02-A10-R11-C2,7.9
LSS Location,F3-PZ02-A10-R11-C3,7.9
LSS Location,F3-PZ02-A10-R11-C4,7.9
LSS Location,F3-PZ02-A10-R11-D1,7.9
LSS Location,F3-PZ02-A10-R11-D2,7.9
LSS Location,F3-PZ02-A10-R11-D3,7.9
LSS Location,F3-PZ02-A10-R11-D4,7.9
LSS Location,F3-PZ02-A10-R12-A1,7.9
LSS Location,F3-PZ02-A10-R12-A2,7.9
LSS Location,F3-PZ02-A10-R12-A3,7.9
LSS Location,F3-PZ02-A10-R12-A4,7.9
LSS Location,F3-PZ02-A10-R12-B1,7.9
LSS Location,F3-PZ02-A10-R12-B2,7.9
LSS Location,F3-PZ02-A10-R12-B3,7.9
LSS Location,F3-PZ02-A10-R12-B4,7.9
LSS Location,F3-PZ02-A10-R12-C1,7.9
LSS Location,F3-PZ02-A10-R12-C2,7.9
LSS Location,F3-PZ02-A10-R12-C3,7.9
LSS Location,F3-PZ02-A10-R12-C4,7.9
LSS Location,F3-PZ02-A10-R12-D1,7.9
LSS Location,F3-PZ02-A10-R12-D2,7.9
LSS Location,F3-PZ02-A10-R12-D3,7.9
LSS Location,F3-PZ02-A10-R12-D4,7.9
LSS Location,F3-PZ02-A11-R01-A1,7.9
LSS Location,F3-PZ02-A11-R01-A2,7.9
LSS Location,F3-PZ02-A11-R01-A3,7.9
LSS Location,F3-PZ02-A11-R01-A4,7.9
LSS Location,F3-PZ02-A11-R01-A5,7.9
LSS Location,F3-PZ02-A11-R01-B1,7.9
LSS Location,F3-PZ02-A11-R01-B2,7.9
LSS Location,F3-PZ02-A11-R01-B3,7.9
LSS Location,F3-PZ02-A11-R01-B4,7.9
LSS Location,F3-PZ02-A11-R01-B5,7.9
LSS Location,F3-PZ02-A11-R01-C1,7.9
LSS Location,F3-PZ02-A11-R01-C2,7.9
LSS Location,F3-PZ02-A11-R01-C3,7.9
LSS Location,F3-PZ02-A11-R01-C4,7.9
LSS Location,F3-PZ02-A11-R01-C5,7.9
LSS Location,F3-PZ02-A11-R01-D1,7.9
LSS Location,F3-PZ02-A11-R01-D2,7.9
LSS Location,F3-PZ02-A11-R01-D3,7.9
LSS Location,F3-PZ02-A11-R01-D4,7.9
LSS Location,F3-PZ02-A11-R01-D5,7.9
LSS Location,F3-PZ02-A11-R01-PL,
LSS Location,F3-PZ02-A11-R02-A1,7.9
LSS Location,F3-PZ02-A11-R02-A2,7.9
LSS Location,F3-PZ02-A11-R02-A3,7.9
LSS Location,F3-PZ02-A11-R02-A4,7.9
LSS Location,F3-PZ02-A11-R02-A5,7.9
LSS Location,F3-PZ02-A11-R02-B1,7.9
LSS Location,F3-PZ02-A11-R02-B2,7.9
LSS Location,F3-PZ02-A11-R02-B3,7.9
LSS Location,F3-PZ02-A11-R02-B4,7.9
LSS Location,F3-PZ02-A11-R02-B5,7.9
LSS Location,F3-PZ02-A11-R02-C1,7.9
LSS Location,F3-PZ02-A11-R02-C2,7.9
LSS Location,F3-PZ02-A11-R02-C3,7.9
LSS Location,F3-PZ02-A11-R02-C4,7.9
LSS Location,F3-PZ02-A11-R02-C5,7.9
LSS Location,F3-PZ02-A11-R02-D1,7.9
LSS Location,F3-PZ02-A11-R02-D2,7.9
LSS Location,F3-PZ02-A11-R02-D3,7.9
LSS Location,F3-PZ02-A11-R02-D4,7.9
LSS Location,F3-PZ02-A11-R02-D5,7.9
LSS Location,F3-PZ02-A11-R03-A1,7.9
LSS Location,F3-PZ02-A11-R03-A2,7.9
LSS Location,F3-PZ02-A11-R03-A3,7.9
LSS Location,F3-PZ02-A11-R03-A4,7.9
LSS Location,F3-PZ02-A11-R03-A5,7.9
LSS Location,F3-PZ02-A11-R03-B1,7.9
LSS Location,F3-PZ02-A11-R03-B2,7.9
LSS Location,F3-PZ02-A11-R03-B3,7.9
LSS Location,F3-PZ02-A11-R03-B4,7.9
LSS Location,F3-PZ02-A11-R03-B5,7.9
LSS Location,F3-PZ02-A11-R03-C1,7.9
LSS Location,F3-PZ02-A11-R03-C2,7.9
LSS Location,F3-PZ02-A11-R03-C3,7.9
LSS Location,F3-PZ02-A11-R03-C4,7.9
LSS Location,F3-PZ02-A11-R03-C5,7.9
LSS Location,F3-PZ02-A11-R03-D1,7.9
LSS Location,F3-PZ02-A11-R03-D2,7.9
LSS Location,F3-PZ02-A11-R03-D3,7.9
LSS Location,F3-PZ02-A11-R03-D4,7.9
LSS Location,F3-PZ02-A11-R03-D5,7.9
LSS Location,F3-PZ02-A11-R04-A1,7.9
LSS Location,F3-PZ02-A11-R04-A2,7.9
LSS Location,F3-PZ02-A11-R04-A3,7.9
LSS Location,F3-PZ02-A11-R04-A4,7.9
LSS Location,F3-PZ02-A11-R04-A5,7.9
LSS Location,F3-PZ02-A11-R04-B1,7.9
LSS Location,F3-PZ02-A11-R04-B2,7.9
LSS Location,F3-PZ02-A11-R04-B3,7.9
LSS Location,F3-PZ02-A11-R04-B4,7.9
LSS Location,F3-PZ02-A11-R04-B5,7.9
LSS Location,F3-PZ02-A11-R04-C1,7.9
LSS Location,F3-PZ02-A11-R04-C2,7.9
LSS Location,F3-PZ02-A11-R04-C3,7.9
LSS Location,F3-PZ02-A11-R04-C4,7.9
LSS Location,F3-PZ02-A11-R04-C5,7.9
LSS Location,F3-PZ02-A11-R04-D1,7.9
LSS Location,F3-PZ02-A11-R04-D2,7.9
LSS Location,F3-PZ02-A11-R04-D3,7.9
LSS Location,F3-PZ02-A11-R04-D4,7.9
LSS Location,F3-PZ02-A11-R04-D5,7.9
LSS Location,F3-PZ02-A11-R05-A1,7.9
LSS Location,F3-PZ02-A11-R05-A2,7.9
LSS Location,F3-PZ02-A11-R05-A3,7.9
LSS Location,F3-PZ02-A11-R05-A4,7.9
LSS Location,F3-PZ02-A11-R05-A5,7.9
LSS Location,F3-PZ02-A11-R05-B1,7.9
LSS Location,F3-PZ02-A11-R05-B2,7.9
LSS Location,F3-PZ02-A11-R05-B3,7.9
LSS Location,F3-PZ02-A11-R05-B4,7.9
LSS Location,F3-PZ02-A11-R05-B5,7.9
LSS Location,F3-PZ02-A11-R05-C1,7.9
LSS Location,F3-PZ02-A11-R05-C2,7.9
LSS Location,F3-PZ02-A11-R05-C3,7.9
LSS Location,F3-PZ02-A11-R05-C4,7.9
LSS Location,F3-PZ02-A11-R05-C5,7.9
LSS Location,F3-PZ02-A11-R05-D1,7.9
LSS Location,F3-PZ02-A11-R05-D2,7.9
LSS Location,F3-PZ02-A11-R05-D3,7.9
LSS Location,F3-PZ02-A11-R05-D4,7.9
LSS Location,F3-PZ02-A11-R05-D5,7.9
LSS Location,F3-PZ02-A11-R06-A1,7.9
LSS Location,F3-PZ02-A11-R06-A2,7.9
LSS Location,F3-PZ02-A11-R06-A3,7.9
LSS Location,F3-PZ02-A11-R06-A4,7.9
LSS Location,F3-PZ02-A11-R06-A5,7.9
LSS Location,F3-PZ02-A11-R06-B1,7.9
LSS Location,F3-PZ02-A11-R06-B2,7.9
LSS Location,F3-PZ02-A11-R06-B3,7.9
LSS Location,F3-PZ02-A11-R06-B4,7.9
LSS Location,F3-PZ02-A11-R06-B5,7.9
LSS Location,F3-PZ02-A11-R06-C1,7.9
LSS Location,F3-PZ02-A11-R06-C2,7.9
LSS Location,F3-PZ02-A11-R06-C3,7.9
LSS Location,F3-PZ02-A11-R06-C4,7.9
LSS Location,F3-PZ02-A11-R06-C5,7.9
LSS Location,F3-PZ02-A11-R06-D1,7.9
LSS Location,F3-PZ02-A11-R06-D2,7.9
LSS Location,F3-PZ02-A11-R06-D3,7.9
LSS Location,F3-PZ02-A11-R06-D4,7.9
LSS Location,F3-PZ02-A11-R06-D5,7.9
LSS Location,F3-PZ02-A11-R07-A1,7.9
LSS Location,F3-PZ02-A11-R07-A2,7.9
LSS Location,F3-PZ02-A11-R07-A3,7.9
LSS Location,F3-PZ02-A11-R07-A4,7.9
LSS Location,F3-PZ02-A11-R07-A5,7.9
LSS Location,F3-PZ02-A11-R07-B1,7.9
LSS Location,F3-PZ02-A11-R07-B2,7.9
LSS Location,F3-PZ02-A11-R07-B3,7.9
LSS Location,F3-PZ02-A11-R07-B4,7.9
LSS Location,F3-PZ02-A11-R07-B5,7.9
LSS Location,F3-PZ02-A11-R07-C1,7.9
LSS Location,F3-PZ02-A11-R07-C2,7.9
LSS Location,F3-PZ02-A11-R07-C3,7.9
LSS Location,F3-PZ02-A11-R07-C4,7.9
LSS Location,F3-PZ02-A11-R07-C5,7.9
LSS Location,F3-PZ02-A11-R07-D1,7.9
LSS Location,F3-PZ02-A11-R07-D2,7.9
LSS Location,F3-PZ02-A11-R07-D3,7.9
LSS Location,F3-PZ02-A11-R07-D4,7.9
LSS Location,F3-PZ02-A11-R07-D5,7.9
LSS Location,F3-PZ02-A11-R08-A1,7.9
LSS Location,F3-PZ02-A11-R08-A2,7.9
LSS Location,F3-PZ02-A11-R08-A3,7.9
LSS Location,F3-PZ02-A11-R08-A4,7.9
LSS Location,F3-PZ02-A11-R08-A5,7.9
LSS Location,F3-PZ02-A11-R08-B1,7.9
LSS Location,F3-PZ02-A11-R08-B2,7.9
LSS Location,F3-PZ02-A11-R08-B3,7.9
LSS Location,F3-PZ02-A11-R08-B4,7.9
LSS Location,F3-PZ02-A11-R08-B5,7.9
LSS Location,F3-PZ02-A11-R08-C1,7.9
LSS Location,F3-PZ02-A11-R08-C2,7.9
LSS Location,F3-PZ02-A11-R08-C3,7.9
LSS Location,F3-PZ02-A11-R08-C4,7.9
LSS Location,F3-PZ02-A11-R08-C5,7.9
LSS Location,F3-PZ02-A11-R08-D1,7.9
LSS Location,F3-PZ02-A11-R08-D2,7.9
LSS Location,F3-PZ02-A11-R08-D3,7.9
LSS Location,F3-PZ02-A11-R08-D4,7.9
LSS Location,F3-PZ02-A11-R08-D5,7.9
LSS Location,F3-PZ02-A11-R09-A1,7.9
LSS Location,F3-PZ02-A11-R09-A2,7.9
LSS Location,F3-PZ02-A11-R09-A3,7.9
LSS Location,F3-PZ02-A11-R09-A4,7.9
LSS Location,F3-PZ02-A11-R09-A5,7.9
LSS Location,F3-PZ02-A11-R09-B1,7.9
LSS Location,F3-PZ02-A11-R09-B2,7.9
LSS Location,F3-PZ02-A11-R09-B3,7.9
LSS Location,F3-PZ02-A11-R09-B4,7.9
LSS Location,F3-PZ02-A11-R09-B5,7.9
LSS Location,F3-PZ02-A11-R09-C1,7.9
LSS Location,F3-PZ02-A11-R09-C2,7.9
LSS Location,F3-PZ02-A11-R09-C3,7.9
LSS Location,F3-PZ02-A11-R09-C4,7.9
LSS Location,F3-PZ02-A11-R09-C5,7.9
LSS Location,F3-PZ02-A11-R09-D1,7.9
LSS Location,F3-PZ02-A11-R09-D2,7.9
LSS Location,F3-PZ02-A11-R09-D3,7.9
LSS Location,F3-PZ02-A11-R09-D4,7.9
LSS Location,F3-PZ02-A11-R09-D5,7.9
LSS Location,F3-PZ02-A11-R10-A1,7.9
LSS Location,F3-PZ02-A11-R10-A2,7.9
LSS Location,F3-PZ02-A11-R10-A3,7.9
LSS Location,F3-PZ02-A11-R10-A4,7.9
LSS Location,F3-PZ02-A11-R10-A5,7.9
LSS Location,F3-PZ02-A11-R10-B1,7.9
LSS Location,F3-PZ02-A11-R10-B2,7.9
LSS Location,F3-PZ02-A11-R10-B3,7.9
LSS Location,F3-PZ02-A11-R10-B4,7.9
LSS Location,F3-PZ02-A11-R10-B5,7.9
LSS Location,F3-PZ02-A11-R10-C1,7.9
LSS Location,F3-PZ02-A11-R10-C2,7.9
LSS Location,F3-PZ02-A11-R10-C3,7.9
LSS Location,F3-PZ02-A11-R10-C4,7.9
LSS Location,F3-PZ02-A11-R10-C5,7.9
LSS Location,F3-PZ02-A11-R10-D1,7.9
LSS Location,F3-PZ02-A11-R10-D2,7.9
LSS Location,F3-PZ02-A11-R10-D3,7.9
LSS Location,F3-PZ02-A11-R10-D4,7.9
LSS Location,F3-PZ02-A11-R10-D5,7.9
LSS Location,F3-PZ02-A11-R11-A1,7.9
LSS Location,F3-PZ02-A11-R11-A2,7.9
LSS Location,F3-PZ02-A11-R11-A3,7.9
LSS Location,F3-PZ02-A11-R11-A4,7.9
LSS Location,F3-PZ02-A11-R11-B1,7.9
LSS Location,F3-PZ02-A11-R11-B2,7.9
LSS Location,F3-PZ02-A11-R11-B3,7.9
LSS Location,F3-PZ02-A11-R11-B4,7.9
LSS Location,F3-PZ02-A11-R11-C1,7.9
LSS Location,F3-PZ02-A11-R11-C2,7.9
LSS Location,F3-PZ02-A11-R11-C3,7.9
LSS Location,F3-PZ02-A11-R11-C4,7.9
LSS Location,F3-PZ02-A11-R11-D1,7.9
LSS Location,F3-PZ02-A11-R11-D2,7.9
LSS Location,F3-PZ02-A11-R11-D3,7.9
LSS Location,F3-PZ02-A11-R11-D4,7.9
LSS Location,F3-PZ02-A11-R12-A1,7.9
LSS Location,F3-PZ02-A11-R12-A2,7.9
LSS Location,F3-PZ02-A11-R12-A3,7.9
LSS Location,F3-PZ02-A11-R12-A4,7.9
LSS Location,F3-PZ02-A11-R12-B1,7.9
LSS Location,F3-PZ02-A11-R12-B2,7.9
LSS Location,F3-PZ02-A11-R12-B3,7.9
LSS Location,F3-PZ02-A11-R12-B4,7.9
LSS Location,F3-PZ02-A11-R12-C1,7.9
LSS Location,F3-PZ02-A11-R12-C2,7.9
LSS Location,F3-PZ02-A11-R12-C3,7.9
LSS Location,F3-PZ02-A11-R12-C4,7.9
LSS Location,F3-PZ02-A11-R12-D1,7.9
LSS Location,F3-PZ02-A11-R12-D2,7.9
LSS Location,F3-PZ02-A11-R12-D3,7.9
LSS Location,F3-PZ02-A11-R12-D4,7.9
LSS Location,F3-PZ02-A12-R01-A1,7.9
LSS Location,F3-PZ02-A12-R01-A2,7.9
LSS Location,F3-PZ02-A12-R01-A3,7.9
LSS Location,F3-PZ02-A12-R01-A4,7.9
LSS Location,F3-PZ02-A12-R01-A5,7.9
LSS Location,F3-PZ02-A12-R01-B1,7.9
LSS Location,F3-PZ02-A12-R01-B2,7.9
LSS Location,F3-PZ02-A12-R01-B3,7.9
LSS Location,F3-PZ02-A12-R01-B4,7.9
LSS Location,F3-PZ02-A12-R01-B5,7.9
LSS Location,F3-PZ02-A12-R01-C1,7.9
LSS Location,F3-PZ02-A12-R01-C2,7.9
LSS Location,F3-PZ02-A12-R01-C3,7.9
LSS Location,F3-PZ02-A12-R01-C4,7.9
LSS Location,F3-PZ02-A12-R01-C5,7.9
LSS Location,F3-PZ02-A12-R01-D1,7.9
LSS Location,F3-PZ02-A12-R01-D2,7.9
LSS Location,F3-PZ02-A12-R01-D3,7.9
LSS Location,F3-PZ02-A12-R01-D4,7.9
LSS Location,F3-PZ02-A12-R01-D5,7.9
LSS Location,F3-PZ02-A12-R01-PL,
LSS Location,F3-PZ02-A12-R02-A1,7.9
LSS Location,F3-PZ02-A12-R02-A2,7.9
LSS Location,F3-PZ02-A12-R02-A3,7.9
LSS Location,F3-PZ02-A12-R02-A4,7.9
LSS Location,F3-PZ02-A12-R02-A5,7.9
LSS Location,F3-PZ02-A12-R02-B1,7.9
LSS Location,F3-PZ02-A12-R02-B2,7.9
LSS Location,F3-PZ02-A12-R02-B3,7.9
LSS Location,F3-PZ02-A12-R02-B4,7.9
LSS Location,F3-PZ02-A12-R02-B5,7.9
LSS Location,F3-PZ02-A12-R02-C1,7.9
LSS Location,F3-PZ02-A12-R02-C2,7.9
LSS Location,F3-PZ02-A12-R02-C3,7.9
LSS Location,F3-PZ02-A12-R02-C4,7.9
LSS Location,F3-PZ02-A12-R02-C5,7.9
LSS Location,F3-PZ02-A12-R02-D1,7.9
LSS Location,F3-PZ02-A12-R02-D2,7.9
LSS Location,F3-PZ02-A12-R02-D3,7.9
LSS Location,F3-PZ02-A12-R02-D4,7.9
LSS Location,F3-PZ02-A12-R02-D5,7.9
LSS Location,F3-PZ02-A12-R03-A1,7.9
LSS Location,F3-PZ02-A12-R03-A2,7.9
LSS Location,F3-PZ02-A12-R03-A3,7.9
LSS Location,F3-PZ02-A12-R03-A4,7.9
LSS Location,F3-PZ02-A12-R03-A5,7.9
LSS Location,F3-PZ02-A12-R03-B1,7.9
LSS Location,F3-PZ02-A12-R03-B2,7.9
LSS Location,F3-PZ02-A12-R03-B3,7.9
LSS Location,F3-PZ02-A12-R03-B4,7.9
LSS Location,F3-PZ02-A12-R03-B5,7.9
LSS Location,F3-PZ02-A12-R03-C1,7.9
LSS Location,F3-PZ02-A12-R03-C2,7.9
LSS Location,F3-PZ02-A12-R03-C3,7.9
LSS Location,F3-PZ02-A12-R03-C4,7.9
LSS Location,F3-PZ02-A12-R03-C5,7.9
LSS Location,F3-PZ02-A12-R03-D1,7.9
LSS Location,F3-PZ02-A12-R03-D2,7.9
LSS Location,F3-PZ02-A12-R03-D3,7.9
LSS Location,F3-PZ02-A12-R03-D4,7.9
LSS Location,F3-PZ02-A12-R03-D5,7.9
LSS Location,F3-PZ02-A12-R04-A1,7.9
LSS Location,F3-PZ02-A12-R04-A2,7.9
LSS Location,F3-PZ02-A12-R04-A3,7.9
LSS Location,F3-PZ02-A12-R04-A4,7.9
LSS Location,F3-PZ02-A12-R04-A5,7.9
LSS Location,F3-PZ02-A12-R04-B1,7.9
LSS Location,F3-PZ02-A12-R04-B2,7.9
LSS Location,F3-PZ02-A12-R04-B3,7.9
LSS Location,F3-PZ02-A12-R04-B4,7.9
LSS Location,F3-PZ02-A12-R04-B5,7.9
LSS Location,F3-PZ02-A12-R04-C1,7.9
LSS Location,F3-PZ02-A12-R04-C2,7.9
LSS Location,F3-PZ02-A12-R04-C3,7.9
LSS Location,F3-PZ02-A12-R04-C4,7.9
LSS Location,F3-PZ02-A12-R04-C5,7.9
LSS Location,F3-PZ02-A12-R04-D1,7.9
LSS Location,F3-PZ02-A12-R04-D2,7.9
LSS Location,F3-PZ02-A12-R04-D3,7.9
LSS Location,F3-PZ02-A12-R04-D4,7.9
LSS Location,F3-PZ02-A12-R04-D5,7.9
LSS Location,F3-PZ02-A12-R05-A1,7.9
LSS Location,F3-PZ02-A12-R05-A2,7.9
LSS Location,F3-PZ02-A12-R05-A3,7.9
LSS Location,F3-PZ02-A12-R05-A4,7.9
LSS Location,F3-PZ02-A12-R05-A5,7.9
LSS Location,F3-PZ02-A12-R05-B1,7.9
LSS Location,F3-PZ02-A12-R05-B2,7.9
LSS Location,F3-PZ02-A12-R05-B3,7.9
LSS Location,F3-PZ02-A12-R05-B4,7.9
LSS Location,F3-PZ02-A12-R05-B5,7.9
LSS Location,F3-PZ02-A12-R05-C1,7.9
LSS Location,F3-PZ02-A12-R05-C2,7.9
LSS Location,F3-PZ02-A12-R05-C3,7.9
LSS Location,F3-PZ02-A12-R05-C4,7.9
LSS Location,F3-PZ02-A12-R05-C5,7.9
LSS Location,F3-PZ02-A12-R05-D1,7.9
LSS Location,F3-PZ02-A12-R05-D2,7.9
LSS Location,F3-PZ02-A12-R05-D3,7.9
LSS Location,F3-PZ02-A12-R05-D4,7.9
LSS Location,F3-PZ02-A12-R05-D5,7.9
LSS Location,F3-PZ02-A12-R06-A1,7.9
LSS Location,F3-PZ02-A12-R06-A2,7.9
LSS Location,F3-PZ02-A12-R06-A3,7.9
LSS Location,F3-PZ02-A12-R06-A4,7.9
LSS Location,F3-PZ02-A12-R06-A5,7.9
LSS Location,F3-PZ02-A12-R06-B1,7.9
LSS Location,F3-PZ02-A12-R06-B2,7.9
LSS Location,F3-PZ02-A12-R06-B3,7.9
LSS Location,F3-PZ02-A12-R06-B4,7.9
LSS Location,F3-PZ02-A12-R06-B5,7.9
LSS Location,F3-PZ02-A12-R06-C1,7.9
LSS Location,F3-PZ02-A12-R06-C2,7.9
LSS Location,F3-PZ02-A12-R06-C3,7.9
LSS Location,F3-PZ02-A12-R06-C4,7.9
LSS Location,F3-PZ02-A12-R06-C5,7.9
LSS Location,F3-PZ02-A12-R06-D1,7.9
LSS Location,F3-PZ02-A12-R06-D2,7.9
LSS Location,F3-PZ02-A12-R06-D3,7.9
LSS Location,F3-PZ02-A12-R06-D4,7.9
LSS Location,F3-PZ02-A12-R06-D5,7.9
LSS Location,F3-PZ02-A12-R07-A1,7.9
LSS Location,F3-PZ02-A12-R07-A2,7.9
LSS Location,F3-PZ02-A12-R07-A3,7.9
LSS Location,F3-PZ02-A12-R07-A4,7.9
LSS Location,F3-PZ02-A12-R07-A5,7.9
LSS Location,F3-PZ02-A12-R07-B1,7.9
LSS Location,F3-PZ02-A12-R07-B2,7.9
LSS Location,F3-PZ02-A12-R07-B3,7.9
LSS Location,F3-PZ02-A12-R07-B4,7.9
LSS Location,F3-PZ02-A12-R07-B5,7.9
LSS Location,F3-PZ02-A12-R07-C1,7.9
LSS Location,F3-PZ02-A12-R07-C2,7.9
LSS Location,F3-PZ02-A12-R07-C3,7.9
LSS Location,F3-PZ02-A12-R07-C4,7.9
LSS Location,F3-PZ02-A12-R07-C5,7.9
LSS Location,F3-PZ02-A12-R07-D1,7.9
LSS Location,F3-PZ02-A12-R07-D2,7.9
LSS Location,F3-PZ02-A12-R07-D3,7.9
LSS Location,F3-PZ02-A12-R07-D4,7.9
LSS Location,F3-PZ02-A12-R07-D5,7.9
LSS Location,F3-PZ02-A12-R08-A1,7.9
LSS Location,F3-PZ02-A12-R08-A2,7.9
LSS Location,F3-PZ02-A12-R08-A3,7.9
LSS Location,F3-PZ02-A12-R08-A4,7.9
LSS Location,F3-PZ02-A12-R08-A5,7.9
LSS Location,F3-PZ02-A12-R08-B1,7.9
LSS Location,F3-PZ02-A12-R08-B2,7.9
LSS Location,F3-PZ02-A12-R08-B3,7.9
LSS Location,F3-PZ02-A12-R08-B4,7.9
LSS Location,F3-PZ02-A12-R08-B5,7.9
LSS Location,F3-PZ02-A12-R08-C1,7.9
LSS Location,F3-PZ02-A12-R08-C2,7.9
LSS Location,F3-PZ02-A12-R08-C3,7.9
LSS Location,F3-PZ02-A12-R08-C4,7.9
LSS Location,F3-PZ02-A12-R08-C5,7.9
LSS Location,F3-PZ02-A12-R08-D1,7.9
LSS Location,F3-PZ02-A12-R08-D2,7.9
LSS Location,F3-PZ02-A12-R08-D3,7.9
LSS Location,F3-PZ02-A12-R08-D4,7.9
LSS Location,F3-PZ02-A12-R08-D5,7.9
LSS Location,F3-PZ02-A12-R09-A1,7.9
LSS Location,F3-PZ02-A12-R09-A2,7.9
LSS Location,F3-PZ02-A12-R09-A3,7.9
LSS Location,F3-PZ02-A12-R09-A4,7.9
LSS Location,F3-PZ02-A12-R09-A5,7.9
LSS Location,F3-PZ02-A12-R09-B1,7.9
LSS Location,F3-PZ02-A12-R09-B2,7.9
LSS Location,F3-PZ02-A12-R09-B3,7.9
LSS Location,F3-PZ02-A12-R09-B4,7.9
LSS Location,F3-PZ02-A12-R09-B5,7.9
LSS Location,F3-PZ02-A12-R09-C1,7.9
LSS Location,F3-PZ02-A12-R09-C2,7.9
LSS Location,F3-PZ02-A12-R09-C3,7.9
LSS Location,F3-PZ02-A12-R09-C4,7.9
LSS Location,F3-PZ02-A12-R09-C5,7.9
LSS Location,F3-PZ02-A12-R09-D1,7.9
LSS Location,F3-PZ02-A12-R09-D2,7.9
LSS Location,F3-PZ02-A12-R09-D3,7.9
LSS Location,F3-PZ02-A12-R09-D4,7.9
LSS Location,F3-PZ02-A12-R09-D5,7.9
LSS Location,F3-PZ02-A12-R10-A1,7.9
LSS Location,F3-PZ02-A12-R10-A2,7.9
LSS Location,F3-PZ02-A12-R10-A3,7.9
LSS Location,F3-PZ02-A12-R10-A4,7.9
LSS Location,F3-PZ02-A12-R10-A5,7.9
LSS Location,F3-PZ02-A12-R10-B1,7.9
LSS Location,F3-PZ02-A12-R10-B2,7.9
LSS Location,F3-PZ02-A12-R10-B3,7.9
LSS Location,F3-PZ02-A12-R10-B4,7.9
LSS Location,F3-PZ02-A12-R10-B5,7.9
LSS Location,F3-PZ02-A12-R10-C1,7.9
LSS Location,F3-PZ02-A12-R10-C2,7.9
LSS Location,F3-PZ02-A12-R10-C3,7.9
LSS Location,F3-PZ02-A12-R10-C4,7.9
LSS Location,F3-PZ02-A12-R10-C5,7.9
LSS Location,F3-PZ02-A12-R10-D1,7.9
LSS Location,F3-PZ02-A12-R10-D2,7.9
LSS Location,F3-PZ02-A12-R10-D3,7.9
LSS Location,F3-PZ02-A12-R10-D4,7.9
LSS Location,F3-PZ02-A12-R10-D5,7.9
LSS Location,F3-PZ02-A12-R11-A1,7.9
LSS Location,F3-PZ02-A12-R11-A2,7.9
LSS Location,F3-PZ02-A12-R11-A3,7.9
LSS Location,F3-PZ02-A12-R11-A4,7.9
LSS Location,F3-PZ02-A12-R11-B1,7.9
LSS Location,F3-PZ02-A12-R11-B2,7.9
LSS Location,F3-PZ02-A12-R11-B3,7.9
LSS Location,F3-PZ02-A12-R11-B4,7.9
LSS Location,F3-PZ02-A12-R11-C1,7.9
LSS Location,F3-PZ02-A12-R11-C2,7.9
LSS Location,F3-PZ02-A12-R11-C3,7.9
LSS Location,F3-PZ02-A12-R11-C4,7.9
LSS Location,F3-PZ02-A12-R11-D1,7.9
LSS Location,F3-PZ02-A12-R11-D2,7.9
LSS Location,F3-PZ02-A12-R11-D3,7.9
LSS Location,F3-PZ02-A12-R11-D4,7.9
LSS Location,F3-PZ02-A12-R12-A1,7.9
LSS Location,F3-PZ02-A12-R12-A2,7.9
LSS Location,F3-PZ02-A12-R12-A3,7.9
LSS Location,F3-PZ02-A12-R12-A4,7.9
LSS Location,F3-PZ02-A12-R12-B1,7.9
LSS Location,F3-PZ02-A12-R12-B2,7.9
LSS Location,F3-PZ02-A12-R12-B3,7.9
LSS Location,F3-PZ02-A12-R12-B4,7.9
LSS Location,F3-PZ02-A12-R12-C1,7.9
LSS Location,F3-PZ02-A12-R12-C2,7.9
LSS Location,F3-PZ02-A12-R12-C3,7.9
LSS Location,F3-PZ02-A12-R12-C4,7.9
LSS Location,F3-PZ02-A12-R12-D1,7.9
LSS Location,F3-PZ02-A12-R12-D2,7.9
LSS Location,F3-PZ02-A12-R12-D3,7.9
LSS Location,F3-PZ02-A12-R12-D4,7.9
LSS Location,F3-PZ02-A13-R01-A1,7.9
LSS Location,F3-PZ02-A13-R01-A2,7.9
LSS Location,F3-PZ02-A13-R01-A3,7.9
LSS Location,F3-PZ02-A13-R01-A4,7.9
LSS Location,F3-PZ02-A13-R01-A5,7.9
LSS Location,F3-PZ02-A13-R01-B1,7.9
LSS Location,F3-PZ02-A13-R01-B2,7.9
LSS Location,F3-PZ02-A13-R01-B3,7.9
LSS Location,F3-PZ02-A13-R01-B4,7.9
LSS Location,F3-PZ02-A13-R01-B5,7.9
LSS Location,F3-PZ02-A13-R01-C1,7.9
LSS Location,F3-PZ02-A13-R01-C2,7.9
LSS Location,F3-PZ02-A13-R01-C3,7.9
LSS Location,F3-PZ02-A13-R01-C4,7.9
LSS Location,F3-PZ02-A13-R01-C5,7.9
LSS Location,F3-PZ02-A13-R01-D1,7.9
LSS Location,F3-PZ02-A13-R01-D2,7.9
LSS Location,F3-PZ02-A13-R01-D3,7.9
LSS Location,F3-PZ02-A13-R01-D4,7.9
LSS Location,F3-PZ02-A13-R01-D5,7.9
LSS Location,F3-PZ02-A13-R01-PL,
LSS Location,F3-PZ02-A13-R02-A1,7.9
LSS Location,F3-PZ02-A13-R02-A2,7.9
LSS Location,F3-PZ02-A13-R02-A3,7.9
LSS Location,F3-PZ02-A13-R02-A4,7.9
LSS Location,F3-PZ02-A13-R02-A5,7.9
LSS Location,F3-PZ02-A13-R02-B1,7.9
LSS Location,F3-PZ02-A13-R02-B2,7.9
LSS Location,F3-PZ02-A13-R02-B3,7.9
LSS Location,F3-PZ02-A13-R02-B4,7.9
LSS Location,F3-PZ02-A13-R02-B5,7.9
LSS Location,F3-PZ02-A13-R02-C1,7.9
LSS Location,F3-PZ02-A13-R02-C2,7.9
LSS Location,F3-PZ02-A13-R02-C3,7.9
LSS Location,F3-PZ02-A13-R02-C4,7.9
LSS Location,F3-PZ02-A13-R02-C5,7.9
LSS Location,F3-PZ02-A13-R02-D1,7.9
LSS Location,F3-PZ02-A13-R02-D2,7.9
LSS Location,F3-PZ02-A13-R02-D3,7.9
LSS Location,F3-PZ02-A13-R02-D4,7.9
LSS Location,F3-PZ02-A13-R02-D5,7.9
LSS Location,F3-PZ02-A13-R03-A1,7.9
LSS Location,F3-PZ02-A13-R03-A2,7.9
LSS Location,F3-PZ02-A13-R03-A3,7.9
LSS Location,F3-PZ02-A13-R03-A4,7.9
LSS Location,F3-PZ02-A13-R03-A5,7.9
LSS Location,F3-PZ02-A13-R03-B1,7.9
LSS Location,F3-PZ02-A13-R03-B2,7.9
LSS Location,F3-PZ02-A13-R03-B3,7.9
LSS Location,F3-PZ02-A13-R03-B4,7.9
LSS Location,F3-PZ02-A13-R03-B5,7.9
LSS Location,F3-PZ02-A13-R03-C1,7.9
LSS Location,F3-PZ02-A13-R03-C2,7.9
LSS Location,F3-PZ02-A13-R03-C3,7.9
LSS Location,F3-PZ02-A13-R03-C4,7.9
LSS Location,F3-PZ02-A13-R03-C5,7.9
LSS Location,F3-PZ02-A13-R03-D1,7.9
LSS Location,F3-PZ02-A13-R03-D2,7.9
LSS Location,F3-PZ02-A13-R03-D3,7.9
LSS Location,F3-PZ02-A13-R03-D4,7.9
LSS Location,F3-PZ02-A13-R03-D5,7.9
LSS Location,F3-PZ02-A13-R04-A1,7.9
LSS Location,F3-PZ02-A13-R04-A2,7.9
LSS Location,F3-PZ02-A13-R04-A3,7.9
LSS Location,F3-PZ02-A13-R04-A4,7.9
LSS Location,F3-PZ02-A13-R04-A5,7.9
LSS Location,F3-PZ02-A13-R04-B1,7.9
LSS Location,F3-PZ02-A13-R04-B2,7.9
LSS Location,F3-PZ02-A13-R04-B3,7.9
LSS Location,F3-PZ02-A13-R04-B4,7.9
LSS Location,F3-PZ02-A13-R04-B5,7.9
LSS Location,F3-PZ02-A13-R04-C1,7.9
LSS Location,F3-PZ02-A13-R04-C2,7.9
LSS Location,F3-PZ02-A13-R04-C3,7.9
LSS Location,F3-PZ02-A13-R04-C4,7.9
LSS Location,F3-PZ02-A13-R04-C5,7.9
LSS Location,F3-PZ02-A13-R04-D1,7.9
LSS Location,F3-PZ02-A13-R04-D2,7.9
LSS Location,F3-PZ02-A13-R04-D3,7.9
LSS Location,F3-PZ02-A13-R04-D4,7.9
LSS Location,F3-PZ02-A13-R04-D5,7.9
LSS Location,F3-PZ02-A13-R05-A1,7.9
LSS Location,F3-PZ02-A13-R05-A2,7.9
LSS Location,F3-PZ02-A13-R05-A3,7.9
LSS Location,F3-PZ02-A13-R05-A4,7.9
LSS Location,F3-PZ02-A13-R05-A5,7.9
LSS Location,F3-PZ02-A13-R05-B1,7.9
LSS Location,F3-PZ02-A13-R05-B2,7.9
LSS Location,F3-PZ02-A13-R05-B3,7.9
LSS Location,F3-PZ02-A13-R05-B4,7.9
LSS Location,F3-PZ02-A13-R05-B5,7.9
LSS Location,F3-PZ02-A13-R05-C1,7.9
LSS Location,F3-PZ02-A13-R05-C2,7.9
LSS Location,F3-PZ02-A13-R05-C3,7.9
LSS Location,F3-PZ02-A13-R05-C4,7.9
LSS Location,F3-PZ02-A13-R05-C5,7.9
LSS Location,F3-PZ02-A13-R05-D1,7.9
LSS Location,F3-PZ02-A13-R05-D2,7.9
LSS Location,F3-PZ02-A13-R05-D3,7.9
LSS Location,F3-PZ02-A13-R05-D4,7.9
LSS Location,F3-PZ02-A13-R05-D5,7.9
LSS Location,F3-PZ02-A13-R06-A1,7.9
LSS Location,F3-PZ02-A13-R06-A2,7.9
LSS Location,F3-PZ02-A13-R06-A3,7.9
LSS Location,F3-PZ02-A13-R06-A4,7.9
LSS Location,F3-PZ02-A13-R06-A5,7.9
LSS Location,F3-PZ02-A13-R06-B1,7.9
LSS Location,F3-PZ02-A13-R06-B2,7.9
LSS Location,F3-PZ02-A13-R06-B3,7.9
LSS Location,F3-PZ02-A13-R06-B4,7.9
LSS Location,F3-PZ02-A13-R06-B5,7.9
LSS Location,F3-PZ02-A13-R06-C1,7.9
LSS Location,F3-PZ02-A13-R06-C2,7.9
LSS Location,F3-PZ02-A13-R06-C3,7.9
LSS Location,F3-PZ02-A13-R06-C4,7.9
LSS Location,F3-PZ02-A13-R06-C5,7.9
LSS Location,F3-PZ02-A13-R06-D1,7.9
LSS Location,F3-PZ02-A13-R06-D2,7.9
LSS Location,F3-PZ02-A13-R06-D3,7.9
LSS Location,F3-PZ02-A13-R06-D4,7.9
LSS Location,F3-PZ02-A13-R06-D5,7.9
LSS Location,F3-PZ02-A13-R07-A1,7.9
LSS Location,F3-PZ02-A13-R07-A2,7.9
LSS Location,F3-PZ02-A13-R07-A3,7.9
LSS Location,F3-PZ02-A13-R07-A4,7.9
LSS Location,F3-PZ02-A13-R07-A5,7.9
LSS Location,F3-PZ02-A13-R07-B1,7.9
LSS Location,F3-PZ02-A13-R07-B2,7.9
LSS Location,F3-PZ02-A13-R07-B3,7.9
LSS Location,F3-PZ02-A13-R07-B4,7.9
LSS Location,F3-PZ02-A13-R07-B5,7.9
LSS Location,F3-PZ02-A13-R07-C1,7.9
LSS Location,F3-PZ02-A13-R07-C2,7.9
LSS Location,F3-PZ02-A13-R07-C3,7.9
LSS Location,F3-PZ02-A13-R07-C4,7.9
LSS Location,F3-PZ02-A13-R07-C5,7.9
LSS Location,F3-PZ02-A13-R07-D1,7.9
LSS Location,F3-PZ02-A13-R07-D2,7.9
LSS Location,F3-PZ02-A13-R07-D3,7.9
LSS Location,F3-PZ02-A13-R07-D4,7.9
LSS Location,F3-PZ02-A13-R07-D5,7.9
LSS Location,F3-PZ02-A13-R08-A1,7.9
LSS Location,F3-PZ02-A13-R08-A2,7.9
LSS Location,F3-PZ02-A13-R08-A3,7.9
LSS Location,F3-PZ02-A13-R08-A4,7.9
LSS Location,F3-PZ02-A13-R08-A5,7.9
LSS Location,F3-PZ02-A13-R08-B1,7.9
LSS Location,F3-PZ02-A13-R08-B2,7.9
LSS Location,F3-PZ02-A13-R08-B3,7.9
LSS Location,F3-PZ02-A13-R08-B4,7.9
LSS Location,F3-PZ02-A13-R08-B5,7.9
LSS Location,F3-PZ02-A13-R08-C1,7.9
LSS Location,F3-PZ02-A13-R08-C2,7.9
LSS Location,F3-PZ02-A13-R08-C3,7.9
LSS Location,F3-PZ02-A13-R08-C4,7.9
LSS Location,F3-PZ02-A13-R08-C5,7.9
LSS Location,F3-PZ02-A13-R08-D1,7.9
LSS Location,F3-PZ02-A13-R08-D2,7.9
LSS Location,F3-PZ02-A13-R08-D3,7.9
LSS Location,F3-PZ02-A13-R08-D4,7.9
LSS Location,F3-PZ02-A13-R08-D5,7.9
LSS Location,F3-PZ02-A13-R09-A1,7.9
LSS Location,F3-PZ02-A13-R09-A2,7.9
LSS Location,F3-PZ02-A13-R09-B1,7.9
LSS Location,F3-PZ02-A13-R09-B2,7.9
LSS Location,F3-PZ02-A13-R09-C1,7.9
LSS Location,F3-PZ02-A13-R09-C2,7.9
LSS Location,F3-PZ02-A13-R09-D1,7.9
LSS Location,F3-PZ02-A13-R09-D2,7.9
LSS Location,F3-PZ02-A13-R10-A1,7.9
LSS Location,F3-PZ02-A13-R10-A2,7.9
LSS Location,F3-PZ02-A13-R10-A3,7.9
LSS Location,F3-PZ02-A13-R10-A4,7.9
LSS Location,F3-PZ02-A13-R10-A5,7.9
LSS Location,F3-PZ02-A13-R10-B1,7.9
LSS Location,F3-PZ02-A13-R10-B2,7.9
LSS Location,F3-PZ02-A13-R10-B3,7.9
LSS Location,F3-PZ02-A13-R10-B4,7.9
LSS Location,F3-PZ02-A13-R10-B5,7.9
LSS Location,F3-PZ02-A13-R10-C1,7.9
LSS Location,F3-PZ02-A13-R10-C2,7.9
LSS Location,F3-PZ02-A13-R10-C3,7.9
LSS Location,F3-PZ02-A13-R10-C4,7.9
LSS Location,F3-PZ02-A13-R10-C5,7.9
LSS Location,F3-PZ02-A13-R10-D1,7.9
LSS Location,F3-PZ02-A13-R10-D2,7.9
LSS Location,F3-PZ02-A13-R10-D3,7.9
LSS Location,F3-PZ02-A13-R10-D4,7.9
LSS Location,F3-PZ02-A13-R10-D5,7.9
LSS Location,F3-PZ02-A13-R11-A1,7.9
LSS Location,F3-PZ02-A13-R11-A2,7.9
LSS Location,F3-PZ02-A13-R11-A3,7.9
LSS Location,F3-PZ02-A13-R11-A4,7.9
LSS Location,F3-PZ02-A13-R11-B1,7.9
LSS Location,F3-PZ02-A13-R11-B2,7.9
LSS Location,F3-PZ02-A13-R11-B3,7.9
LSS Location,F3-PZ02-A13-R11-B4,7.9
LSS Location,F3-PZ02-A13-R11-C1,7.9
LSS Location,F3-PZ02-A13-R11-C2,7.9
LSS Location,F3-PZ02-A13-R11-C3,7.9
LSS Location,F3-PZ02-A13-R11-C4,7.9
LSS Location,F3-PZ02-A13-R11-D1,7.9
LSS Location,F3-PZ02-A13-R11-D2,7.9
LSS Location,F3-PZ02-A13-R11-D3,7.9
LSS Location,F3-PZ02-A13-R11-D4,7.9
LSS Location,F3-PZ02-A14-R01-A1,7.9
LSS Location,F3-PZ02-A14-R01-A2,7.9
LSS Location,F3-PZ02-A14-R01-A3,7.9
LSS Location,F3-PZ02-A14-R01-A4,7.9
LSS Location,F3-PZ02-A14-R01-A5,7.9
LSS Location,F3-PZ02-A14-R01-B1,7.9
LSS Location,F3-PZ02-A14-R01-B2,7.9
LSS Location,F3-PZ02-A14-R01-B3,7.9
LSS Location,F3-PZ02-A14-R01-B4,7.9
LSS Location,F3-PZ02-A14-R01-B5,7.9
LSS Location,F3-PZ02-A14-R01-C1,7.9
LSS Location,F3-PZ02-A14-R01-C2,7.9
LSS Location,F3-PZ02-A14-R01-C3,7.9
LSS Location,F3-PZ02-A14-R01-C4,7.9
LSS Location,F3-PZ02-A14-R01-C5,7.9
LSS Location,F3-PZ02-A14-R01-D1,7.9
LSS Location,F3-PZ02-A14-R01-D2,7.9
LSS Location,F3-PZ02-A14-R01-D3,7.9
LSS Location,F3-PZ02-A14-R01-D4,7.9
LSS Location,F3-PZ02-A14-R01-D5,7.9
LSS Location,F3-PZ02-A14-R01-PL,
LSS Location,F3-PZ02-A14-R02-A1,7.9
LSS Location,F3-PZ02-A14-R02-A2,7.9
LSS Location,F3-PZ02-A14-R02-A3,7.9
LSS Location,F3-PZ02-A14-R02-A4,7.9
LSS Location,F3-PZ02-A14-R02-A5,7.9
LSS Location,F3-PZ02-A14-R02-B1,7.9
LSS Location,F3-PZ02-A14-R02-B2,7.9
LSS Location,F3-PZ02-A14-R02-B3,7.9
LSS Location,F3-PZ02-A14-R02-B4,7.9
LSS Location,F3-PZ02-A14-R02-B5,7.9
LSS Location,F3-PZ02-A14-R02-C1,7.9
LSS Location,F3-PZ02-A14-R02-C2,7.9
LSS Location,F3-PZ02-A14-R02-C3,7.9
LSS Location,F3-PZ02-A14-R02-C4,7.9
LSS Location,F3-PZ02-A14-R02-C5,7.9
LSS Location,F3-PZ02-A14-R02-D1,7.9
LSS Location,F3-PZ02-A14-R02-D2,7.9
LSS Location,F3-PZ02-A14-R02-D3,7.9
LSS Location,F3-PZ02-A14-R02-D4,7.9
LSS Location,F3-PZ02-A14-R02-D5,7.9
LSS Location,F3-PZ02-A14-R03-A1,7.9
LSS Location,F3-PZ02-A14-R03-A2,7.9
LSS Location,F3-PZ02-A14-R03-A3,7.9
LSS Location,F3-PZ02-A14-R03-A4,7.9
LSS Location,F3-PZ02-A14-R03-A5,7.9
LSS Location,F3-PZ02-A14-R03-B1,7.9
LSS Location,F3-PZ02-A14-R03-B2,7.9
LSS Location,F3-PZ02-A14-R03-B3,7.9
LSS Location,F3-PZ02-A14-R03-B4,7.9
LSS Location,F3-PZ02-A14-R03-B5,7.9
LSS Location,F3-PZ02-A14-R03-C1,7.9
LSS Location,F3-PZ02-A14-R03-C2,7.9
LSS Location,F3-PZ02-A14-R03-C3,7.9
LSS Location,F3-PZ02-A14-R03-C4,7.9
LSS Location,F3-PZ02-A14-R03-C5,7.9
LSS Location,F3-PZ02-A14-R03-D1,7.9
LSS Location,F3-PZ02-A14-R03-D2,7.9
LSS Location,F3-PZ02-A14-R03-D3,7.9
LSS Location,F3-PZ02-A14-R03-D4,7.9
LSS Location,F3-PZ02-A14-R03-D5,7.9
LSS Location,F3-PZ02-A14-R04-A1,7.9
LSS Location,F3-PZ02-A14-R04-A2,7.9
LSS Location,F3-PZ02-A14-R04-A3,7.9
LSS Location,F3-PZ02-A14-R04-A4,7.9
LSS Location,F3-PZ02-A14-R04-A5,7.9
LSS Location,F3-PZ02-A14-R04-B1,7.9
LSS Location,F3-PZ02-A14-R04-B2,7.9
LSS Location,F3-PZ02-A14-R04-B3,7.9
LSS Location,F3-PZ02-A14-R04-B4,7.9
LSS Location,F3-PZ02-A14-R04-B5,7.9
LSS Location,F3-PZ02-A14-R04-C1,7.9
LSS Location,F3-PZ02-A14-R04-C2,7.9
LSS Location,F3-PZ02-A14-R04-C3,7.9
LSS Location,F3-PZ02-A14-R04-C4,7.9
LSS Location,F3-PZ02-A14-R04-C5,7.9
LSS Location,F3-PZ02-A14-R04-D1,7.9
LSS Location,F3-PZ02-A14-R04-D2,7.9
LSS Location,F3-PZ02-A14-R04-D3,7.9
LSS Location,F3-PZ02-A14-R04-D4,7.9
LSS Location,F3-PZ02-A14-R04-D5,7.9
LSS Location,F3-PZ02-A14-R05-A1,7.9
LSS Location,F3-PZ02-A14-R05-A2,7.9
LSS Location,F3-PZ02-A14-R05-A3,7.9
LSS Location,F3-PZ02-A14-R05-A4,7.9
LSS Location,F3-PZ02-A14-R05-A5,7.9
LSS Location,F3-PZ02-A14-R05-B1,7.9
LSS Location,F3-PZ02-A14-R05-B2,7.9
LSS Location,F3-PZ02-A14-R05-B3,7.9
LSS Location,F3-PZ02-A14-R05-B4,7.9
LSS Location,F3-PZ02-A14-R05-B5,7.9
LSS Location,F3-PZ02-A14-R05-C1,7.9
LSS Location,F3-PZ02-A14-R05-C2,7.9
LSS Location,F3-PZ02-A14-R05-C3,7.9
LSS Location,F3-PZ02-A14-R05-C4,7.9
LSS Location,F3-PZ02-A14-R05-C5,7.9
LSS Location,F3-PZ02-A14-R05-D1,7.9
LSS Location,F3-PZ02-A14-R05-D2,7.9
LSS Location,F3-PZ02-A14-R05-D3,7.9
LSS Location,F3-PZ02-A14-R05-D4,7.9
LSS Location,F3-PZ02-A14-R05-D5,7.9
LSS Location,F3-PZ02-A14-R06-A1,7.9
LSS Location,F3-PZ02-A14-R06-A2,7.9
LSS Location,F3-PZ02-A14-R06-A3,7.9
LSS Location,F3-PZ02-A14-R06-A4,7.9
LSS Location,F3-PZ02-A14-R06-A5,7.9
LSS Location,F3-PZ02-A14-R06-B1,7.9
LSS Location,F3-PZ02-A14-R06-B2,7.9
LSS Location,F3-PZ02-A14-R06-B3,7.9
LSS Location,F3-PZ02-A14-R06-B4,7.9
LSS Location,F3-PZ02-A14-R06-B5,7.9
LSS Location,F3-PZ02-A14-R06-C1,7.9
LSS Location,F3-PZ02-A14-R06-C2,7.9
LSS Location,F3-PZ02-A14-R06-C3,7.9
LSS Location,F3-PZ02-A14-R06-C4,7.9
LSS Location,F3-PZ02-A14-R06-C5,7.9
LSS Location,F3-PZ02-A14-R06-D1,7.9
LSS Location,F3-PZ02-A14-R06-D2,7.9
LSS Location,F3-PZ02-A14-R06-D3,7.9
LSS Location,F3-PZ02-A14-R06-D4,7.9
LSS Location,F3-PZ02-A14-R06-D5,7.9
LSS Location,F3-PZ02-A14-R07-A1,7.9
LSS Location,F3-PZ02-A14-R07-A2,7.9
LSS Location,F3-PZ02-A14-R07-A3,7.9
LSS Location,F3-PZ02-A14-R07-A4,7.9
LSS Location,F3-PZ02-A14-R07-A5,7.9
LSS Location,F3-PZ02-A14-R07-B1,7.9
LSS Location,F3-PZ02-A14-R07-B2,7.9
LSS Location,F3-PZ02-A14-R07-B3,7.9
LSS Location,F3-PZ02-A14-R07-B4,7.9
LSS Location,F3-PZ02-A14-R07-B5,7.9
LSS Location,F3-PZ02-A14-R07-C1,7.9
LSS Location,F3-PZ02-A14-R07-C2,7.9
LSS Location,F3-PZ02-A14-R07-C3,7.9
LSS Location,F3-PZ02-A14-R07-C4,7.9
LSS Location,F3-PZ02-A14-R07-C5,7.9
LSS Location,F3-PZ02-A14-R07-D1,7.9
LSS Location,F3-PZ02-A14-R07-D2,7.9
LSS Location,F3-PZ02-A14-R07-D3,7.9
LSS Location,F3-PZ02-A14-R07-D4,7.9
LSS Location,F3-PZ02-A14-R07-D5,7.9
LSS Location,F3-PZ02-A14-R08-A1,7.9
LSS Location,F3-PZ02-A14-R08-A2,7.9
LSS Location,F3-PZ02-A14-R08-A3,7.9
LSS Location,F3-PZ02-A14-R08-A4,7.9
LSS Location,F3-PZ02-A14-R08-A5,7.9
LSS Location,F3-PZ02-A14-R08-B1,7.9
LSS Location,F3-PZ02-A14-R08-B2,7.9
LSS Location,F3-PZ02-A14-R08-B3,7.9
LSS Location,F3-PZ02-A14-R08-B4,7.9
LSS Location,F3-PZ02-A14-R08-B5,7.9
LSS Location,F3-PZ02-A14-R08-C1,7.9
LSS Location,F3-PZ02-A14-R08-C2,7.9
LSS Location,F3-PZ02-A14-R08-C3,7.9
LSS Location,F3-PZ02-A14-R08-C4,7.9
LSS Location,F3-PZ02-A14-R08-C5,7.9
LSS Location,F3-PZ02-A14-R08-D1,7.9
LSS Location,F3-PZ02-A14-R08-D2,7.9
LSS Location,F3-PZ02-A14-R08-D3,7.9
LSS Location,F3-PZ02-A14-R08-D4,7.9
LSS Location,F3-PZ02-A14-R08-D5,7.9
LSS Location,F3-PZ02-A14-R09-A1,7.9
LSS Location,F3-PZ02-A14-R09-A2,7.9
LSS Location,F3-PZ02-A14-R09-A3,7.9
LSS Location,F3-PZ02-A14-R09-A4,7.9
LSS Location,F3-PZ02-A14-R09-A5,7.9
LSS Location,F3-PZ02-A14-R09-B1,7.9
LSS Location,F3-PZ02-A14-R09-B2,7.9
LSS Location,F3-PZ02-A14-R09-B3,7.9
LSS Location,F3-PZ02-A14-R09-B4,7.9
LSS Location,F3-PZ02-A14-R09-B5,7.9
LSS Location,F3-PZ02-A14-R09-C1,7.9
LSS Location,F3-PZ02-A14-R09-C2,7.9
LSS Location,F3-PZ02-A14-R09-C3,7.9
LSS Location,F3-PZ02-A14-R09-C4,7.9
LSS Location,F3-PZ02-A14-R09-C5,7.9
LSS Location,F3-PZ02-A14-R09-D1,7.9
LSS Location,F3-PZ02-A14-R09-D2,7.9
LSS Location,F3-PZ02-A14-R09-D3,7.9
LSS Location,F3-PZ02-A14-R09-D4,7.9
LSS Location,F3-PZ02-A14-R09-D5,7.9
LSS Location,F3-PZ02-A14-R10-A1,7.9
LSS Location,F3-PZ02-A14-R10-A2,7.9
LSS Location,F3-PZ02-A14-R10-A3,7.9
LSS Location,F3-PZ02-A14-R10-A4,7.9
LSS Location,F3-PZ02-A14-R10-A5,7.9
LSS Location,F3-PZ02-A14-R10-B1,7.9
LSS Location,F3-PZ02-A14-R10-B2,7.9
LSS Location,F3-PZ02-A14-R10-B3,7.9
LSS Location,F3-PZ02-A14-R10-B4,7.9
LSS Location,F3-PZ02-A14-R10-B5,7.9
LSS Location,F3-PZ02-A14-R10-C1,7.9
LSS Location,F3-PZ02-A14-R10-C2,7.9
LSS Location,F3-PZ02-A14-R10-C3,7.9
LSS Location,F3-PZ02-A14-R10-C4,7.9
LSS Location,F3-PZ02-A14-R10-C5,7.9
LSS Location,F3-PZ02-A14-R10-D1,7.9
LSS Location,F3-PZ02-A14-R10-D2,7.9
LSS Location,F3-PZ02-A14-R10-D3,7.9
LSS Location,F3-PZ02-A14-R10-D4,7.9
LSS Location,F3-PZ02-A14-R10-D5,7.9
LSS Location,F3-PZ02-A14-R11-A1,7.9
LSS Location,F3-PZ02-A14-R11-A2,7.9
LSS Location,F3-PZ02-A14-R11-A3,7.9
LSS Location,F3-PZ02-A14-R11-A4,7.9
LSS Location,F3-PZ02-A14-R11-B1,7.9
LSS Location,F3-PZ02-A14-R11-B2,7.9
LSS Location,F3-PZ02-A14-R11-B3,7.9
LSS Location,F3-PZ02-A14-R11-B4,7.9
LSS Location,F3-PZ02-A14-R11-C1,7.9
LSS Location,F3-PZ02-A14-R11-C2,7.9
LSS Location,F3-PZ02-A14-R11-C3,7.9
LSS Location,F3-PZ02-A14-R11-C4,7.9
LSS Location,F3-PZ02-A14-R11-D1,7.9
LSS Location,F3-PZ02-A14-R11-D2,7.9
LSS Location,F3-PZ02-A14-R11-D3,7.9
LSS Location,F3-PZ02-A14-R11-D4,7.9
LSS Location,F3-PZ02-A14-R12-A1,7.9
LSS Location,F3-PZ02-A14-R12-A2,7.9
LSS Location,F3-PZ02-A14-R12-A3,7.9
LSS Location,F3-PZ02-A14-R12-A4,7.9
LSS Location,F3-PZ02-A14-R12-B1,7.9
LSS Location,F3-PZ02-A14-R12-B2,7.9
LSS Location,F3-PZ02-A14-R12-B3,7.9
LSS Location,F3-PZ02-A14-R12-B4,7.9
LSS Location,F3-PZ02-A14-R12-C1,7.9
LSS Location,F3-PZ02-A14-R12-C2,7.9
LSS Location,F3-PZ02-A14-R12-C3,7.9
LSS Location,F3-PZ02-A14-R12-C4,7.9
LSS Location,F3-PZ02-A14-R12-C5,7.9
LSS Location,F3-PZ02-A14-R12-D1,7.9
LSS Location,F3-PZ02-A14-R12-D2,7.9
LSS Location,F3-PZ02-A14-R12-D3,7.9
LSS Location,F3-PZ02-A14-R12-D4,7.9
LSS Location,F3-PZ02-A14-R12-D5,7.9
LSS Location,F3-PZ02-A15-R01-A1,7.9
LSS Location,F3-PZ02-A15-R01-A2,7.9
LSS Location,F3-PZ02-A15-R01-A3,7.9
LSS Location,F3-PZ02-A15-R01-A4,7.9
LSS Location,F3-PZ02-A15-R01-A5,7.9
LSS Location,F3-PZ02-A15-R01-B1,7.9
LSS Location,F3-PZ02-A15-R01-B2,7.9
LSS Location,F3-PZ02-A15-R01-B3,7.9
LSS Location,F3-PZ02-A15-R01-B4,7.9
LSS Location,F3-PZ02-A15-R01-B5,7.9
LSS Location,F3-PZ02-A15-R01-C1,7.9
LSS Location,F3-PZ02-A15-R01-C2,7.9
LSS Location,F3-PZ02-A15-R01-C3,7.9
LSS Location,F3-PZ02-A15-R01-C4,7.9
LSS Location,F3-PZ02-A15-R01-C5,7.9
LSS Location,F3-PZ02-A15-R01-D1,7.9
LSS Location,F3-PZ02-A15-R01-D2,7.9
LSS Location,F3-PZ02-A15-R01-D3,7.9
LSS Location,F3-PZ02-A15-R01-D4,7.9
LSS Location,F3-PZ02-A15-R01-D5,7.9
LSS Location,F3-PZ02-A15-R01-PL,
LSS Location,F3-PZ02-A15-R02-A1,7.9
LSS Location,F3-PZ02-A15-R02-A2,7.9
LSS Location,F3-PZ02-A15-R02-A3,7.9
LSS Location,F3-PZ02-A15-R02-A4,7.9
LSS Location,F3-PZ02-A15-R02-A5,7.9
LSS Location,F3-PZ02-A15-R02-B1,7.9
LSS Location,F3-PZ02-A15-R02-B2,7.9
LSS Location,F3-PZ02-A15-R02-B3,7.9
LSS Location,F3-PZ02-A15-R02-B4,7.9
LSS Location,F3-PZ02-A15-R02-B5,7.9
LSS Location,F3-PZ02-A15-R02-C1,7.9
LSS Location,F3-PZ02-A15-R02-C2,7.9
LSS Location,F3-PZ02-A15-R02-C3,7.9
LSS Location,F3-PZ02-A15-R02-C4,7.9
LSS Location,F3-PZ02-A15-R02-C5,7.9
LSS Location,F3-PZ02-A15-R02-D1,7.9
LSS Location,F3-PZ02-A15-R02-D2,7.9
LSS Location,F3-PZ02-A15-R02-D3,7.9
LSS Location,F3-PZ02-A15-R02-D4,7.9
LSS Location,F3-PZ02-A15-R02-D5,7.9
LSS Location,F3-PZ02-A15-R03-A1,7.9
LSS Location,F3-PZ02-A15-R03-A2,7.9
LSS Location,F3-PZ02-A15-R03-A3,7.9
LSS Location,F3-PZ02-A15-R03-A4,7.9
LSS Location,F3-PZ02-A15-R03-A5,7.9
LSS Location,F3-PZ02-A15-R03-B1,7.9
LSS Location,F3-PZ02-A15-R03-B2,7.9
LSS Location,F3-PZ02-A15-R03-B3,7.9
LSS Location,F3-PZ02-A15-R03-B4,7.9
LSS Location,F3-PZ02-A15-R03-B5,7.9
LSS Location,F3-PZ02-A15-R03-C1,7.9
LSS Location,F3-PZ02-A15-R03-C2,7.9
LSS Location,F3-PZ02-A15-R03-C3,7.9
LSS Location,F3-PZ02-A15-R03-C4,7.9
LSS Location,F3-PZ02-A15-R03-C5,7.9
LSS Location,F3-PZ02-A15-R03-D1,7.9
LSS Location,F3-PZ02-A15-R03-D2,7.9
LSS Location,F3-PZ02-A15-R03-D3,7.9
LSS Location,F3-PZ02-A15-R03-D4,7.9
LSS Location,F3-PZ02-A15-R03-D5,7.9
LSS Location,F3-PZ02-A15-R04-A1,7.9
LSS Location,F3-PZ02-A15-R04-A2,7.9
LSS Location,F3-PZ02-A15-R04-A3,7.9
LSS Location,F3-PZ02-A15-R04-A4,7.9
LSS Location,F3-PZ02-A15-R04-A5,7.9
LSS Location,F3-PZ02-A15-R04-B1,7.9
LSS Location,F3-PZ02-A15-R04-B2,7.9
LSS Location,F3-PZ02-A15-R04-B3,7.9
LSS Location,F3-PZ02-A15-R04-B4,7.9
LSS Location,F3-PZ02-A15-R04-B5,7.9
LSS Location,F3-PZ02-A15-R04-C1,7.9
LSS Location,F3-PZ02-A15-R04-C2,7.9
LSS Location,F3-PZ02-A15-R04-C3,7.9
LSS Location,F3-PZ02-A15-R04-C4,7.9
LSS Location,F3-PZ02-A15-R04-C5,7.9
LSS Location,F3-PZ02-A15-R04-D1,7.9
LSS Location,F3-PZ02-A15-R04-D2,7.9
LSS Location,F3-PZ02-A15-R04-D3,7.9
LSS Location,F3-PZ02-A15-R04-D4,7.9
LSS Location,F3-PZ02-A15-R04-D5,7.9
LSS Location,F3-PZ02-A15-R05-A1,7.9
LSS Location,F3-PZ02-A15-R05-A2,7.9
LSS Location,F3-PZ02-A15-R05-A3,7.9
LSS Location,F3-PZ02-A15-R05-A4,7.9
LSS Location,F3-PZ02-A15-R05-A5,7.9
LSS Location,F3-PZ02-A15-R05-B1,7.9
LSS Location,F3-PZ02-A15-R05-B2,7.9
LSS Location,F3-PZ02-A15-R05-B3,7.9
LSS Location,F3-PZ02-A15-R05-B4,7.9
LSS Location,F3-PZ02-A15-R05-B5,7.9
LSS Location,F3-PZ02-A15-R05-C1,7.9
LSS Location,F3-PZ02-A15-R05-C2,7.9
LSS Location,F3-PZ02-A15-R05-C3,7.9
LSS Location,F3-PZ02-A15-R05-C4,7.9
LSS Location,F3-PZ02-A15-R05-C5,7.9
LSS Location,F3-PZ02-A15-R05-D1,7.9
LSS Location,F3-PZ02-A15-R05-D2,7.9
LSS Location,F3-PZ02-A15-R05-D3,7.9
LSS Location,F3-PZ02-A15-R05-D4,7.9
LSS Location,F3-PZ02-A15-R05-D5,7.9
LSS Location,F3-PZ02-A15-R06-A1,7.9
LSS Location,F3-PZ02-A15-R06-A2,7.9
LSS Location,F3-PZ02-A15-R06-A3,7.9
LSS Location,F3-PZ02-A15-R06-A4,7.9
LSS Location,F3-PZ02-A15-R06-B1,7.9
LSS Location,F3-PZ02-A15-R06-B2,7.9
LSS Location,F3-PZ02-A15-R06-B3,7.9
LSS Location,F3-PZ02-A15-R06-B4,7.9
LSS Location,F3-PZ02-A15-R06-C1,7.9
LSS Location,F3-PZ02-A15-R06-C2,7.9
LSS Location,F3-PZ02-A15-R06-C3,7.9
LSS Location,F3-PZ02-A15-R06-C4,7.9
LSS Location,F3-PZ02-A15-R06-D1,7.9
LSS Location,F3-PZ02-A15-R06-D2,7.9
LSS Location,F3-PZ02-A15-R06-D3,7.9
LSS Location,F3-PZ02-A15-R06-D4,7.9
LSS Location,F3-PZ02-A15-R07-A1,7.9
LSS Location,F3-PZ02-A15-R07-A2,7.9
LSS Location,F3-PZ02-A15-R07-A3,7.9
LSS Location,F3-PZ02-A15-R07-B1,7.9
LSS Location,F3-PZ02-A15-R07-B2,7.9
LSS Location,F3-PZ02-A15-R07-B3,7.9
LSS Location,F3-PZ02-A15-R07-B4,7.9
LSS Location,F3-PZ02-A15-R08-A1,7.9
LSS Location,F3-PZ02-A15-R08-A2,7.9
LSS Location,F3-PZ02-A15-R08-A3,7.9
LSS Location,F3-PZ02-A15-R08-B1,7.9
LSS Location,F3-PZ02-A15-R08-B2,7.9
LSS Location,F3-PZ02-A15-R08-B3,7.9
LSS Location,F3-PZ02-A15-R08-B4,7.9
LSS Location,F3-PZ02-A15-R09-A1,7.9
LSS Location,F3-PZ02-A15-R09-A2,7.9
LSS Location,F3-PZ02-A15-R09-A3,7.9
LSS Location,F3-PZ02-A15-R09-B1,7.9
LSS Location,F3-PZ02-A15-R09-B2,7.9
LSS Location,F3-PZ02-A15-R09-B3,7.9
LSS Location,F3-PZ02-A15-R09-B4,7.9
LSS Location,F3-PZ02-A15-R10-A1,7.9
LSS Location,F3-PZ02-A15-R10-A2,7.9
LSS Location,F3-PZ02-A15-R10-A3,7.9
LSS Location,F3-PZ02-A15-R10-B1,7.9
LSS Location,F3-PZ02-A15-R10-B2,7.9
LSS Location,F3-PZ02-A15-R10-B3,7.9
LSS Location,F3-PZ02-A15-R10-B4,7.9
LSS Location,F3-PZ02-A16-R01-A1,7.9
LSS Location,F3-PZ02-A16-R01-A2,7.9
LSS Location,F3-PZ02-A16-R01-A3,7.9
LSS Location,F3-PZ02-A16-R01-B1,7.9
LSS Location,F3-PZ02-A16-R01-B2,7.9
LSS Location,F3-PZ02-A16-R01-B3,7.9
LSS Location,F3-PZ02-A16-R01-B4,7.9
LSS Location,F3-PZ02-A16-R02-A1,7.9
LSS Location,F3-PZ02-A16-R02-A2,7.9
LSS Location,F3-PZ02-A16-R02-A3,7.9
LSS Location,F3-PZ02-A16-R02-B1,7.9
LSS Location,F3-PZ02-A16-R02-B2,7.9
LSS Location,F3-PZ02-A16-R02-B3,7.9
LSS Location,F3-PZ02-A16-R02-B4,7.9
LSS Location,F3-PZ02-A16-R03-A1,7.9
LSS Location,F3-PZ02-A16-R03-A2,7.9
LSS Location,F3-PZ02-A16-R03-A3,7.9
LSS Location,F3-PZ02-A16-R03-B1,7.9
LSS Location,F3-PZ02-A16-R03-B2,7.9
LSS Location,F3-PZ02-A16-R03-B3,7.9
LSS Location,F3-PZ02-A16-R03-B4,7.9
LSS Location,F3-PZ02-A16-R04-A1,7.9
LSS Location,F3-PZ02-A16-R04-A2,7.9
LSS Location,F3-PZ02-A16-R04-A3,7.9
LSS Location,F3-PZ02-A16-R04-B1,7.9
LSS Location,F3-PZ02-A16-R04-B2,7.9
LSS Location,F3-PZ02-A16-R04-B3,7.9
LSS Location,F3-PZ02-A16-R04-B4,7.9
Lower Shelve,F3-PZ03-A01-R01-A1,48
Lower Shelve,F3-PZ03-A01-R01-A2,48
Lower Shelve,F3-PZ03-A01-R01-PL1,
Lower Shelve,F3-PZ03-A01-R01-PL10,
Lower Shelve,F3-PZ03-A01-R01-PL2,
Lower Shelve,F3-PZ03-A01-R01-PL3,
Lower Shelve,F3-PZ03-A01-R01-PL4,
Lower Shelve,F3-PZ03-A01-R01-PL5,
Lower Shelve,F3-PZ03-A01-R01-PL6,
Lower Shelve,F3-PZ03-A01-R01-PL7,
Lower Shelve,F3-PZ03-A01-R01-PL8,
Lower Shelve,F3-PZ03-A01-R01-PL9,
Lower Shelve,F3-PZ03-A01-R02-A1,48
Lower Shelve,F3-PZ03-A01-R02-A2,48
Lower Shelve,F3-PZ03-A01-R02-A3,48
Upper Shelve,F3-PZ03-A01-R02-B1,32
Upper Shelve,F3-PZ03-A01-R02-B2,32
Upper Shelve,F3-PZ03-A01-R02-B3,32
Upper Shelve,F3-PZ03-A01-R02-B4,32
Lower Shelve,F3-PZ03-A01-R03-A1,48
Lower Shelve,F3-PZ03-A01-R03-A2,48
Lower Shelve,F3-PZ03-A01-R03-A3,48
Upper Shelve,F3-PZ03-A01-R03-B1,32
Upper Shelve,F3-PZ03-A01-R03-B2,32
Upper Shelve,F3-PZ03-A01-R03-B3,32
Upper Shelve,F3-PZ03-A01-R03-B4,32
Lower Shelve,F3-PZ03-A01-R04-A1,48
Lower Shelve,F3-PZ03-A01-R04-A2,48
Lower Shelve,F3-PZ03-A01-R04-A3,48
Upper Shelve,F3-PZ03-A01-R04-B1,32
Upper Shelve,F3-PZ03-A01-R04-B2,32
Upper Shelve,F3-PZ03-A01-R04-B3,32
Upper Shelve,F3-PZ03-A01-R04-B4,32
Lower Shelve,F3-PZ03-A01-R05-A1,48
Lower Shelve,F3-PZ03-A01-R05-A2,48
Lower Shelve,F3-PZ03-A01-R05-A3,48
Upper Shelve,F3-PZ03-A01-R05-B1,32
Upper Shelve,F3-PZ03-A01-R05-B2,32
Upper Shelve,F3-PZ03-A01-R05-B3,32
Upper Shelve,F3-PZ03-A01-R05-B4,32
Lower Shelve,F3-PZ03-A01-R06-A1,48
Lower Shelve,F3-PZ03-A01-R06-A2,48
Lower Shelve,F3-PZ03-A01-R06-A3,48
Upper Shelve,F3-PZ03-A01-R06-B1,32
Upper Shelve,F3-PZ03-A01-R06-B2,32
Upper Shelve,F3-PZ03-A01-R06-B3,32
Upper Shelve,F3-PZ03-A01-R06-B4,32
Lower Shelve,F3-PZ03-A02-R01-A1,48
Lower Shelve,F3-PZ03-A02-R01-A2,48
Lower Shelve,F3-PZ03-A02-R01-A3,48
Upper Shelve,F3-PZ03-A02-R01-B1,32
Upper Shelve,F3-PZ03-A02-R01-B2,32
Upper Shelve,F3-PZ03-A02-R01-B3,32
Upper Shelve,F3-PZ03-A02-R01-B4,32
Lower Shelve,F3-PZ03-A02-R01-PL,
Lower Shelve,F3-PZ03-A02-R02-A1,48
Lower Shelve,F3-PZ03-A02-R02-A2,48
Lower Shelve,F3-PZ03-A02-R02-A3,48
Upper Shelve,F3-PZ03-A02-R02-B1,32
Upper Shelve,F3-PZ03-A02-R02-B2,32
Upper Shelve,F3-PZ03-A02-R02-B3,32
Upper Shelve,F3-PZ03-A02-R02-B4,32
Lower Shelve,F3-PZ03-A02-R03-A1,48
Lower Shelve,F3-PZ03-A02-R03-A2,48
Lower Shelve,F3-PZ03-A02-R03-A3,48
Upper Shelve,F3-PZ03-A02-R03-B1,32
Upper Shelve,F3-PZ03-A02-R03-B2,32
Upper Shelve,F3-PZ03-A02-R03-B3,32
Upper Shelve,F3-PZ03-A02-R03-B4,32
Lower Shelve,F3-PZ03-A02-R04-A1,48
Lower Shelve,F3-PZ03-A02-R04-A2,48
Lower Shelve,F3-PZ03-A02-R04-A3,48
Upper Shelve,F3-PZ03-A02-R04-B1,32
Upper Shelve,F3-PZ03-A02-R04-B2,32
Upper Shelve,F3-PZ03-A02-R04-B3,32
Upper Shelve,F3-PZ03-A02-R04-B4,32
Lower Shelve,F3-PZ03-A02-R05-A1,48
Lower Shelve,F3-PZ03-A02-R05-A2,48
Lower Shelve,F3-PZ03-A02-R05-A3,48
Upper Shelve,F3-PZ03-A02-R05-B1,32
Upper Shelve,F3-PZ03-A02-R05-B2,32
Upper Shelve,F3-PZ03-A02-R05-B3,32
Upper Shelve,F3-PZ03-A02-R05-B4,32
Lower Shelve,F3-PZ03-A02-R06-A1,48
Lower Shelve,F3-PZ03-A02-R06-A2,48
Lower Shelve,F3-PZ03-A02-R06-A3,48
Upper Shelve,F3-PZ03-A02-R06-B1,32
Upper Shelve,F3-PZ03-A02-R06-B2,32
Upper Shelve,F3-PZ03-A02-R06-B3,32
Upper Shelve,F3-PZ03-A02-R06-B4,32
Lower Shelve,F3-PZ03-A02-R07-A1,48
Lower Shelve,F3-PZ03-A02-R07-A2,48
Lower Shelve,F3-PZ03-A02-R07-A3,48
Upper Shelve,F3-PZ03-A02-R07-B1,32
Upper Shelve,F3-PZ03-A02-R07-B2,32
Upper Shelve,F3-PZ03-A02-R07-B3,32
Upper Shelve,F3-PZ03-A02-R07-B4,32
Lower Shelve,F3-PZ03-A03-R01-A1,48
Lower Shelve,F3-PZ03-A03-R01-A2,48
Lower Shelve,F3-PZ03-A03-R01-A3,48
Upper Shelve,F3-PZ03-A03-R01-B1,32
Upper Shelve,F3-PZ03-A03-R01-B2,32
Upper Shelve,F3-PZ03-A03-R01-B3,32
Upper Shelve,F3-PZ03-A03-R01-B4,32
Lower Shelve,F3-PZ03-A03-R01-PL,
Lower Shelve,F3-PZ03-A03-R02-A1,48
Lower Shelve,F3-PZ03-A03-R02-A2,48
Lower Shelve,F3-PZ03-A03-R02-A3,48
Upper Shelve,F3-PZ03-A03-R02-B1,32
Upper Shelve,F3-PZ03-A03-R02-B2,32
Upper Shelve,F3-PZ03-A03-R02-B3,32
Upper Shelve,F3-PZ03-A03-R02-B4,32
Lower Shelve,F3-PZ03-A03-R03-A1,48
Lower Shelve,F3-PZ03-A03-R03-A2,48
Lower Shelve,F3-PZ03-A03-R03-A3,48
Upper Shelve,F3-PZ03-A03-R03-B1,32
Upper Shelve,F3-PZ03-A03-R03-B2,32
Upper Shelve,F3-PZ03-A03-R03-B3,32
Upper Shelve,F3-PZ03-A03-R03-B4,32
Lower Shelve,F3-PZ03-A03-R04-A1,48
Lower Shelve,F3-PZ03-A03-R04-A2,48
Lower Shelve,F3-PZ03-A03-R04-A3,48
Upper Shelve,F3-PZ03-A03-R04-B1,32
Upper Shelve,F3-PZ03-A03-R04-B2,32
Upper Shelve,F3-PZ03-A03-R04-B3,32
Upper Shelve,F3-PZ03-A03-R04-B4,32
Lower Shelve,F3-PZ03-A03-R05-A1,48
Lower Shelve,F3-PZ03-A03-R05-A2,48
Lower Shelve,F3-PZ03-A03-R05-A3,48
Upper Shelve,F3-PZ03-A03-R05-B1,32
Upper Shelve,F3-PZ03-A03-R05-B2,32
Upper Shelve,F3-PZ03-A03-R05-B3,32
Upper Shelve,F3-PZ03-A03-R05-B4,32
Lower Shelve,F3-PZ03-A03-R06-A1,48
Lower Shelve,F3-PZ03-A03-R06-A2,48
Lower Shelve,F3-PZ03-A03-R06-A3,48
Upper Shelve,F3-PZ03-A03-R06-B1,32
Upper Shelve,F3-PZ03-A03-R06-B2,32
Upper Shelve,F3-PZ03-A03-R06-B3,32
Upper Shelve,F3-PZ03-A03-R06-B4,32
Lower Shelve,F3-PZ03-A03-R07-A1,48
Lower Shelve,F3-PZ03-A03-R07-A2,48
Lower Shelve,F3-PZ03-A03-R07-A3,48
Upper Shelve,F3-PZ03-A03-R07-B1,32
Upper Shelve,F3-PZ03-A03-R07-B2,32
Upper Shelve,F3-PZ03-A03-R07-B3,32
Upper Shelve,F3-PZ03-A03-R07-B4,32
Lower Shelve,F3-PZ03-A03-R08-A1,48
Lower Shelve,F3-PZ03-A03-R08-A2,48
Lower Shelve,F3-PZ03-A03-R08-A3,48
Upper Shelve,F3-PZ03-A03-R08-B1,32
Upper Shelve,F3-PZ03-A03-R08-B2,32
Upper Shelve,F3-PZ03-A03-R08-B3,32
Upper Shelve,F3-PZ03-A03-R08-B4,32
Lower Shelve,F3-PZ03-A03-R09-A1,48
Lower Shelve,F3-PZ03-A03-R09-A2,48
Lower Shelve,F3-PZ03-A03-R09-A3,48
Upper Shelve,F3-PZ03-A03-R09-B1,32
Upper Shelve,F3-PZ03-A03-R09-B2,32
Upper Shelve,F3-PZ03-A03-R09-B3,32
Upper Shelve,F3-PZ03-A03-R09-B4,32
Lower Shelve,F3-PZ03-A03-R10-A1,48
Lower Shelve,F3-PZ03-A03-R10-A2,48
Lower Shelve,F3-PZ03-A03-R10-A3,48
Upper Shelve,F3-PZ03-A03-R10-B1,32
Upper Shelve,F3-PZ03-A03-R10-B2,32
Upper Shelve,F3-PZ03-A03-R10-B3,32
Upper Shelve,F3-PZ03-A03-R10-B4,32
Lower Shelve,F3-PZ03-A04-R01-A1,48
Lower Shelve,F3-PZ03-A04-R01-A2,48
Lower Shelve,F3-PZ03-A04-R01-A3,48
Upper Shelve,F3-PZ03-A04-R01-B1,32
Upper Shelve,F3-PZ03-A04-R01-B2,32
Upper Shelve,F3-PZ03-A04-R01-B3,32
Upper Shelve,F3-PZ03-A04-R01-B4,32
Lower Shelve,F3-PZ03-A04-R01-PL,
Lower Shelve,F3-PZ03-A04-R02-A1,48
Lower Shelve,F3-PZ03-A04-R02-A2,48
Lower Shelve,F3-PZ03-A04-R02-A3,48
Upper Shelve,F3-PZ03-A04-R02-B1,32
Upper Shelve,F3-PZ03-A04-R02-B2,32
Upper Shelve,F3-PZ03-A04-R02-B3,32
Upper Shelve,F3-PZ03-A04-R02-B4,32
Lower Shelve,F3-PZ03-A04-R03-A1,48
Lower Shelve,F3-PZ03-A04-R03-A2,48
Lower Shelve,F3-PZ03-A04-R03-A3,48
Upper Shelve,F3-PZ03-A04-R03-B1,32
Upper Shelve,F3-PZ03-A04-R03-B2,32
Upper Shelve,F3-PZ03-A04-R03-B3,32
Upper Shelve,F3-PZ03-A04-R03-B4,32
Lower Shelve,F3-PZ03-A04-R04-A1,48
Lower Shelve,F3-PZ03-A04-R04-A2,48
Lower Shelve,F3-PZ03-A04-R04-A3,48
Upper Shelve,F3-PZ03-A04-R04-B1,32
Upper Shelve,F3-PZ03-A04-R04-B2,32
Upper Shelve,F3-PZ03-A04-R04-B3,32
Upper Shelve,F3-PZ03-A04-R04-B4,32
Lower Shelve,F3-PZ03-A04-R05-A1,48
Lower Shelve,F3-PZ03-A04-R05-A2,48
Lower Shelve,F3-PZ03-A04-R05-A3,48
Upper Shelve,F3-PZ03-A04-R05-B1,32
Upper Shelve,F3-PZ03-A04-R05-B2,32
Upper Shelve,F3-PZ03-A04-R05-B3,32
Upper Shelve,F3-PZ03-A04-R05-B4,32
Lower Shelve,F3-PZ03-A04-R06-A1,48
Lower Shelve,F3-PZ03-A04-R06-A2,48
Lower Shelve,F3-PZ03-A04-R06-A3,48
Upper Shelve,F3-PZ03-A04-R06-B1,32
Upper Shelve,F3-PZ03-A04-R06-B2,32
Upper Shelve,F3-PZ03-A04-R06-B3,32
Upper Shelve,F3-PZ03-A04-R06-B4,32
Lower Shelve,F3-PZ03-A04-R07-A1,48
Lower Shelve,F3-PZ03-A04-R07-A2,48
Lower Shelve,F3-PZ03-A04-R07-A3,48
Upper Shelve,F3-PZ03-A04-R07-B1,32
Upper Shelve,F3-PZ03-A04-R07-B2,32
Upper Shelve,F3-PZ03-A04-R07-B3,32
Upper Shelve,F3-PZ03-A04-R07-B4,32
Lower Shelve,F3-PZ03-A04-R08-A1,48
Lower Shelve,F3-PZ03-A04-R08-A2,48
Lower Shelve,F3-PZ03-A04-R08-A3,48
Upper Shelve,F3-PZ03-A04-R08-B1,32
Upper Shelve,F3-PZ03-A04-R08-B2,32
Upper Shelve,F3-PZ03-A04-R08-B3,32
Upper Shelve,F3-PZ03-A04-R08-B4,32
Lower Shelve,F3-PZ03-A04-R09-A1,48
Lower Shelve,F3-PZ03-A04-R09-A2,48
Lower Shelve,F3-PZ03-A04-R09-A3,48
Upper Shelve,F3-PZ03-A04-R09-B1,32
Upper Shelve,F3-PZ03-A04-R09-B2,32
Upper Shelve,F3-PZ03-A04-R09-B3,32
Upper Shelve,F3-PZ03-A04-R09-B4,32
Lower Shelve,F3-PZ03-A04-R10-A1,48
Lower Shelve,F3-PZ03-A04-R10-A2,48
Lower Shelve,F3-PZ03-A04-R10-A3,48
Upper Shelve,F3-PZ03-A04-R10-B1,32
Upper Shelve,F3-PZ03-A04-R10-B2,32
Upper Shelve,F3-PZ03-A04-R10-B3,32
Upper Shelve,F3-PZ03-A04-R10-B4,32
Lower Shelve,F3-PZ03-A05-R01-A1,48
Lower Shelve,F3-PZ03-A05-R01-A2,48
Lower Shelve,F3-PZ03-A05-R01-A3,48
Upper Shelve,F3-PZ03-A05-R01-B1,32
Upper Shelve,F3-PZ03-A05-R01-B2,32
Upper Shelve,F3-PZ03-A05-R01-B3,32
Upper Shelve,F3-PZ03-A05-R01-B4,32
Lower Shelve,F3-PZ03-A05-R01-PL,
Lower Shelve,F3-PZ03-A05-R02-A1,48
Lower Shelve,F3-PZ03-A05-R02-A2,48
Lower Shelve,F3-PZ03-A05-R02-A3,48
Upper Shelve,F3-PZ03-A05-R02-B1,32
Upper Shelve,F3-PZ03-A05-R02-B2,32
Upper Shelve,F3-PZ03-A05-R02-B3,32
Upper Shelve,F3-PZ03-A05-R02-B4,32
Lower Shelve,F3-PZ03-A05-R03-A1,48
Lower Shelve,F3-PZ03-A05-R03-A2,48
Lower Shelve,F3-PZ03-A05-R03-A3,48
Upper Shelve,F3-PZ03-A05-R03-B1,32
Upper Shelve,F3-PZ03-A05-R03-B2,32
Upper Shelve,F3-PZ03-A05-R03-B3,32
Upper Shelve,F3-PZ03-A05-R03-B4,32
Lower Shelve,F3-PZ03-A05-R04-A1,48
Lower Shelve,F3-PZ03-A05-R04-A2,48
Lower Shelve,F3-PZ03-A05-R04-A3,48
Upper Shelve,F3-PZ03-A05-R04-B1,32
Upper Shelve,F3-PZ03-A05-R04-B2,32
Upper Shelve,F3-PZ03-A05-R04-B3,32
Upper Shelve,F3-PZ03-A05-R04-B4,32
Lower Shelve,F3-PZ03-A05-R05-A1,48
Lower Shelve,F3-PZ03-A05-R05-A2,48
Lower Shelve,F3-PZ03-A05-R05-A3,48
Upper Shelve,F3-PZ03-A05-R05-B1,32
Upper Shelve,F3-PZ03-A05-R05-B2,32
Upper Shelve,F3-PZ03-A05-R05-B3,32
Upper Shelve,F3-PZ03-A05-R05-B4,32
Lower Shelve,F3-PZ03-A06-R01-A1,48
Lower Shelve,F3-PZ03-A06-R01-A2,48
Lower Shelve,F3-PZ03-A06-R01-A3,48
Upper Shelve,F3-PZ03-A06-R01-B1,32
Upper Shelve,F3-PZ03-A06-R01-B2,32
Upper Shelve,F3-PZ03-A06-R01-B3,32
Upper Shelve,F3-PZ03-A06-R01-B4,32
Lower Shelve,F3-PZ03-A06-R01-PL,
Lower Shelve,F3-PZ03-A06-R02-A1,48
Lower Shelve,F3-PZ03-A06-R02-A2,48
Lower Shelve,F3-PZ03-A06-R02-A3,48
Upper Shelve,F3-PZ03-A06-R02-B1,32
Upper Shelve,F3-PZ03-A06-R02-B2,32
Upper Shelve,F3-PZ03-A06-R02-B3,32
Upper Shelve,F3-PZ03-A06-R02-B4,32
Lower Shelve,F3-PZ03-A06-R03-A1,48
Lower Shelve,F3-PZ03-A06-R03-A2,48
Lower Shelve,F3-PZ03-A06-R03-A3,48
Upper Shelve,F3-PZ03-A06-R03-B1,32
Upper Shelve,F3-PZ03-A06-R03-B2,32
Upper Shelve,F3-PZ03-A06-R03-B3,32
Upper Shelve,F3-PZ03-A06-R03-B4,32
Lower Shelve,F3-PZ03-A06-R04-A1,48
Lower Shelve,F3-PZ03-A06-R04-A2,48
Lower Shelve,F3-PZ03-A06-R04-A3,48
Upper Shelve,F3-PZ03-A06-R04-B1,32
Upper Shelve,F3-PZ03-A06-R04-B2,32
Upper Shelve,F3-PZ03-A06-R04-B3,32
Upper Shelve,F3-PZ03-A06-R04-B4,32
Lower Shelve,F3-PZ03-A06-R05-A1,48
Lower Shelve,F3-PZ03-A06-R05-A2,48
Lower Shelve,F3-PZ03-A06-R05-A3,48
Upper Shelve,F3-PZ03-A06-R05-B1,32
Upper Shelve,F3-PZ03-A06-R05-B2,32
Upper Shelve,F3-PZ03-A06-R05-B3,32
Upper Shelve,F3-PZ03-A06-R05-B4,32
Lower Shelve,F3-PZ03-A06-R06-A1,48
Lower Shelve,F3-PZ03-A06-R06-A2,48
Lower Shelve,F3-PZ03-A06-R06-A3,48
Upper Shelve,F3-PZ03-A06-R06-B1,32
Upper Shelve,F3-PZ03-A06-R06-B2,32
Upper Shelve,F3-PZ03-A06-R06-B3,32
Upper Shelve,F3-PZ03-A06-R06-B4,32
Lower Shelve,F3-PZ03-A06-R07-A1,48
Lower Shelve,F3-PZ03-A06-R07-A2,48
Lower Shelve,F3-PZ03-A06-R07-A3,48
Upper Shelve,F3-PZ03-A06-R07-B1,32
Upper Shelve,F3-PZ03-A06-R07-B2,32
Upper Shelve,F3-PZ03-A06-R07-B3,32
Upper Shelve,F3-PZ03-A06-R07-B4,32
Lower Shelve,F3-PZ03-A06-R08-A1,48
Lower Shelve,F3-PZ03-A06-R08-A2,48
Lower Shelve,F3-PZ03-A06-R08-A3,48
Upper Shelve,F3-PZ03-A06-R08-B1,32
Upper Shelve,F3-PZ03-A06-R08-B2,32
Upper Shelve,F3-PZ03-A06-R08-B3,32
Upper Shelve,F3-PZ03-A06-R08-B4,32
Lower Shelve,F3-PZ03-A06-R09-A1,48
Lower Shelve,F3-PZ03-A06-R09-A2,48
Lower Shelve,F3-PZ03-A06-R09-A3,48
Upper Shelve,F3-PZ03-A06-R09-B1,32
Upper Shelve,F3-PZ03-A06-R09-B2,32
Upper Shelve,F3-PZ03-A06-R09-B3,32
Upper Shelve,F3-PZ03-A06-R09-B4,32
Lower Shelve,F3-PZ03-A06-R10-A1,48
Lower Shelve,F3-PZ03-A06-R10-A2,48
Lower Shelve,F3-PZ03-A06-R10-A3,48
Upper Shelve,F3-PZ03-A06-R10-B1,32
Upper Shelve,F3-PZ03-A06-R10-B2,32
Upper Shelve,F3-PZ03-A06-R10-B3,32
Upper Shelve,F3-PZ03-A06-R10-B4,32
Lower Shelve,F3-PZ03-A07-R01-A1,48
Lower Shelve,F3-PZ03-A07-R01-A2,48
Lower Shelve,F3-PZ03-A07-R01-A3,48
Upper Shelve,F3-PZ03-A07-R01-B1,32
Upper Shelve,F3-PZ03-A07-R01-B2,32
Upper Shelve,F3-PZ03-A07-R01-B3,32
Upper Shelve,F3-PZ03-A07-R01-B4,32
Lower Shelve,F3-PZ03-A07-R01-PL,
Lower Shelve,F3-PZ03-A07-R02-A1,48
Lower Shelve,F3-PZ03-A07-R02-A2,48
Lower Shelve,F3-PZ03-A07-R02-A3,48
Upper Shelve,F3-PZ03-A07-R02-B1,32
Upper Shelve,F3-PZ03-A07-R02-B2,32
Upper Shelve,F3-PZ03-A07-R02-B3,32
Upper Shelve,F3-PZ03-A07-R02-B4,32
Lower Shelve,F3-PZ03-A07-R03-A1,48
Lower Shelve,F3-PZ03-A07-R03-A2,48
Lower Shelve,F3-PZ03-A07-R03-A3,48
Upper Shelve,F3-PZ03-A07-R03-B1,32
Upper Shelve,F3-PZ03-A07-R03-B2,32
Upper Shelve,F3-PZ03-A07-R03-B3,32
Upper Shelve,F3-PZ03-A07-R03-B4,32
Lower Shelve,F3-PZ03-A07-R04-A1,48
Lower Shelve,F3-PZ03-A07-R04-A2,48
Lower Shelve,F3-PZ03-A07-R04-A3,48
Upper Shelve,F3-PZ03-A07-R04-B1,32
Upper Shelve,F3-PZ03-A07-R04-B2,32
Upper Shelve,F3-PZ03-A07-R04-B3,32
Upper Shelve,F3-PZ03-A07-R04-B4,32
Lower Shelve,F3-PZ03-A07-R05-A1,48
Lower Shelve,F3-PZ03-A07-R05-A2,48
Lower Shelve,F3-PZ03-A07-R05-A3,48
Upper Shelve,F3-PZ03-A07-R05-B1,32
Upper Shelve,F3-PZ03-A07-R05-B2,32
Upper Shelve,F3-PZ03-A07-R05-B3,32
Upper Shelve,F3-PZ03-A07-R05-B4,32
Lower Shelve,F3-PZ03-A07-R06-A1,48
Lower Shelve,F3-PZ03-A07-R06-A2,48
Lower Shelve,F3-PZ03-A07-R06-A3,48
Upper Shelve,F3-PZ03-A07-R06-B1,32
Upper Shelve,F3-PZ03-A07-R06-B2,32
Upper Shelve,F3-PZ03-A07-R06-B3,32
Upper Shelve,F3-PZ03-A07-R06-B4,32
Lower Shelve,F3-PZ03-A07-R07-A1,48
Lower Shelve,F3-PZ03-A07-R07-A2,48
Lower Shelve,F3-PZ03-A07-R07-A2.,48
Lower Shelve,F3-PZ03-A07-R07-A3,48
Upper Shelve,F3-PZ03-A07-R07-B1,32
Upper Shelve,F3-PZ03-A07-R07-B2,32
Upper Shelve,F3-PZ03-A07-R07-B3,32
Upper Shelve,F3-PZ03-A07-R07-B4,32
Lower Shelve,F3-PZ03-A07-R08-A1,48
Lower Shelve,F3-PZ03-A07-R08-A2,48
Lower Shelve,F3-PZ03-A07-R08-A3,48
Upper Shelve,F3-PZ03-A07-R08-B1,32
Upper Shelve,F3-PZ03-A07-R08-B2,32
Upper Shelve,F3-PZ03-A07-R08-B3,32
Upper Shelve,F3-PZ03-A07-R08-B4,32
Lower Shelve,F3-PZ03-A07-R09-A1,48
Lower Shelve,F3-PZ03-A07-R09-A2,48
Lower Shelve,F3-PZ03-A07-R09-A3,48
Upper Shelve,F3-PZ03-A07-R09-B1,32
Upper Shelve,F3-PZ03-A07-R09-B2,32
Upper Shelve,F3-PZ03-A07-R09-B3,32
Upper Shelve,F3-PZ03-A07-R09-B4,32
Lower Shelve,F3-PZ03-A07-R10-A1,48
Lower Shelve,F3-PZ03-A07-R10-A2,48
Lower Shelve,F3-PZ03-A07-R10-A3,48
Upper Shelve,F3-PZ03-A07-R10-B1,32
Upper Shelve,F3-PZ03-A07-R10-B2,32
Upper Shelve,F3-PZ03-A07-R10-B3,32
Upper Shelve,F3-PZ03-A07-R10-B4,32
Lower Shelve,F3-PZ03-A08-R01-A1,48
Lower Shelve,F3-PZ03-A08-R01-A2,48
Lower Shelve,F3-PZ03-A08-R01-A3,48
Upper Shelve,F3-PZ03-A08-R01-B1,32
Upper Shelve,F3-PZ03-A08-R01-B2,32
Upper Shelve,F3-PZ03-A08-R01-B3,32
Upper Shelve,F3-PZ03-A08-R01-B4,32
Lower Shelve,F3-PZ03-A08-R01-PL,
Lower Shelve,F3-PZ03-A08-R02-A1,48
Lower Shelve,F3-PZ03-A08-R02-A2,48
Lower Shelve,F3-PZ03-A08-R02-A3,48
Upper Shelve,F3-PZ03-A08-R02-B1,32
Upper Shelve,F3-PZ03-A08-R02-B2,32
Upper Shelve,F3-PZ03-A08-R02-B3,32
Upper Shelve,F3-PZ03-A08-R02-B4,32
Lower Shelve,F3-PZ03-A08-R03-A1,48
Lower Shelve,F3-PZ03-A08-R03-A2,48
Lower Shelve,F3-PZ03-A08-R03-A3,48
Upper Shelve,F3-PZ03-A08-R03-B1,32
Upper Shelve,F3-PZ03-A08-R03-B2,32
Upper Shelve,F3-PZ03-A08-R03-B3,32
Upper Shelve,F3-PZ03-A08-R03-B4,32
Lower Shelve,F3-PZ03-A08-R04-A1,48
Lower Shelve,F3-PZ03-A08-R04-A2,48
Lower Shelve,F3-PZ03-A08-R04-A3,48
Upper Shelve,F3-PZ03-A08-R04-B1,32
Upper Shelve,F3-PZ03-A08-R04-B2,32
Upper Shelve,F3-PZ03-A08-R04-B3,32
Upper Shelve,F3-PZ03-A08-R04-B4,32
Lower Shelve,F3-PZ03-A08-R05-A1,48
Lower Shelve,F3-PZ03-A08-R05-A2,48
Lower Shelve,F3-PZ03-A08-R05-A3,48
Upper Shelve,F3-PZ03-A08-R05-B1,32
Upper Shelve,F3-PZ03-A08-R05-B2,32
Upper Shelve,F3-PZ03-A08-R05-B3,32
Upper Shelve,F3-PZ03-A08-R05-B4,32
Lower Shelve,F3-PZ04-A08-R01-A1,48
Lower Shelve,F3-PZ04-A08-R01-A2,48
Upper Shelve,F3-PZ04-A08-R01-B1,32
Upper Shelve,F3-PZ04-A08-R01-B2,32
Upper Shelve,F3-PZ04-A08-R01-B3,32
Lower Shelve,F3-PZ04-A08-R01-PL,
Lower Shelve,F3-PZ04-A08-R02-A1,48
Lower Shelve,F3-PZ04-A08-R02-A2,48
Lower Shelve,F3-PZ04-A08-R02-A3,48
Upper Shelve,F3-PZ04-A08-R02-B1,32
Upper Shelve,F3-PZ04-A08-R02-B2,32
Upper Shelve,F3-PZ04-A08-R02-B3,32
Upper Shelve,F3-PZ04-A08-R02-B4,32
Lower Shelve,F3-PZ04-A08-R03-A1,48
Lower Shelve,F3-PZ04-A08-R03-A2,48
Upper Shelve,F3-PZ04-A08-R03-B1,32
Upper Shelve,F3-PZ04-A08-R03-B2,32
Upper Shelve,F3-PZ04-A08-R03-B3,32
Lower Shelve,F3-PZ04-A09-R01-A1,48
Lower Shelve,F3-PZ04-A09-R01-A2,48
Upper Shelve,F3-PZ04-A09-R01-B1,32
Upper Shelve,F3-PZ04-A09-R01-B2,32
Upper Shelve,F3-PZ04-A09-R01-B3,32
Lower Shelve,F3-PZ04-A09-R01-PL,
Lower Shelve,F3-PZ04-A09-R02-A1,48
Lower Shelve,F3-PZ04-A09-R02-A2,48
Upper Shelve,F3-PZ04-A09-R02-B1,32
Upper Shelve,F3-PZ04-A09-R02-B2,32
Upper Shelve,F3-PZ04-A09-R02-B3,32
Lower Shelve,F3-PZ04-A09-R03-A1,48
Lower Shelve,F3-PZ04-A09-R03-A2,48
Lower Shelve,F3-PZ04-A09-R03-A3,48
Upper Shelve,F3-PZ04-A09-R03-B1,32
Upper Shelve,F3-PZ04-A09-R03-B2,32
Upper Shelve,F3-PZ04-A09-R03-B3,32
Upper Shelve,F3-PZ04-A09-R03-B4,32
Lower Shelve,F3-PZ04-A09-R04-A1,48
Lower Shelve,F3-PZ04-A09-R04-A2,48
Lower Shelve,F3-PZ04-A09-R04-A3,48
Upper Shelve,F3-PZ04-A09-R04-B1,32
Upper Shelve,F3-PZ04-A09-R04-B2,32
Upper Shelve,F3-PZ04-A09-R04-B3,32
Upper Shelve,F3-PZ04-A09-R04-B4,32
Lower Shelve,F3-PZ04-A09-R05-A1,48
Lower Shelve,F3-PZ04-A09-R05-A2,48
Lower Shelve,F3-PZ04-A09-R05-A3,48
Upper Shelve,F3-PZ04-A09-R05-B1,32
Upper Shelve,F3-PZ04-A09-R05-B2,32
Upper Shelve,F3-PZ04-A09-R05-B3,32
Upper Shelve,F3-PZ04-A09-R05-B4,32
Lower Shelve,F3-PZ04-A09-R06-A1,48
Lower Shelve,F3-PZ04-A09-R06-A2,48
Lower Shelve,F3-PZ04-A09-R06-A3,48
Upper Shelve,F3-PZ04-A09-R06-B1,32
Upper Shelve,F3-PZ04-A09-R06-B2,32
Upper Shelve,F3-PZ04-A09-R06-B3,32
Upper Shelve,F3-PZ04-A09-R06-B4,32
Lower Shelve,F3-PZ04-A09-R07-A1,48
Lower Shelve,F3-PZ04-A09-R07-A2,48
Lower Shelve,F3-PZ04-A09-R07-A3,48
Upper Shelve,F3-PZ04-A09-R07-B1,32
Upper Shelve,F3-PZ04-A09-R07-B2,32
Upper Shelve,F3-PZ04-A09-R07-B3,32
Upper Shelve,F3-PZ04-A09-R07-B4,32
Lower Shelve,F3-PZ04-A09-R08-A1,48
Lower Shelve,F3-PZ04-A09-R08-A2,48
Lower Shelve,F3-PZ04-A09-R08-A3,48
Upper Shelve,F3-PZ04-A09-R08-B1,32
Upper Shelve,F3-PZ04-A09-R08-B2,32
Upper Shelve,F3-PZ04-A09-R08-B3,32
Upper Shelve,F3-PZ04-A09-R08-B4,32
Lower Shelve,F3-PZ04-A10-R01-A1,48
Lower Shelve,F3-PZ04-A10-R01-A2,48
Upper Shelve,F3-PZ04-A10-R01-B1,32
Upper Shelve,F3-PZ04-A10-R01-B2,32
Upper Shelve,F3-PZ04-A10-R01-B3,32
Lower Shelve,F3-PZ04-A10-R01-PL,
Lower Shelve,F3-PZ04-A10-R02-A1,48
Lower Shelve,F3-PZ04-A10-R02-A2,48
Upper Shelve,F3-PZ04-A10-R02-B1,32
Upper Shelve,F3-PZ04-A10-R02-B2,32
Upper Shelve,F3-PZ04-A10-R02-B3,32
Lower Shelve,F3-PZ04-A10-R03-A1,48
Lower Shelve,F3-PZ04-A10-R03-A2,48
Lower Shelve,F3-PZ04-A10-R03-A3,48
Upper Shelve,F3-PZ04-A10-R03-B1,32
Upper Shelve,F3-PZ04-A10-R03-B2,32
Upper Shelve,F3-PZ04-A10-R03-B3,32
Upper Shelve,F3-PZ04-A10-R03-B4,32
Lower Shelve,F3-PZ04-A10-R04-A1,48
Lower Shelve,F3-PZ04-A10-R04-A2,48
Lower Shelve,F3-PZ04-A10-R04-A3,48
Upper Shelve,F3-PZ04-A10-R04-B1,32
Upper Shelve,F3-PZ04-A10-R04-B2,32
Upper Shelve,F3-PZ04-A10-R04-B3,32
Upper Shelve,F3-PZ04-A10-R04-B4,32
Lower Shelve,F3-PZ04-A10-R05-A1,48
Lower Shelve,F3-PZ04-A10-R05-A2,48
Lower Shelve,F3-PZ04-A10-R05-A3,48
Upper Shelve,F3-PZ04-A10-R05-B1,32
Upper Shelve,F3-PZ04-A10-R05-B2,32
Upper Shelve,F3-PZ04-A10-R05-B3,32
Upper Shelve,F3-PZ04-A10-R05-B4,32
Lower Shelve,F3-PZ04-A10-R06-A1,48
Lower Shelve,F3-PZ04-A10-R06-A2,48
Lower Shelve,F3-PZ04-A10-R06-A3,48
Upper Shelve,F3-PZ04-A10-R06-B1,32
Upper Shelve,F3-PZ04-A10-R06-B2,32
Upper Shelve,F3-PZ04-A10-R06-B3,32
Upper Shelve,F3-PZ04-A10-R06-B4,32
Lower Shelve,F3-PZ04-A10-R07-A1,48
Lower Shelve,F3-PZ04-A10-R07-A2,48
Lower Shelve,F3-PZ04-A10-R07-A3,48
Upper Shelve,F3-PZ04-A10-R07-B1,32
Upper Shelve,F3-PZ04-A10-R07-B2,32
Upper Shelve,F3-PZ04-A10-R07-B3,32
Upper Shelve,F3-PZ04-A10-R07-B4,32
Lower Shelve,F3-PZ04-A10-R08-A1,48
Lower Shelve,F3-PZ04-A10-R08-A2,48
Lower Shelve,F3-PZ04-A10-R08-A3,48
Upper Shelve,F3-PZ04-A10-R08-B1,32
Upper Shelve,F3-PZ04-A10-R08-B2,32
Upper Shelve,F3-PZ04-A10-R08-B3,32
Upper Shelve,F3-PZ04-A10-R08-B4,32
Lower Shelve,F3-PZ04-A11-R01-A1,48
Lower Shelve,F3-PZ04-A11-R01-A2,48
Lower Shelve,F3-PZ04-A11-R01-A3,48
Upper Shelve,F3-PZ04-A11-R01-B1,32
Upper Shelve,F3-PZ04-A11-R01-B2,32
Upper Shelve,F3-PZ04-A11-R01-B3,32
Upper Shelve,F3-PZ04-A11-R01-B4,32
Lower Shelve,F3-PZ04-A11-R01-PL,
Lower Shelve,F3-PZ04-A11-R02-A1,48
Lower Shelve,F3-PZ04-A11-R02-A2,48
Lower Shelve,F3-PZ04-A11-R02-A3,48
Upper Shelve,F3-PZ04-A11-R02-B1,32
Upper Shelve,F3-PZ04-A11-R02-B2,32
Upper Shelve,F3-PZ04-A11-R02-B3,32
Upper Shelve,F3-PZ04-A11-R02-B4,32
Lower Shelve,F3-PZ04-A11-R03-A1,48
Lower Shelve,F3-PZ04-A11-R03-A2,48
Upper Shelve,F3-PZ04-A11-R03-B1,32
Upper Shelve,F3-PZ04-A11-R03-B2,32
Upper Shelve,F3-PZ04-A11-R03-B3,32
Lower Shelve,F3-PZ04-A11-R04-A1,48
Lower Shelve,F3-PZ04-A11-R04-A2,48
Lower Shelve,F3-PZ04-A11-R04-A3,48
Upper Shelve,F3-PZ04-A11-R04-B1,32
Upper Shelve,F3-PZ04-A11-R04-B2,32
Upper Shelve,F3-PZ04-A11-R04-B3,32
Upper Shelve,F3-PZ04-A11-R04-B4,32
Lower Shelve,F3-PZ04-A11-R05-A1,48
Lower Shelve,F3-PZ04-A11-R05-A2,48
Lower Shelve,F3-PZ04-A11-R05-A3,48
Upper Shelve,F3-PZ04-A11-R05-B1,32
Upper Shelve,F3-PZ04-A11-R05-B2,32
Upper Shelve,F3-PZ04-A11-R05-B3,32
Upper Shelve,F3-PZ04-A11-R05-B4,32
Lower Shelve,F3-PZ04-A11-R06-A1,48
Lower Shelve,F3-PZ04-A11-R06-A2,48
Lower Shelve,F3-PZ04-A11-R06-A3,48
Upper Shelve,F3-PZ04-A11-R06-B1,32
Upper Shelve,F3-PZ04-A11-R06-B2,32
Upper Shelve,F3-PZ04-A11-R06-B3,32
Upper Shelve,F3-PZ04-A11-R06-B4,32
Lower Shelve,F3-PZ04-A11-R07-A1,48
Lower Shelve,F3-PZ04-A11-R07-A2,48
Lower Shelve,F3-PZ04-A11-R07-A3,48
Upper Shelve,F3-PZ04-A11-R07-B1,32
Upper Shelve,F3-PZ04-A11-R07-B2,32
Upper Shelve,F3-PZ04-A11-R07-B3,32
Upper Shelve,F3-PZ04-A11-R07-B4,32
Lower Shelve,F3-PZ04-A11-R08-A1,48
Lower Shelve,F3-PZ04-A11-R08-A2,48
Lower Shelve,F3-PZ04-A11-R08-A3,48
Upper Shelve,F3-PZ04-A11-R08-B1,32
Upper Shelve,F3-PZ04-A11-R08-B2,32
Upper Shelve,F3-PZ04-A11-R08-B3,32
Upper Shelve,F3-PZ04-A11-R08-B4,32
Lower Shelve,F3-PZ04-A11-R09-A1,48
Lower Shelve,F3-PZ04-A11-R09-A2,48
Lower Shelve,F3-PZ04-A11-R09-A3,48
Upper Shelve,F3-PZ04-A11-R09-B1,32
Upper Shelve,F3-PZ04-A11-R09-B2,32
Upper Shelve,F3-PZ04-A11-R09-B3,32
Upper Shelve,F3-PZ04-A11-R09-B4,32
Lower Shelve,F3-PZ04-A12-R01-A1,48
Lower Shelve,F3-PZ04-A12-R01-A2,48
Lower Shelve,F3-PZ04-A12-R01-A3,48
Upper Shelve,F3-PZ04-A12-R01-B1,32
Upper Shelve,F3-PZ04-A12-R01-B2,32
Upper Shelve,F3-PZ04-A12-R01-B3,32
Upper Shelve,F3-PZ04-A12-R01-B4,32
Lower Shelve,F3-PZ04-A12-R01-PL,
Lower Shelve,F3-PZ04-A12-R02-A1,48
Lower Shelve,F3-PZ04-A12-R02-A2,48
Lower Shelve,F3-PZ04-A12-R02-A3,48
Upper Shelve,F3-PZ04-A12-R02-B1,32
Upper Shelve,F3-PZ04-A12-R02-B2,32
Upper Shelve,F3-PZ04-A12-R02-B3,32
Upper Shelve,F3-PZ04-A12-R02-B4,32
Lower Shelve,F3-PZ04-A12-R03-A1,48
Lower Shelve,F3-PZ04-A12-R03-A2,48
Lower Shelve,F3-PZ04-A12-R03-A3,48
Upper Shelve,F3-PZ04-A12-R03-B1,32
Upper Shelve,F3-PZ04-A12-R03-B2,32
Upper Shelve,F3-PZ04-A12-R03-B3,32
Upper Shelve,F3-PZ04-A12-R03-B4,32
Lower Shelve,F3-PZ04-A12-R04-A1,48
Lower Shelve,F3-PZ04-A12-R04-A2,48
Lower Shelve,F3-PZ04-A12-R04-A3,48
Upper Shelve,F3-PZ04-A12-R04-B1,32
Upper Shelve,F3-PZ04-A12-R04-B2,32
Upper Shelve,F3-PZ04-A12-R04-B3,32
Upper Shelve,F3-PZ04-A12-R04-B4,32
Lower Shelve,F3-PZ04-A12-R05-A1,48
Lower Shelve,F3-PZ04-A12-R05-A2,48
Lower Shelve,F3-PZ04-A12-R05-A3,48
Upper Shelve,F3-PZ04-A12-R05-B1,32
Upper Shelve,F3-PZ04-A12-R05-B2,32
Upper Shelve,F3-PZ04-A12-R05-B3,32
Upper Shelve,F3-PZ04-A12-R05-B4,32
Lower Shelve,F3-PZ04-A12-R06-A1,48
Lower Shelve,F3-PZ04-A12-R06-A2,48
Lower Shelve,F3-PZ04-A12-R06-A3,48
Upper Shelve,F3-PZ04-A12-R06-B1,32
Upper Shelve,F3-PZ04-A12-R06-B2,32
Upper Shelve,F3-PZ04-A12-R06-B3,32
Upper Shelve,F3-PZ04-A12-R06-B4,32
Lower Shelve,F3-PZ04-A12-R07-A1,48
Lower Shelve,F3-PZ04-A12-R07-A2,48
Lower Shelve,F3-PZ04-A12-R07-A3,48
Upper Shelve,F3-PZ04-A12-R07-B1,32
Upper Shelve,F3-PZ04-A12-R07-B2,32
Upper Shelve,F3-PZ04-A12-R07-B3,32
Upper Shelve,F3-PZ04-A12-R07-B4,32
Lower Shelve,F3-PZ04-A12-R08-A1,48
Lower Shelve,F3-PZ04-A12-R08-A2,48
Lower Shelve,F3-PZ04-A12-R08-A3,48
Upper Shelve,F3-PZ04-A12-R08-B1,32
Upper Shelve,F3-PZ04-A12-R08-B2,32
Upper Shelve,F3-PZ04-A12-R08-B3,32
Upper Shelve,F3-PZ04-A12-R08-B4,32
Lower Shelve,F3-PZ04-A12-R09-A1,48
Lower Shelve,F3-PZ04-A12-R09-A2,48
Lower Shelve,F3-PZ04-A12-R09-A3,48
Upper Shelve,F3-PZ04-A12-R09-B1,32
Upper Shelve,F3-PZ04-A12-R09-B2,32
Upper Shelve,F3-PZ04-A12-R09-B3,32
Upper Shelve,F3-PZ04-A12-R09-B4,32
Lower Shelve,F3-PZ04-A12-R09-E1,48
Lower Shelve,F3-PZ04-A12-R10-A1,48
Lower Shelve,F3-PZ04-A12-R10-A2,48
Lower Shelve,F3-PZ04-A12-R10-A3,48
Upper Shelve,F3-PZ04-A12-R10-B1,32
Upper Shelve,F3-PZ04-A12-R10-B2,32
Upper Shelve,F3-PZ04-A12-R10-B3,32
Upper Shelve,F3-PZ04-A12-R10-B4,32
Lower Shelve,F3-PZ04-A13-R01-A1,48
Lower Shelve,F3-PZ04-A13-R01-A2,48
Lower Shelve,F3-PZ04-A13-R01-A3,48
Upper Shelve,F3-PZ04-A13-R01-B1,32
Upper Shelve,F3-PZ04-A13-R01-B2,32
Upper Shelve,F3-PZ04-A13-R01-B3,32
Upper Shelve,F3-PZ04-A13-R01-B4,32
Lower Shelve,F3-PZ04-A13-R01-PL,
Lower Shelve,F3-PZ04-A13-R02-A1,48
Lower Shelve,F3-PZ04-A13-R02-A2,48
Lower Shelve,F3-PZ04-A13-R02-A3,48
Upper Shelve,F3-PZ04-A13-R02-B1,32
Upper Shelve,F3-PZ04-A13-R02-B2,32
Upper Shelve,F3-PZ04-A13-R02-B3,32
Upper Shelve,F3-PZ04-A13-R02-B4,32
Lower Shelve,F3-PZ04-A13-R03-A1,48
Lower Shelve,F3-PZ04-A13-R03-A2,48
Lower Shelve,F3-PZ04-A13-R03-A3,48
Upper Shelve,F3-PZ04-A13-R03-B1,32
Upper Shelve,F3-PZ04-A13-R03-B2,32
Upper Shelve,F3-PZ04-A13-R03-B3,32
Upper Shelve,F3-PZ04-A13-R03-B4,32
Lower Shelve,F3-PZ04-A13-R04-A1,48
Lower Shelve,F3-PZ04-A13-R04-A2,48
Lower Shelve,F3-PZ04-A13-R04-A3,48
Upper Shelve,F3-PZ04-A13-R04-B1,32
Upper Shelve,F3-PZ04-A13-R04-B2,32
Upper Shelve,F3-PZ04-A13-R04-B3,32
Upper Shelve,F3-PZ04-A13-R04-B4,32
Lower Shelve,F3-PZ04-A13-R05-A1,48
Lower Shelve,F3-PZ04-A13-R05-A2,48
Lower Shelve,F3-PZ04-A13-R05-A3,48
Upper Shelve,F3-PZ04-A13-R05-B1,32
Upper Shelve,F3-PZ04-A13-R05-B2,32
Upper Shelve,F3-PZ04-A13-R05-B3,32
Upper Shelve,F3-PZ04-A13-R05-B4,32
Lower Shelve,F3-PZ04-A13-R06-A1,48
Lower Shelve,F3-PZ04-A13-R06-A2,48
Lower Shelve,F3-PZ04-A13-R06-A3,48
Upper Shelve,F3-PZ04-A13-R06-B1,32
Upper Shelve,F3-PZ04-A13-R06-B2,32
Upper Shelve,F3-PZ04-A13-R06-B3,32
Upper Shelve,F3-PZ04-A13-R06-B4,32
Lower Shelve,F3-PZ04-A13-R07-A1,48
Lower Shelve,F3-PZ04-A13-R07-A2,48
Lower Shelve,F3-PZ04-A13-R07-A3,48
Upper Shelve,F3-PZ04-A13-R07-B1,32
Upper Shelve,F3-PZ04-A13-R07-B2,32
Upper Shelve,F3-PZ04-A13-R07-B3,32
Upper Shelve,F3-PZ04-A13-R07-B4,32
Lower Shelve,F3-PZ04-A13-R08-A1,48
Lower Shelve,F3-PZ04-A13-R08-A2,48
Lower Shelve,F3-PZ04-A13-R08-A3,48
Upper Shelve,F3-PZ04-A13-R08-B1,32
Upper Shelve,F3-PZ04-A13-R08-B2,32
Upper Shelve,F3-PZ04-A13-R08-B3,32
Upper Shelve,F3-PZ04-A13-R08-B4,32
Lower Shelve,F3-PZ04-A13-R09-A1,48
Lower Shelve,F3-PZ04-A13-R09-A2,48
Lower Shelve,F3-PZ04-A13-R09-A3,48
Upper Shelve,F3-PZ04-A13-R09-B1,32
Upper Shelve,F3-PZ04-A13-R09-B2,32
Upper Shelve,F3-PZ04-A13-R09-B3,32
Upper Shelve,F3-PZ04-A13-R09-B4,32
Lower Shelve,F3-PZ04-A13-R10-A1,48
Lower Shelve,F3-PZ04-A13-R10-A2,48
Lower Shelve,F3-PZ04-A13-R10-A3,48
Upper Shelve,F3-PZ04-A13-R10-B1,32
Upper Shelve,F3-PZ04-A13-R10-B2,32
Upper Shelve,F3-PZ04-A13-R10-B3,32
Upper Shelve,F3-PZ04-A13-R10-B4,32
Lower Shelve,F3-PZ04-A14-R01-A1,48
Lower Shelve,F3-PZ04-A14-R01-A2,48
Lower Shelve,F3-PZ04-A14-R01-A3,48
Upper Shelve,F3-PZ04-A14-R01-B1,32
Upper Shelve,F3-PZ04-A14-R01-B2,32
Upper Shelve,F3-PZ04-A14-R01-B3,32
Upper Shelve,F3-PZ04-A14-R01-B4,32
Lower Shelve,F3-PZ04-A14-R01-PL,
Lower Shelve,F3-PZ04-A14-R02-A1,48
Lower Shelve,F3-PZ04-A14-R02-A2,48
Lower Shelve,F3-PZ04-A14-R02-A3,48
Upper Shelve,F3-PZ04-A14-R02-B1,32
Upper Shelve,F3-PZ04-A14-R02-B2,32
Upper Shelve,F3-PZ04-A14-R02-B3,32
Upper Shelve,F3-PZ04-A14-R02-B4,32
Lower Shelve,F3-PZ04-A14-R03-A1,48
Lower Shelve,F3-PZ04-A14-R03-A2,48
Lower Shelve,F3-PZ04-A14-R03-A3,48
Upper Shelve,F3-PZ04-A14-R03-B1,32
Upper Shelve,F3-PZ04-A14-R03-B2,32
Upper Shelve,F3-PZ04-A14-R03-B3,32
Upper Shelve,F3-PZ04-A14-R03-B4,32
Lower Shelve,F3-PZ04-A14-R04-A1,48
Lower Shelve,F3-PZ04-A14-R04-A2,48
Lower Shelve,F3-PZ04-A14-R04-A3,48
Upper Shelve,F3-PZ04-A14-R04-B1,32
Upper Shelve,F3-PZ04-A14-R04-B2,32
Upper Shelve,F3-PZ04-A14-R04-B3,32
Upper Shelve,F3-PZ04-A14-R04-B4,32
Lower Shelve,F3-PZ04-A14-R05-A1,48
Lower Shelve,F3-PZ04-A14-R05-A2,48
Lower Shelve,F3-PZ04-A14-R05-A3,48
Upper Shelve,F3-PZ04-A14-R05-B1,32
Upper Shelve,F3-PZ04-A14-R05-B2,32
Upper Shelve,F3-PZ04-A14-R05-B3,32
Upper Shelve,F3-PZ04-A14-R05-B4,32
Lower Shelve,F3-PZ04-A14-R06-A1,48
Lower Shelve,F3-PZ04-A14-R06-A2,48
Lower Shelve,F3-PZ04-A14-R06-A3,48
Upper Shelve,F3-PZ04-A14-R06-B1,32
Upper Shelve,F3-PZ04-A14-R06-B2,32
Upper Shelve,F3-PZ04-A14-R06-B3,32
Upper Shelve,F3-PZ04-A14-R06-B4,32
Lower Shelve,F3-PZ04-A14-R07-A1,48
Lower Shelve,F3-PZ04-A14-R07-A2,48
Lower Shelve,F3-PZ04-A14-R07-A3,48
Upper Shelve,F3-PZ04-A14-R07-B1,32
Upper Shelve,F3-PZ04-A14-R07-B2,32
Upper Shelve,F3-PZ04-A14-R07-B3,32
Upper Shelve,F3-PZ04-A14-R07-B4,32
Lower Shelve,F3-PZ04-A14-R08-A1,48
Lower Shelve,F3-PZ04-A14-R08-A2,48
Lower Shelve,F3-PZ04-A14-R08-A3,48
Upper Shelve,F3-PZ04-A14-R08-B1,32
Upper Shelve,F3-PZ04-A14-R08-B2,32
Upper Shelve,F3-PZ04-A14-R08-B3,32
Upper Shelve,F3-PZ04-A14-R08-B4,32
Lower Shelve,F3-PZ04-A14-R09-A1,48
Lower Shelve,F3-PZ04-A14-R09-A2,48
Lower Shelve,F3-PZ04-A14-R09-A3,48
Upper Shelve,F3-PZ04-A14-R09-B1,32
Upper Shelve,F3-PZ04-A14-R09-B2,32
Upper Shelve,F3-PZ04-A14-R09-B3,32
Upper Shelve,F3-PZ04-A14-R09-B4,32
Lower Shelve,F3-PZ04-A15-R01-A1,48
Lower Shelve,F3-PZ04-A15-R01-A2,48
Lower Shelve,F3-PZ04-A15-R01-A3,48
Upper Shelve,F3-PZ04-A15-R01-B1,32
Upper Shelve,F3-PZ04-A15-R01-B2,32
Upper Shelve,F3-PZ04-A15-R01-B3,32
Upper Shelve,F3-PZ04-A15-R01-B4,32
Lower Shelve,F3-PZ04-A15-R01-PL,
Lower Shelve,F3-PZ04-A15-R01-PL1,
Lower Shelve,F3-PZ04-A15-R02-A1,48
Lower Shelve,F3-PZ04-A15-R02-A2,48
Lower Shelve,F3-PZ04-A15-R02-A3,48
Upper Shelve,F3-PZ04-A15-R02-B1,32
Upper Shelve,F3-PZ04-A15-R02-B2,32
Upper Shelve,F3-PZ04-A15-R02-B3,32
Upper Shelve,F3-PZ04-A15-R02-B4,32
Lower Shelve,F3-PZ04-A15-R02-PL2,
Lower Shelve,F3-PZ04-A15-R03-A1,48
Lower Shelve,F3-PZ04-A15-R03-A2,48
Lower Shelve,F3-PZ04-A15-R03-A3,48
Upper Shelve,F3-PZ04-A15-R03-B1,32
Upper Shelve,F3-PZ04-A15-R03-B2,32
Upper Shelve,F3-PZ04-A15-R03-B3,32
Upper Shelve,F3-PZ04-A15-R03-B4,32
Lower Shelve,F3-PZ04-A15-R03-PL3,
Lower Shelve,F3-PZ04-A15-R04-A1,48
Lower Shelve,F3-PZ04-A15-R04-A2,48
Lower Shelve,F3-PZ04-A15-R04-A3,48
Upper Shelve,F3-PZ04-A15-R04-B1,32
Upper Shelve,F3-PZ04-A15-R04-B2,32
Upper Shelve,F3-PZ04-A15-R04-B3,32
Upper Shelve,F3-PZ04-A15-R04-B4,32
Lower Shelve,F3-PZ04-A15-R04-PL4,
Lower Shelve,F3-PZ04-A15-R05-A1,48
Lower Shelve,F3-PZ04-A15-R05-A2,48
Lower Shelve,F3-PZ04-A15-R05-A3,48
Upper Shelve,F3-PZ04-A15-R05-B1,32
Upper Shelve,F3-PZ04-A15-R05-B2,32
Upper Shelve,F3-PZ04-A15-R05-B3,32
Upper Shelve,F3-PZ04-A15-R05-B4,32
Lower Shelve,F3-PZ04-A15-R05-PL5,
Lower Shelve,F3-PZ04-A15-R06-A1,48
Lower Shelve,F3-PZ04-A15-R06-A2,48
Lower Shelve,F3-PZ04-A15-R06-A3,48
Upper Shelve,F3-PZ04-A15-R06-B1,32
Upper Shelve,F3-PZ04-A15-R06-B2,32
Upper Shelve,F3-PZ04-A15-R06-B3,32
Upper Shelve,F3-PZ04-A15-R06-B4,32
Lower Shelve,F3-PZ04-A15-R06-PL6,
Lower Shelve,F3-PZ04-A15-R07-PL7,
Lower Shelve,F3-PZ04-A15-R08-PL10,
Lower Shelve,F3-PZ04-A15-R08-PL8,
Lower Shelve,F3-PZ04-A15-R08-PL9,
Lower Shelve,F3-PZ04-A16-R01-PL,
LSS Location,F4-PZ01-A01-R01-A1,7.9
LSS Location,F4-PZ01-A01-R01-A2,7.9
LSS Location,F4-PZ01-A01-R01-A3,7.9
LSS Location,F4-PZ01-A01-R01-A4,7.9
LSS Location,F4-PZ01-A01-R01-A5,7.9
LSS Location,F4-PZ01-A01-R01-A6,7.9
LSS Location,F4-PZ01-A01-R01-A7,7.9
LSS Location,F4-PZ01-A01-R01-B1,7.9
LSS Location,F4-PZ01-A01-R01-B2,7.9
LSS Location,F4-PZ01-A01-R01-B3,7.9
LSS Location,F4-PZ01-A01-R01-B4,7.9
LSS Location,F4-PZ01-A01-R01-B5,7.9
LSS Location,F4-PZ01-A01-R01-B6,7.9
LSS Location,F4-PZ01-A01-R01-B7,7.9
LSS Location,F4-PZ01-A01-R01-C1,7.9
LSS Location,F4-PZ01-A01-R01-C2,7.9
LSS Location,F4-PZ01-A01-R01-C3,7.9
LSS Location,F4-PZ01-A01-R01-C4,7.9
LSS Location,F4-PZ01-A01-R01-C5,7.9
LSS Location,F4-PZ01-A01-R01-C6,7.9
LSS Location,F4-PZ01-A01-R01-C7,7.9
LSS Location,F4-PZ01-A01-R01-D1,7.9
LSS Location,F4-PZ01-A01-R01-D2,7.9
LSS Location,F4-PZ01-A01-R01-D3,7.9
LSS Location,F4-PZ01-A01-R01-D4,7.9
LSS Location,F4-PZ01-A01-R01-D5,7.9
Bulk Location,F4-PZ01-A01-R01-PL1,60
Bulk Location,F4-PZ01-A01-R01-PL2,60
LSS Location,F4-PZ01-A01-R02-A1,7.9
LSS Location,F4-PZ01-A01-R02-A2,7.9
LSS Location,F4-PZ01-A01-R02-A3,7.9
LSS Location,F4-PZ01-A01-R02-A4,7.9
LSS Location,F4-PZ01-A01-R02-A5,7.9
LSS Location,F4-PZ01-A01-R02-A6,7.9
LSS Location,F4-PZ01-A01-R02-A7,7.9
LSS Location,F4-PZ01-A01-R02-A7~,7.9
LSS Location,F4-PZ01-A01-R02-B1,7.9
LSS Location,F4-PZ01-A01-R02-B2,7.9
LSS Location,F4-PZ01-A01-R02-B3,7.9
LSS Location,F4-PZ01-A01-R02-B4,7.9
LSS Location,F4-PZ01-A01-R02-B5,7.9
LSS Location,F4-PZ01-A01-R02-B6,7.9
LSS Location,F4-PZ01-A01-R02-B7,7.9
LSS Location,F4-PZ01-A01-R02-C1,7.9
LSS Location,F4-PZ01-A01-R02-C2,7.9
LSS Location,F4-PZ01-A01-R02-C3,7.9
LSS Location,F4-PZ01-A01-R02-C4,7.9
LSS Location,F4-PZ01-A01-R02-C5,7.9
LSS Location,F4-PZ01-A01-R02-C6,7.9
LSS Location,F4-PZ01-A01-R02-C7,7.9
LSS Location,F4-PZ01-A01-R02-D1,7.9
LSS Location,F4-PZ01-A01-R02-D2,7.9
LSS Location,F4-PZ01-A01-R02-D3,7.9
LSS Location,F4-PZ01-A01-R02-D4,7.9
LSS Location,F4-PZ01-A01-R02-D5,7.9
LSS Location,F4-PZ01-A01-R03-A1,7.9
LSS Location,F4-PZ01-A01-R03-A2,7.9
LSS Location,F4-PZ01-A01-R03-A3,7.9
LSS Location,F4-PZ01-A01-R03-A4,7.9
LSS Location,F4-PZ01-A01-R03-A5,7.9
LSS Location,F4-PZ01-A01-R03-A6,7.9
LSS Location,F4-PZ01-A01-R03-A7,7.9
LSS Location,F4-PZ01-A01-R03-B1,7.9
LSS Location,F4-PZ01-A01-R03-B2,7.9
LSS Location,F4-PZ01-A01-R03-B3,7.9
LSS Location,F4-PZ01-A01-R03-B4,7.9
LSS Location,F4-PZ01-A01-R03-B5,7.9
LSS Location,F4-PZ01-A01-R03-B6,7.9
LSS Location,F4-PZ01-A01-R03-B7,7.9
LSS Location,F4-PZ01-A01-R03-C1,7.9
LSS Location,F4-PZ01-A01-R03-C2,7.9
LSS Location,F4-PZ01-A01-R03-C3,7.9
LSS Location,F4-PZ01-A01-R03-C4,7.9
LSS Location,F4-PZ01-A01-R03-C5,7.9
LSS Location,F4-PZ01-A01-R03-C6,7.9
LSS Location,F4-PZ01-A01-R03-C7,7.9
LSS Location,F4-PZ01-A01-R03-D1,7.9
LSS Location,F4-PZ01-A01-R03-D2,7.9
LSS Location,F4-PZ01-A01-R03-D3,7.9
LSS Location,F4-PZ01-A01-R03-D4,7.9
LSS Location,F4-PZ01-A01-R03-D5,7.9
LSS Location,F4-PZ01-A01-R04-A1,7.9
LSS Location,F4-PZ01-A01-R04-A2,7.9
LSS Location,F4-PZ01-A01-R04-A3,7.9
LSS Location,F4-PZ01-A01-R04-A4,7.9
LSS Location,F4-PZ01-A01-R04-A5,7.9
LSS Location,F4-PZ01-A01-R04-A6,7.9
LSS Location,F4-PZ01-A01-R04-A7,7.9
LSS Location,F4-PZ01-A01-R04-B1,7.9
LSS Location,F4-PZ01-A01-R04-B2,7.9
LSS Location,F4-PZ01-A01-R04-B3,7.9
LSS Location,F4-PZ01-A01-R04-B4,7.9
LSS Location,F4-PZ01-A01-R04-B5,7.9
LSS Location,F4-PZ01-A01-R04-B6,7.9
LSS Location,F4-PZ01-A01-R04-B7,7.9
LSS Location,F4-PZ01-A01-R04-C1,7.9
LSS Location,F4-PZ01-A01-R04-C2,7.9
LSS Location,F4-PZ01-A01-R04-C3,7.9
LSS Location,F4-PZ01-A01-R04-C4,7.9
LSS Location,F4-PZ01-A01-R04-C5,7.9
LSS Location,F4-PZ01-A01-R04-C6,7.9
LSS Location,F4-PZ01-A01-R04-C7,7.9
LSS Location,F4-PZ01-A01-R04-D1,7.9
LSS Location,F4-PZ01-A01-R04-D2,7.9
LSS Location,F4-PZ01-A01-R04-D3,7.9
LSS Location,F4-PZ01-A01-R04-D4,7.9
LSS Location,F4-PZ01-A01-R04-D5,7.9
LSS Location,F4-PZ01-A01-R05-A1,7.9
LSS Location,F4-PZ01-A01-R05-A2,7.9
LSS Location,F4-PZ01-A01-R05-A3,7.9
LSS Location,F4-PZ01-A01-R05-B1,7.9
LSS Location,F4-PZ01-A01-R05-B2,7.9
LSS Location,F4-PZ01-A01-R05-B4,7.9
LSS Location,F4-PZ01-A01-R06-A1,7.9
LSS Location,F4-PZ01-A01-R06-A2,7.9
LSS Location,F4-PZ01-A01-R06-A3,7.9
LSS Location,F4-PZ01-A01-R06-B1,7.9
LSS Location,F4-PZ01-A01-R06-B2,7.9
LSS Location,F4-PZ01-A01-R06-B3,7.9
LSS Location,F4-PZ01-A01-R06-B4,7.9
LSS Location,F4-PZ01-A01-R07-A1,7.9
LSS Location,F4-PZ01-A01-R07-A2,7.9
LSS Location,F4-PZ01-A01-R07-A3,7.9
LSS Location,F4-PZ01-A01-R07-B1,7.9
LSS Location,F4-PZ01-A01-R07-B2,7.9
LSS Location,F4-PZ01-A01-R07-B3,7.9
LSS Location,F4-PZ01-A01-R07-B4,7.9
LSS Location,F4-PZ01-A01-R08-A1,7.9
LSS Location,F4-PZ01-A01-R08-A2,7.9
LSS Location,F4-PZ01-A01-R08-A3,7.9
LSS Location,F4-PZ01-A01-R08-B1,7.9
LSS Location,F4-PZ01-A01-R08-B2,7.9
LSS Location,F4-PZ01-A01-R08-B3,7.9
LSS Location,F4-PZ01-A01-R08-B4,7.9
LSS Location,F4-PZ01-A01-R09-A1,7.9
LSS Location,F4-PZ01-A01-R09-A2,7.9
LSS Location,F4-PZ01-A01-R09-A3,7.9
LSS Location,F4-PZ01-A01-R09-B1,7.9
LSS Location,F4-PZ01-A01-R09-B2,7.9
LSS Location,F4-PZ01-A01-R09-B3,7.9
LSS Location,F4-PZ01-A01-R09-B4,7.9
LSS Location,F4-PZ01-A02-R01-A1,7.9
LSS Location,F4-PZ01-A02-R01-A2,7.9
LSS Location,F4-PZ01-A02-R01-A3,7.9
LSS Location,F4-PZ01-A02-R01-A4,7.9
LSS Location,F4-PZ01-A02-R01-A5,7.9
LSS Location,F4-PZ01-A02-R01-A6,7.9
LSS Location,F4-PZ01-A02-R01-A7,7.9
LSS Location,F4-PZ01-A02-R01-B1,7.9
LSS Location,F4-PZ01-A02-R01-B2,7.9
LSS Location,F4-PZ01-A02-R01-B3,7.9
LSS Location,F4-PZ01-A02-R01-B4,7.9
LSS Location,F4-PZ01-A02-R01-B5,7.9
LSS Location,F4-PZ01-A02-R01-B6,7.9
LSS Location,F4-PZ01-A02-R01-B7,7.9
LSS Location,F4-PZ01-A02-R01-C1,7.9
LSS Location,F4-PZ01-A02-R01-C2,7.9
LSS Location,F4-PZ01-A02-R01-C3,7.9
LSS Location,F4-PZ01-A02-R01-C4,7.9
LSS Location,F4-PZ01-A02-R01-C5,7.9
LSS Location,F4-PZ01-A02-R01-C6,7.9
LSS Location,F4-PZ01-A02-R01-C7,7.9
LSS Location,F4-PZ01-A02-R01-D1,7.9
LSS Location,F4-PZ01-A02-R01-D2,7.9
LSS Location,F4-PZ01-A02-R01-D3,7.9
LSS Location,F4-PZ01-A02-R01-D4,7.9
LSS Location,F4-PZ01-A02-R01-D5,7.9
LSS Location,F4-PZ01-A02-R02-A1,7.9
LSS Location,F4-PZ01-A02-R02-A2,7.9
LSS Location,F4-PZ01-A02-R02-A3,7.9
LSS Location,F4-PZ01-A02-R02-A4,7.9
LSS Location,F4-PZ01-A02-R02-A5,7.9
LSS Location,F4-PZ01-A02-R02-A6,7.9
LSS Location,F4-PZ01-A02-R02-A7,7.9
LSS Location,F4-PZ01-A02-R02-B1,7.9
LSS Location,F4-PZ01-A02-R02-B2,7.9
LSS Location,F4-PZ01-A02-R02-B3,7.9
LSS Location,F4-PZ01-A02-R02-B4,7.9
LSS Location,F4-PZ01-A02-R02-B5,7.9
LSS Location,F4-PZ01-A02-R02-B6,7.9
LSS Location,F4-PZ01-A02-R02-B7,7.9
LSS Location,F4-PZ01-A02-R02-C1,7.9
LSS Location,F4-PZ01-A02-R02-C2,7.9
LSS Location,F4-PZ01-A02-R02-C3,7.9
LSS Location,F4-PZ01-A02-R02-C4,7.9
LSS Location,F4-PZ01-A02-R02-C5,7.9
LSS Location,F4-PZ01-A02-R02-C6,7.9
LSS Location,F4-PZ01-A02-R02-C7,7.9
LSS Location,F4-PZ01-A02-R02-D1,7.9
LSS Location,F4-PZ01-A02-R02-D2,7.9
LSS Location,F4-PZ01-A02-R02-D3,7.9
LSS Location,F4-PZ01-A02-R02-D4,7.9
LSS Location,F4-PZ01-A02-R02-D5,7.9
LSS Location,F4-PZ01-A02-R03-A1,7.9
LSS Location,F4-PZ01-A02-R03-A2,7.9
LSS Location,F4-PZ01-A02-R03-A3,7.9
LSS Location,F4-PZ01-A02-R03-A4,7.9
LSS Location,F4-PZ01-A02-R03-A5,7.9
LSS Location,F4-PZ01-A02-R03-A6,7.9
LSS Location,F4-PZ01-A02-R03-A7,7.9
LSS Location,F4-PZ01-A02-R03-B1,7.9
LSS Location,F4-PZ01-A02-R03-B2,7.9
LSS Location,F4-PZ01-A02-R03-B3,7.9
LSS Location,F4-PZ01-A02-R03-B4,7.9
LSS Location,F4-PZ01-A02-R03-B5,7.9
LSS Location,F4-PZ01-A02-R03-B6,7.9
LSS Location,F4-PZ01-A02-R03-B7,7.9
LSS Location,F4-PZ01-A02-R03-C1,7.9
LSS Location,F4-PZ01-A02-R03-C2,7.9
LSS Location,F4-PZ01-A02-R03-C3,7.9
LSS Location,F4-PZ01-A02-R03-C4,7.9
LSS Location,F4-PZ01-A02-R03-C5,7.9
LSS Location,F4-PZ01-A02-R03-C6,7.9
LSS Location,F4-PZ01-A02-R03-C7,7.9
LSS Location,F4-PZ01-A02-R03-D1,7.9
LSS Location,F4-PZ01-A02-R03-D2,7.9
LSS Location,F4-PZ01-A02-R03-D3,7.9
LSS Location,F4-PZ01-A02-R03-D4,7.9
LSS Location,F4-PZ01-A02-R03-D5,7.9
LSS Location,F4-PZ01-A02-R04-A1,7.9
LSS Location,F4-PZ01-A02-R04-A2,7.9
LSS Location,F4-PZ01-A02-R04-A3,7.9
LSS Location,F4-PZ01-A02-R04-A4,7.9
LSS Location,F4-PZ01-A02-R04-A5,7.9
LSS Location,F4-PZ01-A02-R04-A6,7.9
LSS Location,F4-PZ01-A02-R04-A7,7.9
LSS Location,F4-PZ01-A02-R04-B1,7.9
LSS Location,F4-PZ01-A02-R04-B2,7.9
LSS Location,F4-PZ01-A02-R04-B3,7.9
LSS Location,F4-PZ01-A02-R04-B4,7.9
LSS Location,F4-PZ01-A02-R04-B5,7.9
LSS Location,F4-PZ01-A02-R04-B6,7.9
LSS Location,F4-PZ01-A02-R04-B7,7.9
LSS Location,F4-PZ01-A02-R04-C1,7.9
LSS Location,F4-PZ01-A02-R04-C2,7.9
LSS Location,F4-PZ01-A02-R04-C3,7.9
LSS Location,F4-PZ01-A02-R04-C4,7.9
LSS Location,F4-PZ01-A02-R04-C5,7.9
LSS Location,F4-PZ01-A02-R04-C6,7.9
LSS Location,F4-PZ01-A02-R04-C7,7.9
LSS Location,F4-PZ01-A02-R04-D1,7.9
LSS Location,F4-PZ01-A02-R04-D2,7.9
LSS Location,F4-PZ01-A02-R04-D3,7.9
LSS Location,F4-PZ01-A02-R04-D4,7.9
LSS Location,F4-PZ01-A02-R04-D5,7.9
LSS Location,F4-PZ01-A02-R05-A1,7.9
LSS Location,F4-PZ01-A02-R05-A2,7.9
LSS Location,F4-PZ01-A02-R05-A3,7.9
LSS Location,F4-PZ01-A02-R05-A4,7.9
LSS Location,F4-PZ01-A02-R05-A5,7.9
LSS Location,F4-PZ01-A02-R05-A6,7.9
LSS Location,F4-PZ01-A02-R05-A7,7.9
LSS Location,F4-PZ01-A02-R05-B1,7.9
LSS Location,F4-PZ01-A02-R05-B2,7.9
LSS Location,F4-PZ01-A02-R05-B3,7.9
LSS Location,F4-PZ01-A02-R05-B4,7.9
LSS Location,F4-PZ01-A02-R05-B5,7.9
LSS Location,F4-PZ01-A02-R05-B6,7.9
LSS Location,F4-PZ01-A02-R05-B7,7.9
LSS Location,F4-PZ01-A02-R05-C1,7.9
LSS Location,F4-PZ01-A02-R05-C2,7.9
LSS Location,F4-PZ01-A02-R05-C3,7.9
LSS Location,F4-PZ01-A02-R05-C4,7.9
LSS Location,F4-PZ01-A02-R05-C5,7.9
LSS Location,F4-PZ01-A02-R05-C6,7.9
LSS Location,F4-PZ01-A02-R05-C7,7.9
LSS Location,F4-PZ01-A02-R05-D1,7.9
LSS Location,F4-PZ01-A02-R05-D2,7.9
LSS Location,F4-PZ01-A02-R05-D3,7.9
LSS Location,F4-PZ01-A02-R05-D4,7.9
LSS Location,F4-PZ01-A02-R05-D5,7.9
LSS Location,F4-PZ01-A02-R06-A1,7.9
LSS Location,F4-PZ01-A02-R06-A2,7.9
LSS Location,F4-PZ01-A02-R06-A3,7.9
LSS Location,F4-PZ01-A02-R06-A4,7.9
LSS Location,F4-PZ01-A02-R06-A5,7.9
LSS Location,F4-PZ01-A02-R06-A6,7.9
LSS Location,F4-PZ01-A02-R06-A7,7.9
LSS Location,F4-PZ01-A02-R06-B1,7.9
LSS Location,F4-PZ01-A02-R06-B2,7.9
LSS Location,F4-PZ01-A02-R06-B3,7.9
LSS Location,F4-PZ01-A02-R06-B4,7.9
LSS Location,F4-PZ01-A02-R06-B5,7.9
LSS Location,F4-PZ01-A02-R06-B6,7.9
LSS Location,F4-PZ01-A02-R06-B7,7.9
LSS Location,F4-PZ01-A02-R06-C1,7.9
LSS Location,F4-PZ01-A02-R06-C2,7.9
LSS Location,F4-PZ01-A02-R06-C3,7.9
LSS Location,F4-PZ01-A02-R06-C4,7.9
LSS Location,F4-PZ01-A02-R06-C5,7.9
LSS Location,F4-PZ01-A02-R06-C6,7.9
LSS Location,F4-PZ01-A02-R06-C7,7.9
LSS Location,F4-PZ01-A02-R06-D1,7.9
LSS Location,F4-PZ01-A02-R06-D2,7.9
LSS Location,F4-PZ01-A02-R06-D3,7.9
LSS Location,F4-PZ01-A02-R06-D4,7.9
LSS Location,F4-PZ01-A02-R06-D5,7.9
LSS Location,F4-PZ01-A02-R07-A1,7.9
LSS Location,F4-PZ01-A02-R07-A2,7.9
LSS Location,F4-PZ01-A02-R07-A3,7.9
LSS Location,F4-PZ01-A02-R07-A4,7.9
LSS Location,F4-PZ01-A02-R07-A5,7.9
LSS Location,F4-PZ01-A02-R07-A6,7.9
LSS Location,F4-PZ01-A02-R07-A7,7.9
LSS Location,F4-PZ01-A02-R07-B1,7.9
LSS Location,F4-PZ01-A02-R07-B2,7.9
LSS Location,F4-PZ01-A02-R07-B3,7.9
LSS Location,F4-PZ01-A02-R07-B4,7.9
LSS Location,F4-PZ01-A02-R07-B5,7.9
LSS Location,F4-PZ01-A02-R07-B6,7.9
LSS Location,F4-PZ01-A02-R07-B7,7.9
LSS Location,F4-PZ01-A02-R07-C1,7.9
LSS Location,F4-PZ01-A02-R07-C2,7.9
LSS Location,F4-PZ01-A02-R07-C3,7.9
LSS Location,F4-PZ01-A02-R07-C4,7.9
LSS Location,F4-PZ01-A02-R07-C5,7.9
LSS Location,F4-PZ01-A02-R07-C6,7.9
LSS Location,F4-PZ01-A02-R07-C7,7.9
LSS Location,F4-PZ01-A02-R07-D1,7.9
LSS Location,F4-PZ01-A02-R07-D2,7.9
LSS Location,F4-PZ01-A02-R07-D3,7.9
LSS Location,F4-PZ01-A02-R07-D4,7.9
LSS Location,F4-PZ01-A02-R07-D5,7.9
LSS Location,F4-PZ01-A02-R08-A1,7.9
LSS Location,F4-PZ01-A02-R08-A2,7.9
LSS Location,F4-PZ01-A02-R08-A3,7.9
LSS Location,F4-PZ01-A02-R08-A4,7.9
LSS Location,F4-PZ01-A02-R08-A5,7.9
LSS Location,F4-PZ01-A02-R08-A6,7.9
LSS Location,F4-PZ01-A02-R08-A7,7.9
LSS Location,F4-PZ01-A02-R08-B1,7.9
LSS Location,F4-PZ01-A02-R08-B2,7.9
LSS Location,F4-PZ01-A02-R08-B3,7.9
LSS Location,F4-PZ01-A02-R08-B4,7.9
LSS Location,F4-PZ01-A02-R08-B5,7.9
LSS Location,F4-PZ01-A02-R08-B6,7.9
LSS Location,F4-PZ01-A02-R08-B7,7.9
LSS Location,F4-PZ01-A02-R08-C1,7.9
LSS Location,F4-PZ01-A02-R08-C2,7.9
LSS Location,F4-PZ01-A02-R08-C3,7.9
LSS Location,F4-PZ01-A02-R08-C4,7.9
LSS Location,F4-PZ01-A02-R08-C5,7.9
LSS Location,F4-PZ01-A02-R08-C6,7.9
LSS Location,F4-PZ01-A02-R08-C7,7.9
LSS Location,F4-PZ01-A02-R08-D1,7.9
LSS Location,F4-PZ01-A02-R08-D2,7.9
LSS Location,F4-PZ01-A02-R08-D3,7.9
LSS Location,F4-PZ01-A02-R08-D4,7.9
LSS Location,F4-PZ01-A02-R08-D5,7.9
LSS Location,F4-PZ01-A03-R01-A1,7.9
LSS Location,F4-PZ01-A03-R01-A2,7.9
LSS Location,F4-PZ01-A03-R01-A3,7.9
LSS Location,F4-PZ01-A03-R01-A4,7.9
LSS Location,F4-PZ01-A03-R01-A5,7.9
LSS Location,F4-PZ01-A03-R01-A6,7.9
LSS Location,F4-PZ01-A03-R01-A7,7.9
LSS Location,F4-PZ01-A03-R01-B1,7.9
LSS Location,F4-PZ01-A03-R01-B2,7.9
LSS Location,F4-PZ01-A03-R01-B3,7.9
LSS Location,F4-PZ01-A03-R01-B4,7.9
LSS Location,F4-PZ01-A03-R01-B5,7.9
LSS Location,F4-PZ01-A03-R01-B6,7.9
LSS Location,F4-PZ01-A03-R01-B7,7.9
LSS Location,F4-PZ01-A03-R01-C1,7.9
LSS Location,F4-PZ01-A03-R01-C2,7.9
LSS Location,F4-PZ01-A03-R01-C3,7.9
LSS Location,F4-PZ01-A03-R01-C4,7.9
LSS Location,F4-PZ01-A03-R01-C5,7.9
LSS Location,F4-PZ01-A03-R01-C6,7.9
LSS Location,F4-PZ01-A03-R01-C7,7.9
LSS Location,F4-PZ01-A03-R01-D1,7.9
LSS Location,F4-PZ01-A03-R01-D2,7.9
LSS Location,F4-PZ01-A03-R01-D3,7.9
LSS Location,F4-PZ01-A03-R01-D4,7.9
LSS Location,F4-PZ01-A03-R01-D5,7.9
LSS Location,F4-PZ01-A03-R02-A1,7.9
LSS Location,F4-PZ01-A03-R02-A2,7.9
LSS Location,F4-PZ01-A03-R02-A3,7.9
LSS Location,F4-PZ01-A03-R02-A4,7.9
LSS Location,F4-PZ01-A03-R02-A5,7.9
LSS Location,F4-PZ01-A03-R02-A6,7.9
LSS Location,F4-PZ01-A03-R02-A7,7.9
LSS Location,F4-PZ01-A03-R02-B1,7.9
LSS Location,F4-PZ01-A03-R02-B2,7.9
LSS Location,F4-PZ01-A03-R02-B3,7.9
LSS Location,F4-PZ01-A03-R02-B4,7.9
LSS Location,F4-PZ01-A03-R02-B5,7.9
LSS Location,F4-PZ01-A03-R02-B6,7.9
LSS Location,F4-PZ01-A03-R02-B7,7.9
LSS Location,F4-PZ01-A03-R02-C1,7.9
LSS Location,F4-PZ01-A03-R02-C2,7.9
LSS Location,F4-PZ01-A03-R02-C3,7.9
LSS Location,F4-PZ01-A03-R02-C4,7.9
LSS Location,F4-PZ01-A03-R02-C5,7.9
LSS Location,F4-PZ01-A03-R02-C6,7.9
LSS Location,F4-PZ01-A03-R02-C7,7.9
LSS Location,F4-PZ01-A03-R02-D1,7.9
LSS Location,F4-PZ01-A03-R02-D2,7.9
LSS Location,F4-PZ01-A03-R02-D3,7.9
LSS Location,F4-PZ01-A03-R02-D4,7.9
LSS Location,F4-PZ01-A03-R02-D5,7.9
LSS Location,F4-PZ01-A03-R03-A1,7.9
LSS Location,F4-PZ01-A03-R03-A2,7.9
LSS Location,F4-PZ01-A03-R03-A3,7.9
LSS Location,F4-PZ01-A03-R03-A4,7.9
LSS Location,F4-PZ01-A03-R03-A5,7.9
LSS Location,F4-PZ01-A03-R03-A6,7.9
LSS Location,F4-PZ01-A03-R03-A7,7.9
LSS Location,F4-PZ01-A03-R03-B1,7.9
LSS Location,F4-PZ01-A03-R03-B2,7.9
LSS Location,F4-PZ01-A03-R03-B3,7.9
LSS Location,F4-PZ01-A03-R03-B4,7.9
LSS Location,F4-PZ01-A03-R03-B5,7.9
LSS Location,F4-PZ01-A03-R03-B6,7.9
LSS Location,F4-PZ01-A03-R03-B7,7.9
LSS Location,F4-PZ01-A03-R03-C1,7.9
LSS Location,F4-PZ01-A03-R03-C2,7.9
LSS Location,F4-PZ01-A03-R03-C3,7.9
LSS Location,F4-PZ01-A03-R03-C4,7.9
LSS Location,F4-PZ01-A03-R03-C5,7.9
LSS Location,F4-PZ01-A03-R03-C6,7.9
LSS Location,F4-PZ01-A03-R03-C7,7.9
LSS Location,F4-PZ01-A03-R03-D1,7.9
LSS Location,F4-PZ01-A03-R03-D2,7.9
LSS Location,F4-PZ01-A03-R03-D3,7.9
LSS Location,F4-PZ01-A03-R03-D4,7.9
LSS Location,F4-PZ01-A03-R03-D5,7.9
LSS Location,F4-PZ01-A03-R04-A1,7.9
LSS Location,F4-PZ01-A03-R04-A2,7.9
LSS Location,F4-PZ01-A03-R04-A3,7.9
LSS Location,F4-PZ01-A03-R04-A4,7.9
LSS Location,F4-PZ01-A03-R04-A5,7.9
LSS Location,F4-PZ01-A03-R04-A6,7.9
LSS Location,F4-PZ01-A03-R04-A7,7.9
LSS Location,F4-PZ01-A03-R04-B1,7.9
LSS Location,F4-PZ01-A03-R04-B2,7.9
LSS Location,F4-PZ01-A03-R04-B3,7.9
LSS Location,F4-PZ01-A03-R04-B4,7.9
LSS Location,F4-PZ01-A03-R04-B5,7.9
LSS Location,F4-PZ01-A03-R04-B6,7.9
LSS Location,F4-PZ01-A03-R04-B7,7.9
LSS Location,F4-PZ01-A03-R04-C1,7.9
LSS Location,F4-PZ01-A03-R04-C2,7.9
LSS Location,F4-PZ01-A03-R04-C3,7.9
LSS Location,F4-PZ01-A03-R04-C4,7.9
LSS Location,F4-PZ01-A03-R04-C5,7.9
LSS Location,F4-PZ01-A03-R04-C6,7.9
LSS Location,F4-PZ01-A03-R04-C7,7.9
LSS Location,F4-PZ01-A03-R04-D1,7.9
LSS Location,F4-PZ01-A03-R04-D2,7.9
LSS Location,F4-PZ01-A03-R04-D3,7.9
LSS Location,F4-PZ01-A03-R04-D4,7.9
LSS Location,F4-PZ01-A03-R04-D5,7.9
LSS Location,F4-PZ01-A03-R05-A1,7.9
LSS Location,F4-PZ01-A03-R05-A2,7.9
LSS Location,F4-PZ01-A03-R05-A3,7.9
LSS Location,F4-PZ01-A03-R05-A4,7.9
LSS Location,F4-PZ01-A03-R05-A5,7.9
LSS Location,F4-PZ01-A03-R05-A6,7.9
LSS Location,F4-PZ01-A03-R05-A7,7.9
LSS Location,F4-PZ01-A03-R05-B1,7.9
LSS Location,F4-PZ01-A03-R05-B2,7.9
LSS Location,F4-PZ01-A03-R05-B3,7.9
LSS Location,F4-PZ01-A03-R05-B4,7.9
LSS Location,F4-PZ01-A03-R05-B5,7.9
LSS Location,F4-PZ01-A03-R05-B6,7.9
LSS Location,F4-PZ01-A03-R05-B7,7.9
LSS Location,F4-PZ01-A03-R05-C1,7.9
LSS Location,F4-PZ01-A03-R05-C2,7.9
LSS Location,F4-PZ01-A03-R05-C3,7.9
LSS Location,F4-PZ01-A03-R05-C4,7.9
LSS Location,F4-PZ01-A03-R05-C5,7.9
LSS Location,F4-PZ01-A03-R05-C6,7.9
LSS Location,F4-PZ01-A03-R05-C7,7.9
LSS Location,F4-PZ01-A03-R05-D1,7.9
LSS Location,F4-PZ01-A03-R05-D2,7.9
LSS Location,F4-PZ01-A03-R05-D3,7.9
LSS Location,F4-PZ01-A03-R05-D4,7.9
LSS Location,F4-PZ01-A03-R05-D5,7.9
LSS Location,F4-PZ01-A03-R06-A1,7.9
LSS Location,F4-PZ01-A03-R06-A2,7.9
LSS Location,F4-PZ01-A03-R06-A3,7.9
LSS Location,F4-PZ01-A03-R06-A4,7.9
LSS Location,F4-PZ01-A03-R06-A5,7.9
LSS Location,F4-PZ01-A03-R06-A6,7.9
LSS Location,F4-PZ01-A03-R06-A7,7.9
LSS Location,F4-PZ01-A03-R06-B1,7.9
LSS Location,F4-PZ01-A03-R06-B2,7.9
LSS Location,F4-PZ01-A03-R06-B3,7.9
LSS Location,F4-PZ01-A03-R06-B4,7.9
LSS Location,F4-PZ01-A03-R06-B5,7.9
LSS Location,F4-PZ01-A03-R06-B6,7.9
LSS Location,F4-PZ01-A03-R06-B7,7.9
LSS Location,F4-PZ01-A03-R06-C1,7.9
LSS Location,F4-PZ01-A03-R06-C2,7.9
LSS Location,F4-PZ01-A03-R06-C3,7.9
LSS Location,F4-PZ01-A03-R06-C4,7.9
LSS Location,F4-PZ01-A03-R06-C5,7.9
LSS Location,F4-PZ01-A03-R06-C6,7.9
LSS Location,F4-PZ01-A03-R06-C7,7.9
LSS Location,F4-PZ01-A03-R06-D1,7.9
LSS Location,F4-PZ01-A03-R06-D2,7.9
LSS Location,F4-PZ01-A03-R06-D3,7.9
LSS Location,F4-PZ01-A03-R06-D4,7.9
LSS Location,F4-PZ01-A03-R06-D5,7.9
LSS Location,F4-PZ01-A03-R07-A1,7.9
LSS Location,F4-PZ01-A03-R07-A2,7.9
LSS Location,F4-PZ01-A03-R07-A3,7.9
LSS Location,F4-PZ01-A03-R07-A4,7.9
LSS Location,F4-PZ01-A03-R07-A5,7.9
LSS Location,F4-PZ01-A03-R07-A6,7.9
LSS Location,F4-PZ01-A03-R07-A7,7.9
LSS Location,F4-PZ01-A03-R07-B1,7.9
LSS Location,F4-PZ01-A03-R07-B2,7.9
LSS Location,F4-PZ01-A03-R07-B3,7.9
LSS Location,F4-PZ01-A03-R07-B4,7.9
LSS Location,F4-PZ01-A03-R07-B5,7.9
LSS Location,F4-PZ01-A03-R07-B6,7.9
LSS Location,F4-PZ01-A03-R07-B7,7.9
LSS Location,F4-PZ01-A03-R07-C1,7.9
LSS Location,F4-PZ01-A03-R07-C2,7.9
LSS Location,F4-PZ01-A03-R07-C3,7.9
LSS Location,F4-PZ01-A03-R07-C4,7.9
LSS Location,F4-PZ01-A03-R07-C5,7.9
LSS Location,F4-PZ01-A03-R07-C6,7.9
LSS Location,F4-PZ01-A03-R07-C7,7.9
LSS Location,F4-PZ01-A03-R07-D1,7.9
LSS Location,F4-PZ01-A03-R07-D2,7.9
LSS Location,F4-PZ01-A03-R07-D3,7.9
LSS Location,F4-PZ01-A03-R07-D4,7.9
LSS Location,F4-PZ01-A03-R07-D5,7.9
LSS Location,F4-PZ01-A03-R08-A1,7.9
LSS Location,F4-PZ01-A03-R08-A2,7.9
LSS Location,F4-PZ01-A03-R08-A3,7.9
LSS Location,F4-PZ01-A03-R08-A4,7.9
LSS Location,F4-PZ01-A03-R08-A5,7.9
LSS Location,F4-PZ01-A03-R08-A6,7.9
LSS Location,F4-PZ01-A03-R08-A7,7.9
LSS Location,F4-PZ01-A03-R08-B1,7.9
LSS Location,F4-PZ01-A03-R08-B2,7.9
LSS Location,F4-PZ01-A03-R08-B3,7.9
LSS Location,F4-PZ01-A03-R08-B4,7.9
LSS Location,F4-PZ01-A03-R08-B5,7.9
LSS Location,F4-PZ01-A03-R08-B6,7.9
LSS Location,F4-PZ01-A03-R08-B7,7.9
LSS Location,F4-PZ01-A03-R08-C1,7.9
LSS Location,F4-PZ01-A03-R08-C2,7.9
LSS Location,F4-PZ01-A03-R08-C3,7.9
LSS Location,F4-PZ01-A03-R08-C4,7.9
LSS Location,F4-PZ01-A03-R08-C5,7.9
LSS Location,F4-PZ01-A03-R08-C6,7.9
LSS Location,F4-PZ01-A03-R08-C7,7.9
LSS Location,F4-PZ01-A03-R08-D1,7.9
LSS Location,F4-PZ01-A03-R08-D2,7.9
LSS Location,F4-PZ01-A03-R08-D3,7.9
LSS Location,F4-PZ01-A03-R08-D4,7.9
LSS Location,F4-PZ01-A03-R08-D5,7.9
LSS Location,F4-PZ01-A04-R01-A1,7.9
LSS Location,F4-PZ01-A04-R01-A2,7.9
LSS Location,F4-PZ01-A04-R01-A3,7.9
LSS Location,F4-PZ01-A04-R01-A4,7.9
LSS Location,F4-PZ01-A04-R01-A5,7.9
LSS Location,F4-PZ01-A04-R01-A6,7.9
LSS Location,F4-PZ01-A04-R01-A7,7.9
LSS Location,F4-PZ01-A04-R01-B1,7.9
LSS Location,F4-PZ01-A04-R01-B2,7.9
LSS Location,F4-PZ01-A04-R01-B3,7.9
LSS Location,F4-PZ01-A04-R01-B4,7.9
LSS Location,F4-PZ01-A04-R01-B5,7.9
LSS Location,F4-PZ01-A04-R01-B6,7.9
LSS Location,F4-PZ01-A04-R01-B7,7.9
LSS Location,F4-PZ01-A04-R01-C1,7.9
LSS Location,F4-PZ01-A04-R01-C2,7.9
LSS Location,F4-PZ01-A04-R01-C3,7.9
LSS Location,F4-PZ01-A04-R01-C4,7.9
LSS Location,F4-PZ01-A04-R01-C5,7.9
LSS Location,F4-PZ01-A04-R01-C6,7.9
LSS Location,F4-PZ01-A04-R01-C7,7.9
LSS Location,F4-PZ01-A04-R01-D1,7.9
LSS Location,F4-PZ01-A04-R01-D2,7.9
LSS Location,F4-PZ01-A04-R01-D3,7.9
LSS Location,F4-PZ01-A04-R01-D4,7.9
LSS Location,F4-PZ01-A04-R01-D5,7.9
LSS Location,F4-PZ01-A04-R02-A1,7.9
LSS Location,F4-PZ01-A04-R02-A2,7.9
LSS Location,F4-PZ01-A04-R02-A3,7.9
LSS Location,F4-PZ01-A04-R02-A4,7.9
LSS Location,F4-PZ01-A04-R02-A5,7.9
LSS Location,F4-PZ01-A04-R02-A6,7.9
LSS Location,F4-PZ01-A04-R02-A7,7.9
LSS Location,F4-PZ01-A04-R02-B1,7.9
LSS Location,F4-PZ01-A04-R02-B2,7.9
LSS Location,F4-PZ01-A04-R02-B3,7.9
LSS Location,F4-PZ01-A04-R02-B4,7.9
LSS Location,F4-PZ01-A04-R02-B5,7.9
LSS Location,F4-PZ01-A04-R02-B6,7.9
LSS Location,F4-PZ01-A04-R02-B7,7.9
LSS Location,F4-PZ01-A04-R02-C1,7.9
LSS Location,F4-PZ01-A04-R02-C2,7.9
LSS Location,F4-PZ01-A04-R02-C3,7.9
LSS Location,F4-PZ01-A04-R02-C4,7.9
LSS Location,F4-PZ01-A04-R02-C5,7.9
LSS Location,F4-PZ01-A04-R02-C6,7.9
LSS Location,F4-PZ01-A04-R02-C7,7.9
LSS Location,F4-PZ01-A04-R02-D1,7.9
LSS Location,F4-PZ01-A04-R02-D2,7.9
LSS Location,F4-PZ01-A04-R02-D3,7.9
LSS Location,F4-PZ01-A04-R02-D4,7.9
LSS Location,F4-PZ01-A04-R02-D5,7.9
LSS Location,F4-PZ01-A04-R03-A1,7.9
LSS Location,F4-PZ01-A04-R03-A2,7.9
LSS Location,F4-PZ01-A04-R03-A3,7.9
LSS Location,F4-PZ01-A04-R03-A4,7.9
LSS Location,F4-PZ01-A04-R03-A5,7.9
LSS Location,F4-PZ01-A04-R03-A6,7.9
LSS Location,F4-PZ01-A04-R03-A7,7.9
LSS Location,F4-PZ01-A04-R03-B1,7.9
LSS Location,F4-PZ01-A04-R03-B2,7.9
LSS Location,F4-PZ01-A04-R03-B3,7.9
LSS Location,F4-PZ01-A04-R03-B4,7.9
LSS Location,F4-PZ01-A04-R03-B5,7.9
LSS Location,F4-PZ01-A04-R03-B6,7.9
LSS Location,F4-PZ01-A04-R03-B7,7.9
LSS Location,F4-PZ01-A04-R03-C1,7.9
LSS Location,F4-PZ01-A04-R03-C2,7.9
LSS Location,F4-PZ01-A04-R03-C3,7.9
LSS Location,F4-PZ01-A04-R03-C4,7.9
LSS Location,F4-PZ01-A04-R03-C5,7.9
LSS Location,F4-PZ01-A04-R03-C6,7.9
LSS Location,F4-PZ01-A04-R03-C7,7.9
LSS Location,F4-PZ01-A04-R03-D1,7.9
LSS Location,F4-PZ01-A04-R03-D2,7.9
LSS Location,F4-PZ01-A04-R03-D3,7.9
LSS Location,F4-PZ01-A04-R03-D4,7.9
LSS Location,F4-PZ01-A04-R03-D5,7.9
LSS Location,F4-PZ01-A04-R04-A1,7.9
LSS Location,F4-PZ01-A04-R04-A2,7.9
LSS Location,F4-PZ01-A04-R04-A3,7.9
LSS Location,F4-PZ01-A04-R04-A4,7.9
LSS Location,F4-PZ01-A04-R04-A5,7.9
LSS Location,F4-PZ01-A04-R04-A6,7.9
LSS Location,F4-PZ01-A04-R04-A7,7.9
LSS Location,F4-PZ01-A04-R04-B1,7.9
LSS Location,F4-PZ01-A04-R04-B2,7.9
LSS Location,F4-PZ01-A04-R04-B3,7.9
LSS Location,F4-PZ01-A04-R04-B4,7.9
LSS Location,F4-PZ01-A04-R04-B5,7.9
LSS Location,F4-PZ01-A04-R04-B6,7.9
LSS Location,F4-PZ01-A04-R04-B7,7.9
LSS Location,F4-PZ01-A04-R04-C1,7.9
LSS Location,F4-PZ01-A04-R04-C2,7.9
LSS Location,F4-PZ01-A04-R04-C3,7.9
LSS Location,F4-PZ01-A04-R04-C4,7.9
LSS Location,F4-PZ01-A04-R04-C5,7.9
LSS Location,F4-PZ01-A04-R04-C6,7.9
LSS Location,F4-PZ01-A04-R04-C7,7.9
LSS Location,F4-PZ01-A04-R04-D1,7.9
LSS Location,F4-PZ01-A04-R04-D2,7.9
LSS Location,F4-PZ01-A04-R04-D3,7.9
LSS Location,F4-PZ01-A04-R04-D4,7.9
LSS Location,F4-PZ01-A04-R04-D5,7.9
Bulk Location,F4-PZ01-A04-R05-B3,60
LSS Location,F4-PZ01-A05-R01-A1,7.9
LSS Location,F4-PZ01-A05-R01-A2,7.9
LSS Location,F4-PZ01-A05-R01-A3,7.9
LSS Location,F4-PZ01-A05-R01-A4,7.9
LSS Location,F4-PZ01-A05-R01-A5,7.9
LSS Location,F4-PZ01-A05-R01-A6,7.9
LSS Location,F4-PZ01-A05-R01-A7,7.9
LSS Location,F4-PZ01-A05-R01-B1,7.9
LSS Location,F4-PZ01-A05-R01-B2,7.9
LSS Location,F4-PZ01-A05-R01-B3,7.9
LSS Location,F4-PZ01-A05-R01-B4,7.9
LSS Location,F4-PZ01-A05-R01-B5,7.9
LSS Location,F4-PZ01-A05-R01-B6,7.9
LSS Location,F4-PZ01-A05-R01-B7,7.9
LSS Location,F4-PZ01-A05-R01-C1,7.9
LSS Location,F4-PZ01-A05-R01-C2,7.9
LSS Location,F4-PZ01-A05-R01-C3,7.9
LSS Location,F4-PZ01-A05-R01-C4,7.9
LSS Location,F4-PZ01-A05-R01-C5,7.9
LSS Location,F4-PZ01-A05-R01-C6,7.9
LSS Location,F4-PZ01-A05-R01-C7,7.9
LSS Location,F4-PZ01-A05-R01-D1,7.9
LSS Location,F4-PZ01-A05-R01-D2,7.9
LSS Location,F4-PZ01-A05-R01-D3,7.9
LSS Location,F4-PZ01-A05-R01-D4,7.9
LSS Location,F4-PZ01-A05-R01-D5,7.9
LSS Location,F4-PZ01-A05-R02-A1,7.9
LSS Location,F4-PZ01-A05-R02-A2,7.9
LSS Location,F4-PZ01-A05-R02-A3,7.9
LSS Location,F4-PZ01-A05-R02-A4,7.9
LSS Location,F4-PZ01-A05-R02-A5,7.9
LSS Location,F4-PZ01-A05-R02-A6,7.9
LSS Location,F4-PZ01-A05-R02-A7,7.9
LSS Location,F4-PZ01-A05-R02-B1,7.9
LSS Location,F4-PZ01-A05-R02-B2,7.9
LSS Location,F4-PZ01-A05-R02-B3,7.9
LSS Location,F4-PZ01-A05-R02-B4,7.9
LSS Location,F4-PZ01-A05-R02-B5,7.9
LSS Location,F4-PZ01-A05-R02-B6,7.9
LSS Location,F4-PZ01-A05-R02-B7,7.9
LSS Location,F4-PZ01-A05-R02-C1,7.9
LSS Location,F4-PZ01-A05-R02-C2,7.9
LSS Location,F4-PZ01-A05-R02-C3,7.9
LSS Location,F4-PZ01-A05-R02-C4,7.9
LSS Location,F4-PZ01-A05-R02-C5,7.9
LSS Location,F4-PZ01-A05-R02-C6,7.9
LSS Location,F4-PZ01-A05-R02-C7,7.9
LSS Location,F4-PZ01-A05-R02-D1,7.9
LSS Location,F4-PZ01-A05-R02-D2,7.9
LSS Location,F4-PZ01-A05-R02-D3,7.9
LSS Location,F4-PZ01-A05-R02-D4,7.9
LSS Location,F4-PZ01-A05-R02-D5,7.9
LSS Location,F4-PZ01-A05-R03-A1,7.9
LSS Location,F4-PZ01-A05-R03-A2,7.9
LSS Location,F4-PZ01-A05-R03-A3,7.9
LSS Location,F4-PZ01-A05-R03-A4,7.9
LSS Location,F4-PZ01-A05-R03-A5,7.9
LSS Location,F4-PZ01-A05-R03-A6,7.9
LSS Location,F4-PZ01-A05-R03-A7,7.9
LSS Location,F4-PZ01-A05-R03-B1,7.9
LSS Location,F4-PZ01-A05-R03-B2,7.9
LSS Location,F4-PZ01-A05-R03-B3,7.9
LSS Location,F4-PZ01-A05-R03-B4,7.9
LSS Location,F4-PZ01-A05-R03-B5,7.9
LSS Location,F4-PZ01-A05-R03-B6,7.9
LSS Location,F4-PZ01-A05-R03-B7,7.9
LSS Location,F4-PZ01-A05-R03-C1,7.9
LSS Location,F4-PZ01-A05-R03-C2,7.9
LSS Location,F4-PZ01-A05-R03-C3,7.9
LSS Location,F4-PZ01-A05-R03-C4,7.9
LSS Location,F4-PZ01-A05-R03-C5,7.9
LSS Location,F4-PZ01-A05-R03-C6,7.9
LSS Location,F4-PZ01-A05-R03-C7,7.9
LSS Location,F4-PZ01-A05-R03-D1,7.9
LSS Location,F4-PZ01-A05-R03-D2,7.9
LSS Location,F4-PZ01-A05-R03-D3,7.9
LSS Location,F4-PZ01-A05-R03-D4,7.9
LSS Location,F4-PZ01-A05-R03-D5,7.9
LSS Location,F4-PZ01-A05-R04-A1,7.9
LSS Location,F4-PZ01-A05-R04-A2,7.9
LSS Location,F4-PZ01-A05-R04-A3,7.9
LSS Location,F4-PZ01-A05-R04-A4,7.9
LSS Location,F4-PZ01-A05-R04-A5,7.9
LSS Location,F4-PZ01-A05-R04-A6,7.9
LSS Location,F4-PZ01-A05-R04-A7,7.9
LSS Location,F4-PZ01-A05-R04-B1,7.9
LSS Location,F4-PZ01-A05-R04-B2,7.9
LSS Location,F4-PZ01-A05-R04-B3,7.9
LSS Location,F4-PZ01-A05-R04-B4,7.9
LSS Location,F4-PZ01-A05-R04-B5,7.9
LSS Location,F4-PZ01-A05-R04-B6,7.9
LSS Location,F4-PZ01-A05-R04-B7,7.9
LSS Location,F4-PZ01-A05-R04-C1,7.9
LSS Location,F4-PZ01-A05-R04-C2,7.9
LSS Location,F4-PZ01-A05-R04-C3,7.9
LSS Location,F4-PZ01-A05-R04-C4,7.9
LSS Location,F4-PZ01-A05-R04-C5,7.9
LSS Location,F4-PZ01-A05-R04-C6,7.9
LSS Location,F4-PZ01-A05-R04-C7,7.9
LSS Location,F4-PZ01-A05-R04-D1,7.9
LSS Location,F4-PZ01-A05-R04-D2,7.9
LSS Location,F4-PZ01-A05-R04-D3,7.9
LSS Location,F4-PZ01-A05-R04-D4,7.9
LSS Location,F4-PZ01-A05-R04-D5,7.9
LSS Location,F4-PZ01-A05-R05-A1,7.9
LSS Location,F4-PZ01-A05-R05-A2,7.9
LSS Location,F4-PZ01-A05-R05-A3,7.9
LSS Location,F4-PZ01-A05-R05-A4,7.9
LSS Location,F4-PZ01-A05-R05-A5,7.9
LSS Location,F4-PZ01-A05-R05-A6,7.9
LSS Location,F4-PZ01-A05-R05-A7,7.9
LSS Location,F4-PZ01-A05-R05-B1,7.9
LSS Location,F4-PZ01-A05-R05-B2,7.9
LSS Location,F4-PZ01-A05-R05-B3,7.9
LSS Location,F4-PZ01-A05-R05-B4,7.9
LSS Location,F4-PZ01-A05-R05-B5,7.9
LSS Location,F4-PZ01-A05-R05-B6,7.9
LSS Location,F4-PZ01-A05-R05-B7,7.9
LSS Location,F4-PZ01-A05-R05-C1,7.9
LSS Location,F4-PZ01-A05-R05-C2,7.9
LSS Location,F4-PZ01-A05-R05-C3,7.9
LSS Location,F4-PZ01-A05-R05-C4,7.9
LSS Location,F4-PZ01-A05-R05-C5,7.9
LSS Location,F4-PZ01-A05-R05-C6,7.9
LSS Location,F4-PZ01-A05-R05-C7,7.9
LSS Location,F4-PZ01-A05-R05-D1,7.9
LSS Location,F4-PZ01-A05-R05-D2,7.9
LSS Location,F4-PZ01-A05-R05-D3,7.9
LSS Location,F4-PZ01-A05-R05-D4,7.9
LSS Location,F4-PZ01-A05-R05-D5,7.9
LSS Location,F4-PZ01-A05-R06-A1,7.9
LSS Location,F4-PZ01-A05-R06-A2,7.9
LSS Location,F4-PZ01-A05-R06-A3,7.9
LSS Location,F4-PZ01-A05-R06-A4,7.9
LSS Location,F4-PZ01-A05-R06-A5,7.9
LSS Location,F4-PZ01-A05-R06-A6,7.9
LSS Location,F4-PZ01-A05-R06-A7,7.9
LSS Location,F4-PZ01-A05-R06-B1,7.9
LSS Location,F4-PZ01-A05-R06-B2,7.9
LSS Location,F4-PZ01-A05-R06-B3,7.9
LSS Location,F4-PZ01-A05-R06-B4,7.9
LSS Location,F4-PZ01-A05-R06-B5,7.9
LSS Location,F4-PZ01-A05-R06-B6,7.9
LSS Location,F4-PZ01-A05-R06-B7,7.9
LSS Location,F4-PZ01-A05-R06-C1,7.9
LSS Location,F4-PZ01-A05-R06-C2,7.9
LSS Location,F4-PZ01-A05-R06-C3,7.9
LSS Location,F4-PZ01-A05-R06-C4,7.9
LSS Location,F4-PZ01-A05-R06-C5,7.9
LSS Location,F4-PZ01-A05-R06-C6,7.9
LSS Location,F4-PZ01-A05-R06-C7,7.9
LSS Location,F4-PZ01-A05-R06-D1,7.9
LSS Location,F4-PZ01-A05-R06-D2,7.9
LSS Location,F4-PZ01-A05-R06-D3,7.9
LSS Location,F4-PZ01-A05-R06-D4,7.9
LSS Location,F4-PZ01-A05-R06-D5,7.9
Bulk Location,F4-PZ01-A05-R06-PL1,60
Bulk Location,F4-PZ01-A05-R06-PL2,60
Bulk Location,F4-PZ01-A05-R06-PL3,60
LSS Location,F4-PZ01-A05-R07-A1,7.9
LSS Location,F4-PZ01-A05-R07-A2,7.9
LSS Location,F4-PZ01-A05-R07-A3,7.9
LSS Location,F4-PZ01-A05-R07-A4,7.9
LSS Location,F4-PZ01-A05-R07-A5,7.9
LSS Location,F4-PZ01-A05-R07-A6,7.9
LSS Location,F4-PZ01-A05-R07-A7,7.9
LSS Location,F4-PZ01-A05-R07-B1,7.9
LSS Location,F4-PZ01-A05-R07-B2,7.9
LSS Location,F4-PZ01-A05-R07-B3,7.9
LSS Location,F4-PZ01-A05-R07-B4,7.9
LSS Location,F4-PZ01-A05-R07-B5,7.9
LSS Location,F4-PZ01-A05-R07-B6,7.9
LSS Location,F4-PZ01-A05-R07-B7,7.9
LSS Location,F4-PZ01-A05-R07-C1,7.9
LSS Location,F4-PZ01-A05-R07-C2,7.9
LSS Location,F4-PZ01-A05-R07-C3,7.9
LSS Location,F4-PZ01-A05-R07-C4,7.9
LSS Location,F4-PZ01-A05-R07-C5,7.9
LSS Location,F4-PZ01-A05-R07-C6,7.9
LSS Location,F4-PZ01-A05-R07-C7,7.9
LSS Location,F4-PZ01-A05-R07-D1,7.9
LSS Location,F4-PZ01-A05-R07-D2,7.9
LSS Location,F4-PZ01-A05-R07-D3,7.9
LSS Location,F4-PZ01-A05-R07-D4,7.9
LSS Location,F4-PZ01-A05-R07-D5,7.9
LSS Location,F4-PZ01-A06-R01-A1,7.9
LSS Location,F4-PZ01-A06-R01-A2,7.9
LSS Location,F4-PZ01-A06-R01-A3,7.9
LSS Location,F4-PZ01-A06-R01-A4,7.9
LSS Location,F4-PZ01-A06-R01-A5,7.9
LSS Location,F4-PZ01-A06-R01-A6,7.9
LSS Location,F4-PZ01-A06-R01-A7,7.9
LSS Location,F4-PZ01-A06-R01-B1,7.9
LSS Location,F4-PZ01-A06-R01-B2,7.9
LSS Location,F4-PZ01-A06-R01-B3,7.9
LSS Location,F4-PZ01-A06-R01-B4,7.9
LSS Location,F4-PZ01-A06-R01-B5,7.9
LSS Location,F4-PZ01-A06-R01-B6,7.9
LSS Location,F4-PZ01-A06-R01-B7,7.9
LSS Location,F4-PZ01-A06-R01-C1,7.9
LSS Location,F4-PZ01-A06-R01-C2,7.9
LSS Location,F4-PZ01-A06-R01-C3,7.9
LSS Location,F4-PZ01-A06-R01-C4,7.9
LSS Location,F4-PZ01-A06-R01-C5,7.9
LSS Location,F4-PZ01-A06-R01-C6,7.9
LSS Location,F4-PZ01-A06-R01-C7,7.9
LSS Location,F4-PZ01-A06-R01-D1,7.9
LSS Location,F4-PZ01-A06-R01-D2,7.9
LSS Location,F4-PZ01-A06-R01-D3,7.9
LSS Location,F4-PZ01-A06-R01-D4,7.9
LSS Location,F4-PZ01-A06-R01-D5,7.9
LSS Location,F4-PZ01-A06-R02-A1,7.9
LSS Location,F4-PZ01-A06-R02-A2,7.9
LSS Location,F4-PZ01-A06-R02-A3,7.9
LSS Location,F4-PZ01-A06-R02-A4,7.9
LSS Location,F4-PZ01-A06-R02-A5,7.9
LSS Location,F4-PZ01-A06-R02-A6,7.9
LSS Location,F4-PZ01-A06-R02-A7,7.9
LSS Location,F4-PZ01-A06-R02-B1,7.9
LSS Location,F4-PZ01-A06-R02-B2,7.9
LSS Location,F4-PZ01-A06-R02-B3,7.9
LSS Location,F4-PZ01-A06-R02-B4,7.9
LSS Location,F4-PZ01-A06-R02-B5,7.9
LSS Location,F4-PZ01-A06-R02-B6,7.9
LSS Location,F4-PZ01-A06-R02-B7,7.9
LSS Location,F4-PZ01-A06-R02-C1,7.9
LSS Location,F4-PZ01-A06-R02-C2,7.9
LSS Location,F4-PZ01-A06-R02-C3,7.9
LSS Location,F4-PZ01-A06-R02-C4,7.9
LSS Location,F4-PZ01-A06-R02-C5,7.9
LSS Location,F4-PZ01-A06-R02-C6,7.9
LSS Location,F4-PZ01-A06-R02-C7,7.9
LSS Location,F4-PZ01-A06-R02-D1,7.9
LSS Location,F4-PZ01-A06-R02-D2,7.9
LSS Location,F4-PZ01-A06-R02-D3,7.9
LSS Location,F4-PZ01-A06-R02-D4,7.9
LSS Location,F4-PZ01-A06-R02-D5,7.9
LSS Location,F4-PZ01-A06-R03-A1,7.9
LSS Location,F4-PZ01-A06-R03-A2,7.9
LSS Location,F4-PZ01-A06-R03-A3,7.9
LSS Location,F4-PZ01-A06-R03-A4,7.9
LSS Location,F4-PZ01-A06-R03-A5,7.9
LSS Location,F4-PZ01-A06-R03-A6,7.9
LSS Location,F4-PZ01-A06-R03-A7,7.9
LSS Location,F4-PZ01-A06-R03-B1,7.9
LSS Location,F4-PZ01-A06-R03-B2,7.9
LSS Location,F4-PZ01-A06-R03-B3,7.9
LSS Location,F4-PZ01-A06-R03-B4,7.9
LSS Location,F4-PZ01-A06-R03-B5,7.9
LSS Location,F4-PZ01-A06-R03-B6,7.9
LSS Location,F4-PZ01-A06-R03-B7,7.9
LSS Location,F4-PZ01-A06-R03-C1,7.9
LSS Location,F4-PZ01-A06-R03-C2,7.9
LSS Location,F4-PZ01-A06-R03-C3,7.9
LSS Location,F4-PZ01-A06-R03-C4,7.9
LSS Location,F4-PZ01-A06-R03-C5,7.9
LSS Location,F4-PZ01-A06-R03-C6,7.9
LSS Location,F4-PZ01-A06-R03-C7,7.9
LSS Location,F4-PZ01-A06-R03-D1,7.9
LSS Location,F4-PZ01-A06-R03-D2,7.9
LSS Location,F4-PZ01-A06-R03-D3,7.9
LSS Location,F4-PZ01-A06-R03-D4,7.9
LSS Location,F4-PZ01-A06-R03-D5,7.9
LSS Location,F4-PZ01-A06-R04-A1,7.9
LSS Location,F4-PZ01-A06-R04-A2,7.9
LSS Location,F4-PZ01-A06-R04-A3,7.9
LSS Location,F4-PZ01-A06-R04-A4,7.9
LSS Location,F4-PZ01-A06-R04-A5,7.9
LSS Location,F4-PZ01-A06-R04-A6,7.9
LSS Location,F4-PZ01-A06-R04-A7,7.9
LSS Location,F4-PZ01-A06-R04-B1,7.9
LSS Location,F4-PZ01-A06-R04-B2,7.9
LSS Location,F4-PZ01-A06-R04-B3,7.9
LSS Location,F4-PZ01-A06-R04-B4,7.9
LSS Location,F4-PZ01-A06-R04-B5,7.9
LSS Location,F4-PZ01-A06-R04-B6,7.9
LSS Location,F4-PZ01-A06-R04-B7,7.9
LSS Location,F4-PZ01-A06-R04-C1,7.9
LSS Location,F4-PZ01-A06-R04-C2,7.9
LSS Location,F4-PZ01-A06-R04-C3,7.9
LSS Location,F4-PZ01-A06-R04-C4,7.9
LSS Location,F4-PZ01-A06-R04-C5,7.9
LSS Location,F4-PZ01-A06-R04-C6,7.9
LSS Location,F4-PZ01-A06-R04-C7,7.9
LSS Location,F4-PZ01-A06-R04-D1,7.9
LSS Location,F4-PZ01-A06-R04-D2,7.9
LSS Location,F4-PZ01-A06-R04-D3,7.9
LSS Location,F4-PZ01-A06-R04-D4,7.9
LSS Location,F4-PZ01-A06-R04-D5,7.9
LSS Location,F4-PZ01-A06-R05-A1,7.9
LSS Location,F4-PZ01-A06-R05-A2,7.9
LSS Location,F4-PZ01-A06-R05-A3,7.9
LSS Location,F4-PZ01-A06-R05-A4,7.9
LSS Location,F4-PZ01-A06-R05-A5,7.9
LSS Location,F4-PZ01-A06-R05-A6,7.9
LSS Location,F4-PZ01-A06-R05-A7,7.9
LSS Location,F4-PZ01-A06-R05-B1,7.9
LSS Location,F4-PZ01-A06-R05-B2,7.9
LSS Location,F4-PZ01-A06-R05-B3,7.9
LSS Location,F4-PZ01-A06-R05-B4,7.9
LSS Location,F4-PZ01-A06-R05-B5,7.9
LSS Location,F4-PZ01-A06-R05-B6,7.9
LSS Location,F4-PZ01-A06-R05-B7,7.9
LSS Location,F4-PZ01-A06-R05-C1,7.9
LSS Location,F4-PZ01-A06-R05-C2,7.9
LSS Location,F4-PZ01-A06-R05-C3,7.9
LSS Location,F4-PZ01-A06-R05-C4,7.9
LSS Location,F4-PZ01-A06-R05-C5,7.9
LSS Location,F4-PZ01-A06-R05-C6,7.9
LSS Location,F4-PZ01-A06-R05-C7,7.9
LSS Location,F4-PZ01-A06-R05-D1,7.9
LSS Location,F4-PZ01-A06-R05-D2,7.9
LSS Location,F4-PZ01-A06-R05-D3,7.9
LSS Location,F4-PZ01-A06-R05-D4,7.9
LSS Location,F4-PZ01-A06-R05-D5,7.9
LSS Location,F4-PZ01-A06-R06-A1,7.9
LSS Location,F4-PZ01-A06-R06-A2,7.9
LSS Location,F4-PZ01-A06-R06-A3,7.9
LSS Location,F4-PZ01-A06-R06-A4,7.9
LSS Location,F4-PZ01-A06-R06-A5,7.9
LSS Location,F4-PZ01-A06-R06-A6,7.9
LSS Location,F4-PZ01-A06-R06-A7,7.9
LSS Location,F4-PZ01-A06-R06-B1,7.9
LSS Location,F4-PZ01-A06-R06-B2,7.9
LSS Location,F4-PZ01-A06-R06-B3,7.9
LSS Location,F4-PZ01-A06-R06-B4,7.9
LSS Location,F4-PZ01-A06-R06-B5,7.9
LSS Location,F4-PZ01-A06-R06-B6,7.9
LSS Location,F4-PZ01-A06-R06-B7,7.9
LSS Location,F4-PZ01-A06-R06-C1,7.9
LSS Location,F4-PZ01-A06-R06-C2,7.9
LSS Location,F4-PZ01-A06-R06-C3,7.9
LSS Location,F4-PZ01-A06-R06-C4,7.9
LSS Location,F4-PZ01-A06-R06-C5,7.9
LSS Location,F4-PZ01-A06-R06-C6,7.9
LSS Location,F4-PZ01-A06-R06-C7,7.9
LSS Location,F4-PZ01-A06-R06-D1,7.9
LSS Location,F4-PZ01-A06-R06-D2,7.9
LSS Location,F4-PZ01-A06-R06-D3,7.9
LSS Location,F4-PZ01-A06-R06-D4,7.9
LSS Location,F4-PZ01-A06-R06-D5,7.9
Bulk Location,F4-PZ01-A06-R06-PL,60
Bulk Location,F4-PZ01-A06-R06-PL1,60
Bulk Location,F4-PZ01-A06-R06-PL2,60
LSS Location,F4-PZ01-A06-R07-A1,7.9
LSS Location,F4-PZ01-A06-R07-A2,7.9
LSS Location,F4-PZ01-A06-R07-A3,7.9
LSS Location,F4-PZ01-A06-R07-A4,7.9
LSS Location,F4-PZ01-A06-R07-A5,7.9
LSS Location,F4-PZ01-A06-R07-A6,7.9
LSS Location,F4-PZ01-A06-R07-A7,7.9
LSS Location,F4-PZ01-A06-R07-B1,7.9
LSS Location,F4-PZ01-A06-R07-B2,7.9
LSS Location,F4-PZ01-A06-R07-B3,7.9
LSS Location,F4-PZ01-A06-R07-B4,7.9
LSS Location,F4-PZ01-A06-R07-B5,7.9
LSS Location,F4-PZ01-A06-R07-B6,7.9
LSS Location,F4-PZ01-A06-R07-B7,7.9
LSS Location,F4-PZ01-A06-R07-C1,7.9
LSS Location,F4-PZ01-A06-R07-C2,7.9
LSS Location,F4-PZ01-A06-R07-C3,7.9
LSS Location,F4-PZ01-A06-R07-C4,7.9
LSS Location,F4-PZ01-A06-R07-C5,7.9
LSS Location,F4-PZ01-A06-R07-C6,7.9
LSS Location,F4-PZ01-A06-R07-C7,7.9
LSS Location,F4-PZ01-A06-R07-D1,7.9
LSS Location,F4-PZ01-A06-R07-D2,7.9
LSS Location,F4-PZ01-A06-R07-D3,7.9
LSS Location,F4-PZ01-A06-R07-D4,7.9
LSS Location,F4-PZ01-A06-R07-D5,7.9
LSS Location,F4-PZ01-A06-R08-A1,7.9
LSS Location,F4-PZ01-A06-R08-A2,7.9
LSS Location,F4-PZ01-A06-R08-A3,7.9
LSS Location,F4-PZ01-A06-R08-A4,7.9
LSS Location,F4-PZ01-A06-R08-A5,7.9
LSS Location,F4-PZ01-A06-R08-A6,7.9
LSS Location,F4-PZ01-A06-R08-A7,7.9
LSS Location,F4-PZ01-A06-R08-B1,7.9
LSS Location,F4-PZ01-A06-R08-B2,7.9
LSS Location,F4-PZ01-A06-R08-B3,7.9
LSS Location,F4-PZ01-A06-R08-B4,7.9
LSS Location,F4-PZ01-A06-R08-B5,7.9
LSS Location,F4-PZ01-A06-R08-B6,7.9
LSS Location,F4-PZ01-A06-R08-B7,7.9
LSS Location,F4-PZ01-A06-R08-C1,7.9
LSS Location,F4-PZ01-A06-R08-C2,7.9
LSS Location,F4-PZ01-A06-R08-C3,7.9
LSS Location,F4-PZ01-A06-R08-C4,7.9
LSS Location,F4-PZ01-A06-R08-C5,7.9
LSS Location,F4-PZ01-A06-R08-C6,7.9
LSS Location,F4-PZ01-A06-R08-C7,7.9
LSS Location,F4-PZ01-A06-R08-D1,7.9
LSS Location,F4-PZ01-A06-R08-D2,7.9
LSS Location,F4-PZ01-A06-R08-D3,7.9
LSS Location,F4-PZ01-A06-R08-D4,7.9
LSS Location,F4-PZ01-A06-R08-D5,7.9
LSS Location,F4-PZ01-A07-R01-A1,7.9
LSS Location,F4-PZ01-A07-R01-A2,7.9
LSS Location,F4-PZ01-A07-R01-A3,7.9
LSS Location,F4-PZ01-A07-R01-A4,7.9
LSS Location,F4-PZ01-A07-R01-A5,7.9
LSS Location,F4-PZ01-A07-R01-A6,7.9
LSS Location,F4-PZ01-A07-R01-A7,7.9
LSS Location,F4-PZ01-A07-R01-B1,7.9
LSS Location,F4-PZ01-A07-R01-B2,7.9
LSS Location,F4-PZ01-A07-R01-B3,7.9
LSS Location,F4-PZ01-A07-R01-B4,7.9
LSS Location,F4-PZ01-A07-R01-B5,7.9
LSS Location,F4-PZ01-A07-R01-B6,7.9
LSS Location,F4-PZ01-A07-R01-B7,7.9
LSS Location,F4-PZ01-A07-R01-C1,7.9
LSS Location,F4-PZ01-A07-R01-C2,7.9
LSS Location,F4-PZ01-A07-R01-C3,7.9
LSS Location,F4-PZ01-A07-R01-C4,7.9
LSS Location,F4-PZ01-A07-R01-C5,7.9
LSS Location,F4-PZ01-A07-R01-C6,7.9
LSS Location,F4-PZ01-A07-R01-C7,7.9
LSS Location,F4-PZ01-A07-R01-D1,7.9
LSS Location,F4-PZ01-A07-R01-D2,7.9
LSS Location,F4-PZ01-A07-R01-D3,7.9
LSS Location,F4-PZ01-A07-R01-D4,7.9
LSS Location,F4-PZ01-A07-R01-D5,7.9
LSS Location,F4-PZ01-A07-R02-A1,7.9
LSS Location,F4-PZ01-A07-R02-A2,7.9
LSS Location,F4-PZ01-A07-R02-A3,7.9
LSS Location,F4-PZ01-A07-R02-A4,7.9
LSS Location,F4-PZ01-A07-R02-A5,7.9
LSS Location,F4-PZ01-A07-R02-A6,7.9
LSS Location,F4-PZ01-A07-R02-A7,7.9
LSS Location,F4-PZ01-A07-R02-B1,7.9
LSS Location,F4-PZ01-A07-R02-B2,7.9
LSS Location,F4-PZ01-A07-R02-B3,7.9
LSS Location,F4-PZ01-A07-R02-B4,7.9
LSS Location,F4-PZ01-A07-R02-B5,7.9
LSS Location,F4-PZ01-A07-R02-B6,7.9
LSS Location,F4-PZ01-A07-R02-B7,7.9
LSS Location,F4-PZ01-A07-R02-C1,7.9
LSS Location,F4-PZ01-A07-R02-C2,7.9
LSS Location,F4-PZ01-A07-R02-C3,7.9
LSS Location,F4-PZ01-A07-R02-C4,7.9
LSS Location,F4-PZ01-A07-R02-C5,7.9
LSS Location,F4-PZ01-A07-R02-C6,7.9
LSS Location,F4-PZ01-A07-R02-C7,7.9
LSS Location,F4-PZ01-A07-R02-D1,7.9
LSS Location,F4-PZ01-A07-R02-D2,7.9
LSS Location,F4-PZ01-A07-R02-D3,7.9
LSS Location,F4-PZ01-A07-R02-D4,7.9
LSS Location,F4-PZ01-A07-R02-D5,7.9
LSS Location,F4-PZ01-A07-R03-A1,7.9
LSS Location,F4-PZ01-A07-R03-A2,7.9
LSS Location,F4-PZ01-A07-R03-A3,7.9
LSS Location,F4-PZ01-A07-R03-A4,7.9
LSS Location,F4-PZ01-A07-R03-A5,7.9
LSS Location,F4-PZ01-A07-R03-A6,7.9
LSS Location,F4-PZ01-A07-R03-A7,7.9
LSS Location,F4-PZ01-A07-R03-B1,7.9
LSS Location,F4-PZ01-A07-R03-B2,7.9
LSS Location,F4-PZ01-A07-R03-B3,7.9
LSS Location,F4-PZ01-A07-R03-B4,7.9
LSS Location,F4-PZ01-A07-R03-B5,7.9
LSS Location,F4-PZ01-A07-R03-B6,7.9
LSS Location,F4-PZ01-A07-R03-B7,7.9
LSS Location,F4-PZ01-A07-R03-C1,7.9
LSS Location,F4-PZ01-A07-R03-C2,7.9
LSS Location,F4-PZ01-A07-R03-C3,7.9
LSS Location,F4-PZ01-A07-R03-C4,7.9
LSS Location,F4-PZ01-A07-R03-C5,7.9
LSS Location,F4-PZ01-A07-R03-C6,7.9
LSS Location,F4-PZ01-A07-R03-C7,7.9
LSS Location,F4-PZ01-A07-R03-D1,7.9
LSS Location,F4-PZ01-A07-R03-D2,7.9
LSS Location,F4-PZ01-A07-R03-D3,7.9
LSS Location,F4-PZ01-A07-R03-D4,7.9
LSS Location,F4-PZ01-A07-R03-D5,7.9
LSS Location,F4-PZ01-A07-R04-A1,7.9
LSS Location,F4-PZ01-A07-R04-A2,7.9
LSS Location,F4-PZ01-A07-R04-A3,7.9
LSS Location,F4-PZ01-A07-R04-A4,7.9
LSS Location,F4-PZ01-A07-R04-A5,7.9
LSS Location,F4-PZ01-A07-R04-A6,7.9
LSS Location,F4-PZ01-A07-R04-A7,7.9
LSS Location,F4-PZ01-A07-R04-B1,7.9
LSS Location,F4-PZ01-A07-R04-B2,7.9
LSS Location,F4-PZ01-A07-R04-B3,7.9
LSS Location,F4-PZ01-A07-R04-B4,7.9
LSS Location,F4-PZ01-A07-R04-B5,7.9
LSS Location,F4-PZ01-A07-R04-B6,7.9
LSS Location,F4-PZ01-A07-R04-B7,7.9
LSS Location,F4-PZ01-A07-R04-C1,7.9
LSS Location,F4-PZ01-A07-R04-C2,7.9
LSS Location,F4-PZ01-A07-R04-C3,7.9
LSS Location,F4-PZ01-A07-R04-C4,7.9
LSS Location,F4-PZ01-A07-R04-C5,7.9
LSS Location,F4-PZ01-A07-R04-C6,7.9
LSS Location,F4-PZ01-A07-R04-C7,7.9
LSS Location,F4-PZ01-A07-R04-D1,7.9
LSS Location,F4-PZ01-A07-R04-D2,7.9
LSS Location,F4-PZ01-A07-R04-D3,7.9
LSS Location,F4-PZ01-A07-R04-D4,7.9
LSS Location,F4-PZ01-A07-R04-D5,7.9
LSS Location,F4-PZ01-A07-R05-A1,7.9
LSS Location,F4-PZ01-A07-R05-A2,7.9
LSS Location,F4-PZ01-A07-R05-A3,7.9
LSS Location,F4-PZ01-A07-R05-A4,7.9
LSS Location,F4-PZ01-A07-R05-A5,7.9
LSS Location,F4-PZ01-A07-R05-A6,7.9
LSS Location,F4-PZ01-A07-R05-A7,7.9
LSS Location,F4-PZ01-A07-R05-B1,7.9
LSS Location,F4-PZ01-A07-R05-B2,7.9
LSS Location,F4-PZ01-A07-R05-B3,7.9
LSS Location,F4-PZ01-A07-R05-B4,7.9
LSS Location,F4-PZ01-A07-R05-B5,7.9
LSS Location,F4-PZ01-A07-R05-B6,7.9
LSS Location,F4-PZ01-A07-R05-B7,7.9
LSS Location,F4-PZ01-A07-R05-C1,7.9
LSS Location,F4-PZ01-A07-R05-C2,7.9
LSS Location,F4-PZ01-A07-R05-C3,7.9
LSS Location,F4-PZ01-A07-R05-C4,7.9
LSS Location,F4-PZ01-A07-R05-C5,7.9
LSS Location,F4-PZ01-A07-R05-C6,7.9
LSS Location,F4-PZ01-A07-R05-C7,7.9
LSS Location,F4-PZ01-A07-R05-D1,7.9
LSS Location,F4-PZ01-A07-R05-D2,7.9
LSS Location,F4-PZ01-A07-R05-D3,7.9
LSS Location,F4-PZ01-A07-R05-D4,7.9
LSS Location,F4-PZ01-A07-R05-D5,7.9
LSS Location,F4-PZ01-A07-R06-A1,7.9
LSS Location,F4-PZ01-A07-R06-A2,7.9
LSS Location,F4-PZ01-A07-R06-A3,7.9
LSS Location,F4-PZ01-A07-R06-A4,7.9
LSS Location,F4-PZ01-A07-R06-A5,7.9
LSS Location,F4-PZ01-A07-R06-A6,7.9
LSS Location,F4-PZ01-A07-R06-A7,7.9
LSS Location,F4-PZ01-A07-R06-B1,7.9
LSS Location,F4-PZ01-A07-R06-B2,7.9
LSS Location,F4-PZ01-A07-R06-B3,7.9
LSS Location,F4-PZ01-A07-R06-B4,7.9
LSS Location,F4-PZ01-A07-R06-B5,7.9
LSS Location,F4-PZ01-A07-R06-B6,7.9
LSS Location,F4-PZ01-A07-R06-B7,7.9
LSS Location,F4-PZ01-A07-R06-C1,7.9
LSS Location,F4-PZ01-A07-R06-C2,7.9
LSS Location,F4-PZ01-A07-R06-C3,7.9
LSS Location,F4-PZ01-A07-R06-C4,7.9
LSS Location,F4-PZ01-A07-R06-C5,7.9
LSS Location,F4-PZ01-A07-R06-C6,7.9
LSS Location,F4-PZ01-A07-R06-C7,7.9
LSS Location,F4-PZ01-A07-R06-D1,7.9
LSS Location,F4-PZ01-A07-R06-D2,7.9
LSS Location,F4-PZ01-A07-R06-D3,7.9
LSS Location,F4-PZ01-A07-R06-D4,7.9
LSS Location,F4-PZ01-A07-R06-D5,7.9
LSS Location,F4-PZ01-A07-R07-A1,7.9
LSS Location,F4-PZ01-A07-R07-A2,7.9
LSS Location,F4-PZ01-A07-R07-A3,7.9
LSS Location,F4-PZ01-A07-R07-A4,7.9
LSS Location,F4-PZ01-A07-R07-A5,7.9
LSS Location,F4-PZ01-A07-R07-A6,7.9
LSS Location,F4-PZ01-A07-R07-A7,7.9
LSS Location,F4-PZ01-A07-R07-B1,7.9
LSS Location,F4-PZ01-A07-R07-B2,7.9
LSS Location,F4-PZ01-A07-R07-B3,7.9
LSS Location,F4-PZ01-A07-R07-B4,7.9
LSS Location,F4-PZ01-A07-R07-B5,7.9
LSS Location,F4-PZ01-A07-R07-B6,7.9
LSS Location,F4-PZ01-A07-R07-B7,7.9
LSS Location,F4-PZ01-A07-R07-C1,7.9
LSS Location,F4-PZ01-A07-R07-C2,7.9
LSS Location,F4-PZ01-A07-R07-C3,7.9
LSS Location,F4-PZ01-A07-R07-C4,7.9
LSS Location,F4-PZ01-A07-R07-C5,7.9
LSS Location,F4-PZ01-A07-R07-C6,7.9
LSS Location,F4-PZ01-A07-R07-C7,7.9
LSS Location,F4-PZ01-A07-R07-D1,7.9
LSS Location,F4-PZ01-A07-R07-D2,7.9
LSS Location,F4-PZ01-A07-R07-D3,7.9
LSS Location,F4-PZ01-A07-R07-D4,7.9
LSS Location,F4-PZ01-A07-R07-D5,7.9
LSS Location,F4-PZ01-A07-R08-A1,7.9
LSS Location,F4-PZ01-A07-R08-A2,7.9
LSS Location,F4-PZ01-A07-R08-A3,7.9
LSS Location,F4-PZ01-A07-R08-A4,7.9
LSS Location,F4-PZ01-A07-R08-A5,7.9
LSS Location,F4-PZ01-A07-R08-A6,7.9
LSS Location,F4-PZ01-A07-R08-A7,7.9
LSS Location,F4-PZ01-A07-R08-B1,7.9
LSS Location,F4-PZ01-A07-R08-B2,7.9
LSS Location,F4-PZ01-A07-R08-B3,7.9
LSS Location,F4-PZ01-A07-R08-B4,7.9
LSS Location,F4-PZ01-A07-R08-B5,7.9
LSS Location,F4-PZ01-A07-R08-B6,7.9
LSS Location,F4-PZ01-A07-R08-B7,7.9
LSS Location,F4-PZ01-A07-R08-C1,7.9
LSS Location,F4-PZ01-A07-R08-C2,7.9
LSS Location,F4-PZ01-A07-R08-C3,7.9
LSS Location,F4-PZ01-A07-R08-C4,7.9
LSS Location,F4-PZ01-A07-R08-C5,7.9
LSS Location,F4-PZ01-A07-R08-C6,7.9
LSS Location,F4-PZ01-A07-R08-C7,7.9
LSS Location,F4-PZ01-A07-R08-D1,7.9
LSS Location,F4-PZ01-A07-R08-D2,7.9
LSS Location,F4-PZ01-A07-R08-D3,7.9
LSS Location,F4-PZ01-A07-R08-D4,7.9
LSS Location,F4-PZ01-A07-R08-D5,7.9
LSS Location,F4-PZ01-A07-R09-A1,7.9
LSS Location,F4-PZ01-A07-R09-A2,7.9
LSS Location,F4-PZ01-A07-R09-A3,7.9
LSS Location,F4-PZ01-A07-R09-A4,7.9
LSS Location,F4-PZ01-A07-R09-A5,7.9
LSS Location,F4-PZ01-A07-R09-A6,7.9
LSS Location,F4-PZ01-A07-R09-A7,7.9
LSS Location,F4-PZ01-A07-R09-B1,7.9
LSS Location,F4-PZ01-A07-R09-B2,7.9
LSS Location,F4-PZ01-A07-R09-B3,7.9
LSS Location,F4-PZ01-A07-R09-B4,7.9
LSS Location,F4-PZ01-A07-R09-B5,7.9
LSS Location,F4-PZ01-A07-R09-B6,7.9
LSS Location,F4-PZ01-A07-R09-B7,7.9
LSS Location,F4-PZ01-A07-R09-C1,7.9
LSS Location,F4-PZ01-A07-R09-C2,7.9
LSS Location,F4-PZ01-A07-R09-C3,7.9
LSS Location,F4-PZ01-A07-R09-C4,7.9
LSS Location,F4-PZ01-A07-R09-C5,7.9
LSS Location,F4-PZ01-A07-R09-C6,7.9
LSS Location,F4-PZ01-A07-R09-C7,7.9
LSS Location,F4-PZ01-A07-R09-D1,7.9
LSS Location,F4-PZ01-A07-R09-D2,7.9
LSS Location,F4-PZ01-A07-R09-D3,7.9
LSS Location,F4-PZ01-A07-R09-D4,7.9
LSS Location,F4-PZ01-A07-R09-D5,7.9
LSS Location,F4-PZ01-A07-R10-A1,7.9
LSS Location,F4-PZ01-A07-R10-A2,7.9
LSS Location,F4-PZ01-A07-R10-A3,7.9
LSS Location,F4-PZ01-A07-R10-A4,7.9
LSS Location,F4-PZ01-A07-R10-A5,7.9
LSS Location,F4-PZ01-A07-R10-B1,7.9
LSS Location,F4-PZ01-A07-R10-B2,7.9
LSS Location,F4-PZ01-A07-R10-B3,7.9
LSS Location,F4-PZ01-A07-R10-B4,7.9
LSS Location,F4-PZ01-A07-R10-B5,7.9
LSS Location,F4-PZ01-A07-R10-C1,7.9
LSS Location,F4-PZ01-A07-R10-C2,7.9
LSS Location,F4-PZ01-A07-R10-C3,7.9
LSS Location,F4-PZ01-A07-R10-C4,7.9
LSS Location,F4-PZ01-A07-R10-C5,7.9
LSS Location,F4-PZ01-A07-R10-D1,7.9
LSS Location,F4-PZ01-A07-R10-D2,7.9
LSS Location,F4-PZ01-A07-R10-D3,7.9
LSS Location,F4-PZ01-A07-R10-D4,7.9
LSS Location,F4-PZ01-A08-R01-A1,7.9
LSS Location,F4-PZ01-A08-R01-A2,7.9
LSS Location,F4-PZ01-A08-R01-A3,7.9
LSS Location,F4-PZ01-A08-R01-A4,7.9
LSS Location,F4-PZ01-A08-R01-A5,7.9
LSS Location,F4-PZ01-A08-R01-A6,7.9
LSS Location,F4-PZ01-A08-R01-A7,7.9
LSS Location,F4-PZ01-A08-R01-B1,7.9
LSS Location,F4-PZ01-A08-R01-B2,7.9
LSS Location,F4-PZ01-A08-R01-B3,7.9
LSS Location,F4-PZ01-A08-R01-B4,7.9
LSS Location,F4-PZ01-A08-R01-B5,7.9
LSS Location,F4-PZ01-A08-R01-B6,7.9
LSS Location,F4-PZ01-A08-R01-B7,7.9
LSS Location,F4-PZ01-A08-R01-C1,7.9
LSS Location,F4-PZ01-A08-R01-C2,7.9
LSS Location,F4-PZ01-A08-R01-C3,7.9
LSS Location,F4-PZ01-A08-R01-C4,7.9
LSS Location,F4-PZ01-A08-R01-C5,7.9
LSS Location,F4-PZ01-A08-R01-C6,7.9
LSS Location,F4-PZ01-A08-R01-C7,7.9
LSS Location,F4-PZ01-A08-R01-D1,7.9
LSS Location,F4-PZ01-A08-R01-D2,7.9
LSS Location,F4-PZ01-A08-R01-D3,7.9
LSS Location,F4-PZ01-A08-R01-D4,7.9
LSS Location,F4-PZ01-A08-R01-D5,7.9
LSS Location,F4-PZ01-A08-R02-A1,7.9
LSS Location,F4-PZ01-A08-R02-A2,7.9
LSS Location,F4-PZ01-A08-R02-A3,7.9
LSS Location,F4-PZ01-A08-R02-A4,7.9
LSS Location,F4-PZ01-A08-R02-A5,7.9
LSS Location,F4-PZ01-A08-R02-A6,7.9
LSS Location,F4-PZ01-A08-R02-A7,7.9
LSS Location,F4-PZ01-A08-R02-B1,7.9
LSS Location,F4-PZ01-A08-R02-B2,7.9
LSS Location,F4-PZ01-A08-R02-B3,7.9
LSS Location,F4-PZ01-A08-R02-B4,7.9
LSS Location,F4-PZ01-A08-R02-B5,7.9
LSS Location,F4-PZ01-A08-R02-B6,7.9
LSS Location,F4-PZ01-A08-R02-B7,7.9
LSS Location,F4-PZ01-A08-R02-C1,7.9
LSS Location,F4-PZ01-A08-R02-C2,7.9
LSS Location,F4-PZ01-A08-R02-C3,7.9
LSS Location,F4-PZ01-A08-R02-C4,7.9
LSS Location,F4-PZ01-A08-R02-C5,7.9
LSS Location,F4-PZ01-A08-R02-C6,7.9
LSS Location,F4-PZ01-A08-R02-C7,7.9
LSS Location,F4-PZ01-A08-R02-D1,7.9
LSS Location,F4-PZ01-A08-R02-D2,7.9
LSS Location,F4-PZ01-A08-R02-D3,7.9
LSS Location,F4-PZ01-A08-R02-D4,7.9
LSS Location,F4-PZ01-A08-R02-D5,7.9
LSS Location,F4-PZ01-A08-R03-A1,7.9
LSS Location,F4-PZ01-A08-R03-A2,7.9
LSS Location,F4-PZ01-A08-R03-A3,7.9
LSS Location,F4-PZ01-A08-R03-A4,7.9
LSS Location,F4-PZ01-A08-R03-A5,7.9
LSS Location,F4-PZ01-A08-R03-A6,7.9
LSS Location,F4-PZ01-A08-R03-A7,7.9
LSS Location,F4-PZ01-A08-R03-B1,7.9
LSS Location,F4-PZ01-A08-R03-B2,7.9
LSS Location,F4-PZ01-A08-R03-B3,7.9
LSS Location,F4-PZ01-A08-R03-B4,7.9
LSS Location,F4-PZ01-A08-R03-B5,7.9
LSS Location,F4-PZ01-A08-R03-B6,7.9
LSS Location,F4-PZ01-A08-R03-B7,7.9
LSS Location,F4-PZ01-A08-R03-C1,7.9
LSS Location,F4-PZ01-A08-R03-C2,7.9
LSS Location,F4-PZ01-A08-R03-C3,7.9
LSS Location,F4-PZ01-A08-R03-C4,7.9
LSS Location,F4-PZ01-A08-R03-C5,7.9
LSS Location,F4-PZ01-A08-R03-C6,7.9
LSS Location,F4-PZ01-A08-R03-C7,7.9
LSS Location,F4-PZ01-A08-R03-D1,7.9
LSS Location,F4-PZ01-A08-R03-D2,7.9
LSS Location,F4-PZ01-A08-R03-D3,7.9
LSS Location,F4-PZ01-A08-R03-D4,7.9
LSS Location,F4-PZ01-A08-R03-D5,7.9
LSS Location,F4-PZ01-A08-R04-A1,7.9
LSS Location,F4-PZ01-A08-R04-A2,7.9
LSS Location,F4-PZ01-A08-R04-A3,7.9
LSS Location,F4-PZ01-A08-R04-A4,7.9
LSS Location,F4-PZ01-A08-R04-A5,7.9
LSS Location,F4-PZ01-A08-R04-A6,7.9
LSS Location,F4-PZ01-A08-R04-A7,7.9
LSS Location,F4-PZ01-A08-R04-B1,7.9
LSS Location,F4-PZ01-A08-R04-B2,7.9
LSS Location,F4-PZ01-A08-R04-B3,7.9
LSS Location,F4-PZ01-A08-R04-B4,7.9
LSS Location,F4-PZ01-A08-R04-B5,7.9
LSS Location,F4-PZ01-A08-R04-B6,7.9
LSS Location,F4-PZ01-A08-R04-B7,7.9
LSS Location,F4-PZ01-A08-R04-C1,7.9
LSS Location,F4-PZ01-A08-R04-C2,7.9
LSS Location,F4-PZ01-A08-R04-C3,7.9
LSS Location,F4-PZ01-A08-R04-C4,7.9
LSS Location,F4-PZ01-A08-R04-C5,7.9
LSS Location,F4-PZ01-A08-R04-C6,7.9
LSS Location,F4-PZ01-A08-R04-C7,7.9
LSS Location,F4-PZ01-A08-R04-D1,7.9
LSS Location,F4-PZ01-A08-R04-D2,7.9
LSS Location,F4-PZ01-A08-R04-D3,7.9
LSS Location,F4-PZ01-A08-R04-D4,7.9
LSS Location,F4-PZ01-A08-R04-D5,7.9
LSS Location,F4-PZ01-A08-R05-A1,7.9
LSS Location,F4-PZ01-A08-R05-A2,7.9
LSS Location,F4-PZ01-A08-R05-A3,7.9
LSS Location,F4-PZ01-A08-R05-A4,7.9
LSS Location,F4-PZ01-A08-R05-A5,7.9
LSS Location,F4-PZ01-A08-R05-A6,7.9
LSS Location,F4-PZ01-A08-R05-A7,7.9
LSS Location,F4-PZ01-A08-R05-B1,7.9
LSS Location,F4-PZ01-A08-R05-B2,7.9
LSS Location,F4-PZ01-A08-R05-B3,7.9
LSS Location,F4-PZ01-A08-R05-B4,7.9
LSS Location,F4-PZ01-A08-R05-B5,7.9
LSS Location,F4-PZ01-A08-R05-B6,7.9
LSS Location,F4-PZ01-A08-R05-B7,7.9
LSS Location,F4-PZ01-A08-R05-C1,7.9
LSS Location,F4-PZ01-A08-R05-C2,7.9
LSS Location,F4-PZ01-A08-R05-C3,7.9
LSS Location,F4-PZ01-A08-R05-C4,7.9
LSS Location,F4-PZ01-A08-R05-C5,7.9
LSS Location,F4-PZ01-A08-R05-C6,7.9
LSS Location,F4-PZ01-A08-R05-C7,7.9
LSS Location,F4-PZ01-A08-R05-D1,7.9
LSS Location,F4-PZ01-A08-R05-D2,7.9
LSS Location,F4-PZ01-A08-R05-D3,7.9
LSS Location,F4-PZ01-A08-R05-D4,7.9
LSS Location,F4-PZ01-A08-R05-D5,7.9
LSS Location,F4-PZ01-A08-R06-A1,7.9
LSS Location,F4-PZ01-A08-R06-A2,7.9
LSS Location,F4-PZ01-A08-R06-A3,7.9
LSS Location,F4-PZ01-A08-R06-A4,7.9
LSS Location,F4-PZ01-A08-R06-A5,7.9
LSS Location,F4-PZ01-A08-R06-B1,7.9
LSS Location,F4-PZ01-A08-R06-B2,7.9
LSS Location,F4-PZ01-A08-R06-B3,7.9
LSS Location,F4-PZ01-A08-R06-B4,7.9
LSS Location,F4-PZ01-A08-R06-B5,7.9
LSS Location,F4-PZ01-A08-R06-C1,7.9
LSS Location,F4-PZ01-A08-R06-C2,7.9
LSS Location,F4-PZ01-A08-R06-C3,7.9
LSS Location,F4-PZ01-A08-R06-C4,7.9
LSS Location,F4-PZ01-A08-R06-C5,7.9
LSS Location,F4-PZ01-A08-R06-D1,7.9
LSS Location,F4-PZ01-A08-R06-D2,7.9
LSS Location,F4-PZ01-A08-R06-D3,7.9
LSS Location,F4-PZ01-A08-R06-D4,7.9
LSS Location,F4-PZ02-A08-R01-A1,7.9
LSS Location,F4-PZ02-A08-R01-A2,7.9
LSS Location,F4-PZ02-A08-R01-A3,7.9
LSS Location,F4-PZ02-A08-R01-A4,7.9
LSS Location,F4-PZ02-A08-R01-A5,7.9
LSS Location,F4-PZ02-A08-R01-A6,7.9
LSS Location,F4-PZ02-A08-R01-A7,7.9
LSS Location,F4-PZ02-A08-R01-B1,7.9
LSS Location,F4-PZ02-A08-R01-B2,7.9
LSS Location,F4-PZ02-A08-R01-B3,7.9
LSS Location,F4-PZ02-A08-R01-B4,7.9
LSS Location,F4-PZ02-A08-R01-B5,7.9
LSS Location,F4-PZ02-A08-R01-B6,7.9
LSS Location,F4-PZ02-A08-R01-B7,7.9
LSS Location,F4-PZ02-A08-R01-C1,7.9
LSS Location,F4-PZ02-A08-R01-C2,7.9
LSS Location,F4-PZ02-A08-R01-C3,7.9
LSS Location,F4-PZ02-A08-R01-C4,7.9
LSS Location,F4-PZ02-A08-R01-C5,7.9
LSS Location,F4-PZ02-A08-R01-C6,7.9
LSS Location,F4-PZ02-A08-R01-C7,7.9
LSS Location,F4-PZ02-A08-R01-D1,7.9
LSS Location,F4-PZ02-A08-R01-D2,7.9
LSS Location,F4-PZ02-A08-R01-D3,7.9
LSS Location,F4-PZ02-A08-R01-D4,7.9
LSS Location,F4-PZ02-A08-R01-D5,7.9
LSS Location,F4-PZ02-A08-R02-A1,7.9
LSS Location,F4-PZ02-A08-R02-A2,7.9
LSS Location,F4-PZ02-A08-R02-A3,7.9
LSS Location,F4-PZ02-A08-R02-A4,7.9
LSS Location,F4-PZ02-A08-R02-A5,7.9
LSS Location,F4-PZ02-A08-R02-A6,7.9
LSS Location,F4-PZ02-A08-R02-A7,7.9
LSS Location,F4-PZ02-A08-R02-B1,7.9
LSS Location,F4-PZ02-A08-R02-B2,7.9
LSS Location,F4-PZ02-A08-R02-B3,7.9
LSS Location,F4-PZ02-A08-R02-B4,7.9
LSS Location,F4-PZ02-A08-R02-B5,7.9
LSS Location,F4-PZ02-A08-R02-B6,7.9
LSS Location,F4-PZ02-A08-R02-B7,7.9
LSS Location,F4-PZ02-A08-R02-C1,7.9
LSS Location,F4-PZ02-A08-R02-C2,7.9
LSS Location,F4-PZ02-A08-R02-C3,7.9
LSS Location,F4-PZ02-A08-R02-C4,7.9
LSS Location,F4-PZ02-A08-R02-C5,7.9
LSS Location,F4-PZ02-A08-R02-C6,7.9
LSS Location,F4-PZ02-A08-R02-C7,7.9
LSS Location,F4-PZ02-A08-R02-D1,7.9
LSS Location,F4-PZ02-A08-R02-D2,7.9
LSS Location,F4-PZ02-A08-R02-D3,7.9
LSS Location,F4-PZ02-A08-R02-D4,7.9
LSS Location,F4-PZ02-A08-R02-D5,7.9
LSS Location,F4-PZ02-A08-R03-A1,7.9
LSS Location,F4-PZ02-A08-R03-A2,7.9
LSS Location,F4-PZ02-A08-R03-A3,7.9
LSS Location,F4-PZ02-A08-R03-A4,7.9
LSS Location,F4-PZ02-A08-R03-A5,7.9
LSS Location,F4-PZ02-A08-R03-A6,7.9
LSS Location,F4-PZ02-A08-R03-A7,7.9
LSS Location,F4-PZ02-A08-R03-B1,7.9
LSS Location,F4-PZ02-A08-R03-B2,7.9
LSS Location,F4-PZ02-A08-R03-B3,7.9
LSS Location,F4-PZ02-A08-R03-B4,7.9
LSS Location,F4-PZ02-A08-R03-B5,7.9
LSS Location,F4-PZ02-A08-R03-B6,7.9
LSS Location,F4-PZ02-A08-R03-B7,7.9
LSS Location,F4-PZ02-A08-R03-C1,7.9
LSS Location,F4-PZ02-A08-R03-C2,7.9
LSS Location,F4-PZ02-A08-R03-C3,7.9
LSS Location,F4-PZ02-A08-R03-C4,7.9
LSS Location,F4-PZ02-A08-R03-C5,7.9
LSS Location,F4-PZ02-A08-R03-C6,7.9
LSS Location,F4-PZ02-A08-R03-C7,7.9
LSS Location,F4-PZ02-A08-R03-D1,7.9
LSS Location,F4-PZ02-A08-R03-D2,7.9
LSS Location,F4-PZ02-A08-R03-D3,7.9
LSS Location,F4-PZ02-A08-R03-D4,7.9
LSS Location,F4-PZ02-A08-R03-D5,7.9
LSS Location,F4-PZ02-A08-R04-A1,7.9
LSS Location,F4-PZ02-A08-R04-A2,7.9
LSS Location,F4-PZ02-A08-R04-A3,7.9
LSS Location,F4-PZ02-A08-R04-A4,7.9
LSS Location,F4-PZ02-A08-R04-A5,7.9
LSS Location,F4-PZ02-A08-R04-A6,7.9
LSS Location,F4-PZ02-A08-R04-A7,7.9
LSS Location,F4-PZ02-A08-R04-B1,7.9
LSS Location,F4-PZ02-A08-R04-B2,7.9
LSS Location,F4-PZ02-A08-R04-B3,7.9
LSS Location,F4-PZ02-A08-R04-B4,7.9
LSS Location,F4-PZ02-A08-R04-B5,7.9
LSS Location,F4-PZ02-A08-R04-B6,7.9
LSS Location,F4-PZ02-A08-R04-B7,7.9
LSS Location,F4-PZ02-A08-R04-C1,7.9
LSS Location,F4-PZ02-A08-R04-C2,7.9
LSS Location,F4-PZ02-A08-R04-C3,7.9
LSS Location,F4-PZ02-A08-R04-C4,7.9
LSS Location,F4-PZ02-A08-R04-C5,7.9
LSS Location,F4-PZ02-A08-R04-C6,7.9
LSS Location,F4-PZ02-A08-R04-C7,7.9
LSS Location,F4-PZ02-A08-R04-D1,7.9
LSS Location,F4-PZ02-A08-R04-D2,7.9
LSS Location,F4-PZ02-A08-R04-D3,7.9
LSS Location,F4-PZ02-A08-R04-D4,7.9
LSS Location,F4-PZ02-A08-R04-D5,7.9
LSS Location,F4-PZ02-A08-R05-A1,7.9
LSS Location,F4-PZ02-A08-R05-A2,7.9
LSS Location,F4-PZ02-A08-R05-A3,7.9
LSS Location,F4-PZ02-A08-R05-A4,7.9
LSS Location,F4-PZ02-A08-R05-A5,7.9
LSS Location,F4-PZ02-A08-R05-A6,7.9
LSS Location,F4-PZ02-A08-R05-A7,7.9
LSS Location,F4-PZ02-A08-R05-B1,7.9
LSS Location,F4-PZ02-A08-R05-B2,7.9
LSS Location,F4-PZ02-A08-R05-B3,7.9
LSS Location,F4-PZ02-A08-R05-B4,7.9
LSS Location,F4-PZ02-A08-R05-B5,7.9
LSS Location,F4-PZ02-A08-R05-B6,7.9
LSS Location,F4-PZ02-A08-R05-B7,7.9
LSS Location,F4-PZ02-A08-R05-C1,7.9
LSS Location,F4-PZ02-A08-R05-C2,7.9
LSS Location,F4-PZ02-A08-R05-C3,7.9
LSS Location,F4-PZ02-A08-R05-C4,7.9
LSS Location,F4-PZ02-A08-R05-C5,7.9
LSS Location,F4-PZ02-A08-R05-C6,7.9
LSS Location,F4-PZ02-A08-R05-C7,7.9
LSS Location,F4-PZ02-A08-R05-D1,7.9
LSS Location,F4-PZ02-A08-R05-D2,7.9
LSS Location,F4-PZ02-A08-R05-D3,7.9
LSS Location,F4-PZ02-A08-R05-D4,7.9
LSS Location,F4-PZ02-A08-R05-D5,7.9
LSS Location,F4-PZ02-A08-R06-A1,7.9
LSS Location,F4-PZ02-A08-R06-A2,7.9
LSS Location,F4-PZ02-A08-R06-A3,7.9
LSS Location,F4-PZ02-A08-R06-A4,7.9
LSS Location,F4-PZ02-A08-R06-A5,7.9
LSS Location,F4-PZ02-A08-R06-B1,7.9
LSS Location,F4-PZ02-A08-R06-B2,7.9
LSS Location,F4-PZ02-A08-R06-B3,7.9
LSS Location,F4-PZ02-A08-R06-B4,7.9
LSS Location,F4-PZ02-A08-R06-B5,7.9
LSS Location,F4-PZ02-A08-R06-C1,7.9
LSS Location,F4-PZ02-A08-R06-C2,7.9
LSS Location,F4-PZ02-A08-R06-C3,7.9
LSS Location,F4-PZ02-A08-R06-C4,7.9
LSS Location,F4-PZ02-A08-R06-C5,7.9
LSS Location,F4-PZ02-A08-R06-D1,7.9
LSS Location,F4-PZ02-A08-R06-D2,7.9
LSS Location,F4-PZ02-A08-R06-D3,7.9
LSS Location,F4-PZ02-A08-R06-D4,7.9
LSS Location,F4-PZ02-A09-R01-A1,7.9
LSS Location,F4-PZ02-A09-R01-A2,7.9
LSS Location,F4-PZ02-A09-R01-A3,7.9
LSS Location,F4-PZ02-A09-R01-A4,7.9
LSS Location,F4-PZ02-A09-R01-A5,7.9
LSS Location,F4-PZ02-A09-R01-A6,7.9
LSS Location,F4-PZ02-A09-R01-A7,7.9
LSS Location,F4-PZ02-A09-R01-B1,7.9
LSS Location,F4-PZ02-A09-R01-B2,7.9
LSS Location,F4-PZ02-A09-R01-B3,7.9
LSS Location,F4-PZ02-A09-R01-B4,7.9
LSS Location,F4-PZ02-A09-R01-B5,7.9
LSS Location,F4-PZ02-A09-R01-B6,7.9
LSS Location,F4-PZ02-A09-R01-B7,7.9
LSS Location,F4-PZ02-A09-R01-C1,7.9
LSS Location,F4-PZ02-A09-R01-C2,7.9
LSS Location,F4-PZ02-A09-R01-C3,7.9
LSS Location,F4-PZ02-A09-R01-C4,7.9
LSS Location,F4-PZ02-A09-R01-C5,7.9
LSS Location,F4-PZ02-A09-R01-C6,7.9
LSS Location,F4-PZ02-A09-R01-C7,7.9
LSS Location,F4-PZ02-A09-R01-D1,7.9
LSS Location,F4-PZ02-A09-R01-D2,7.9
LSS Location,F4-PZ02-A09-R01-D3,7.9
LSS Location,F4-PZ02-A09-R01-D4,7.9
LSS Location,F4-PZ02-A09-R01-D5,7.9
LSS Location,F4-PZ02-A09-R02-A1,7.9
LSS Location,F4-PZ02-A09-R02-A2,7.9
LSS Location,F4-PZ02-A09-R02-A3,7.9
LSS Location,F4-PZ02-A09-R02-A4,7.9
LSS Location,F4-PZ02-A09-R02-A5,7.9
LSS Location,F4-PZ02-A09-R02-A6,7.9
LSS Location,F4-PZ02-A09-R02-A7,7.9
LSS Location,F4-PZ02-A09-R02-B1,7.9
LSS Location,F4-PZ02-A09-R02-B2,7.9
LSS Location,F4-PZ02-A09-R02-B3,7.9
LSS Location,F4-PZ02-A09-R02-B4,7.9
LSS Location,F4-PZ02-A09-R02-B5,7.9
LSS Location,F4-PZ02-A09-R02-B6,7.9
LSS Location,F4-PZ02-A09-R02-B7,7.9
LSS Location,F4-PZ02-A09-R02-C1,7.9
LSS Location,F4-PZ02-A09-R02-C2,7.9
LSS Location,F4-PZ02-A09-R02-C3,7.9
LSS Location,F4-PZ02-A09-R02-C4,7.9
LSS Location,F4-PZ02-A09-R02-C5,7.9
LSS Location,F4-PZ02-A09-R02-C6,7.9
LSS Location,F4-PZ02-A09-R02-C7,7.9
LSS Location,F4-PZ02-A09-R02-D1,7.9
LSS Location,F4-PZ02-A09-R02-D2,7.9
LSS Location,F4-PZ02-A09-R02-D3,7.9
LSS Location,F4-PZ02-A09-R02-D4,7.9
LSS Location,F4-PZ02-A09-R02-D5,7.9
LSS Location,F4-PZ02-A09-R03-A1,7.9
LSS Location,F4-PZ02-A09-R03-A2,7.9
LSS Location,F4-PZ02-A09-R03-A3,7.9
LSS Location,F4-PZ02-A09-R03-A4,7.9
LSS Location,F4-PZ02-A09-R03-A5,7.9
LSS Location,F4-PZ02-A09-R03-A6,7.9
LSS Location,F4-PZ02-A09-R03-A7,7.9
LSS Location,F4-PZ02-A09-R03-B1,7.9
LSS Location,F4-PZ02-A09-R03-B2,7.9
LSS Location,F4-PZ02-A09-R03-B3,7.9
LSS Location,F4-PZ02-A09-R03-B4,7.9
LSS Location,F4-PZ02-A09-R03-B5,7.9
LSS Location,F4-PZ02-A09-R03-B6,7.9
LSS Location,F4-PZ02-A09-R03-B7,7.9
LSS Location,F4-PZ02-A09-R03-C1,7.9
LSS Location,F4-PZ02-A09-R03-C2,7.9
LSS Location,F4-PZ02-A09-R03-C3,7.9
LSS Location,F4-PZ02-A09-R03-C4,7.9
LSS Location,F4-PZ02-A09-R03-C5,7.9
LSS Location,F4-PZ02-A09-R03-C6,7.9
LSS Location,F4-PZ02-A09-R03-C7,7.9
LSS Location,F4-PZ02-A09-R03-D1,7.9
LSS Location,F4-PZ02-A09-R03-D2,7.9
LSS Location,F4-PZ02-A09-R03-D3,7.9
LSS Location,F4-PZ02-A09-R03-D4,7.9
LSS Location,F4-PZ02-A09-R03-D5,7.9
LSS Location,F4-PZ02-A09-R04-A1,7.9
LSS Location,F4-PZ02-A09-R04-A2,7.9
LSS Location,F4-PZ02-A09-R04-A3,7.9
LSS Location,F4-PZ02-A09-R04-A4,7.9
LSS Location,F4-PZ02-A09-R04-A5,7.9
LSS Location,F4-PZ02-A09-R04-A6,7.9
LSS Location,F4-PZ02-A09-R04-A7,7.9
LSS Location,F4-PZ02-A09-R04-B1,7.9
LSS Location,F4-PZ02-A09-R04-B2,7.9
LSS Location,F4-PZ02-A09-R04-B3,7.9
LSS Location,F4-PZ02-A09-R04-B4,7.9
LSS Location,F4-PZ02-A09-R04-B5,7.9
LSS Location,F4-PZ02-A09-R04-B6,7.9
LSS Location,F4-PZ02-A09-R04-B7,7.9
LSS Location,F4-PZ02-A09-R04-C1,7.9
LSS Location,F4-PZ02-A09-R04-C2,7.9
LSS Location,F4-PZ02-A09-R04-C3,7.9
LSS Location,F4-PZ02-A09-R04-C4,7.9
LSS Location,F4-PZ02-A09-R04-C5,7.9
LSS Location,F4-PZ02-A09-R04-C6,7.9
LSS Location,F4-PZ02-A09-R04-C7,7.9
LSS Location,F4-PZ02-A09-R04-D1,7.9
LSS Location,F4-PZ02-A09-R04-D2,7.9
LSS Location,F4-PZ02-A09-R04-D3,7.9
LSS Location,F4-PZ02-A09-R04-D4,7.9
LSS Location,F4-PZ02-A09-R04-D5,7.9
LSS Location,F4-PZ02-A09-R05-A1,7.9
LSS Location,F4-PZ02-A09-R05-A2,7.9
LSS Location,F4-PZ02-A09-R05-A3,7.9
LSS Location,F4-PZ02-A09-R05-A4,7.9
LSS Location,F4-PZ02-A09-R05-A5,7.9
LSS Location,F4-PZ02-A09-R05-A6,7.9
LSS Location,F4-PZ02-A09-R05-A7,7.9
LSS Location,F4-PZ02-A09-R05-B1,7.9
LSS Location,F4-PZ02-A09-R05-B2,7.9
LSS Location,F4-PZ02-A09-R05-B3,7.9
LSS Location,F4-PZ02-A09-R05-B4,7.9
LSS Location,F4-PZ02-A09-R05-B5,7.9
LSS Location,F4-PZ02-A09-R05-B6,7.9
LSS Location,F4-PZ02-A09-R05-B7,7.9
LSS Location,F4-PZ02-A09-R05-C1,7.9
LSS Location,F4-PZ02-A09-R05-C2,7.9
LSS Location,F4-PZ02-A09-R05-C3,7.9
LSS Location,F4-PZ02-A09-R05-C4,7.9
LSS Location,F4-PZ02-A09-R05-C5,7.9
LSS Location,F4-PZ02-A09-R05-C6,7.9
LSS Location,F4-PZ02-A09-R05-C7,7.9
LSS Location,F4-PZ02-A09-R05-D1,7.9
LSS Location,F4-PZ02-A09-R05-D2,7.9
LSS Location,F4-PZ02-A09-R05-D3,7.9
LSS Location,F4-PZ02-A09-R05-D4,7.9
LSS Location,F4-PZ02-A09-R05-D5,7.9
LSS Location,F4-PZ02-A09-R06-A1,7.9
LSS Location,F4-PZ02-A09-R06-A2,7.9
LSS Location,F4-PZ02-A09-R06-A3,7.9
LSS Location,F4-PZ02-A09-R06-A4,7.9
LSS Location,F4-PZ02-A09-R06-A5,7.9
LSS Location,F4-PZ02-A09-R06-A6,7.9
LSS Location,F4-PZ02-A09-R06-A7,7.9
LSS Location,F4-PZ02-A09-R06-B1,7.9
LSS Location,F4-PZ02-A09-R06-B2,7.9
LSS Location,F4-PZ02-A09-R06-B3,7.9
LSS Location,F4-PZ02-A09-R06-B4,7.9
LSS Location,F4-PZ02-A09-R06-B5,7.9
LSS Location,F4-PZ02-A09-R06-B6,7.9
LSS Location,F4-PZ02-A09-R06-B7,7.9
LSS Location,F4-PZ02-A09-R06-C1,7.9
LSS Location,F4-PZ02-A09-R06-C2,7.9
LSS Location,F4-PZ02-A09-R06-C3,7.9
LSS Location,F4-PZ02-A09-R06-C4,7.9
LSS Location,F4-PZ02-A09-R06-C5,7.9
LSS Location,F4-PZ02-A09-R06-C6,7.9
LSS Location,F4-PZ02-A09-R06-C7,7.9
LSS Location,F4-PZ02-A09-R06-D1,7.9
LSS Location,F4-PZ02-A09-R06-D2,7.9
LSS Location,F4-PZ02-A09-R06-D3,7.9
LSS Location,F4-PZ02-A09-R06-D4,7.9
LSS Location,F4-PZ02-A09-R06-D5,7.9
LSS Location,F4-PZ02-A09-R07-A1,7.9
LSS Location,F4-PZ02-A09-R07-A2,7.9
LSS Location,F4-PZ02-A09-R07-A3,7.9
LSS Location,F4-PZ02-A09-R07-A4,7.9
LSS Location,F4-PZ02-A09-R07-A5,7.9
LSS Location,F4-PZ02-A09-R07-A6,7.9
LSS Location,F4-PZ02-A09-R07-A7,7.9
LSS Location,F4-PZ02-A09-R07-B1,7.9
LSS Location,F4-PZ02-A09-R07-B2,7.9
LSS Location,F4-PZ02-A09-R07-B3,7.9
LSS Location,F4-PZ02-A09-R07-B4,7.9
LSS Location,F4-PZ02-A09-R07-B5,7.9
LSS Location,F4-PZ02-A09-R07-B6,7.9
LSS Location,F4-PZ02-A09-R07-B7,7.9
LSS Location,F4-PZ02-A09-R07-C1,7.9
LSS Location,F4-PZ02-A09-R07-C2,7.9
LSS Location,F4-PZ02-A09-R07-C3,7.9
LSS Location,F4-PZ02-A09-R07-C4,7.9
LSS Location,F4-PZ02-A09-R07-C5,7.9
LSS Location,F4-PZ02-A09-R07-C6,7.9
LSS Location,F4-PZ02-A09-R07-C7,7.9
LSS Location,F4-PZ02-A09-R07-D1,7.9
LSS Location,F4-PZ02-A09-R07-D2,7.9
LSS Location,F4-PZ02-A09-R07-D3,7.9
LSS Location,F4-PZ02-A09-R07-D4,7.9
LSS Location,F4-PZ02-A09-R07-D5,7.9
LSS Location,F4-PZ02-A09-R08-A1,7.9
LSS Location,F4-PZ02-A09-R08-A2,7.9
LSS Location,F4-PZ02-A09-R08-A3,7.9
LSS Location,F4-PZ02-A09-R08-A4,7.9
LSS Location,F4-PZ02-A09-R08-A5,7.9
LSS Location,F4-PZ02-A09-R08-A6,7.9
LSS Location,F4-PZ02-A09-R08-A7,7.9
LSS Location,F4-PZ02-A09-R08-B1,7.9
LSS Location,F4-PZ02-A09-R08-B2,7.9
LSS Location,F4-PZ02-A09-R08-B3,7.9
LSS Location,F4-PZ02-A09-R08-B4,7.9
LSS Location,F4-PZ02-A09-R08-B5,7.9
LSS Location,F4-PZ02-A09-R08-B6,7.9
LSS Location,F4-PZ02-A09-R08-B7,7.9
LSS Location,F4-PZ02-A09-R08-C1,7.9
LSS Location,F4-PZ02-A09-R08-C2,7.9
LSS Location,F4-PZ02-A09-R08-C3,7.9
LSS Location,F4-PZ02-A09-R08-C4,7.9
LSS Location,F4-PZ02-A09-R08-C5,7.9
LSS Location,F4-PZ02-A09-R08-C6,7.9
LSS Location,F4-PZ02-A09-R08-C7,7.9
LSS Location,F4-PZ02-A09-R08-D1,7.9
LSS Location,F4-PZ02-A09-R08-D2,7.9
LSS Location,F4-PZ02-A09-R08-D3,7.9
LSS Location,F4-PZ02-A09-R08-D4,7.9
LSS Location,F4-PZ02-A09-R08-D5,7.9
LSS Location,F4-PZ02-A09-R09-A1,7.9
LSS Location,F4-PZ02-A09-R09-A2,7.9
LSS Location,F4-PZ02-A09-R09-A3,7.9
LSS Location,F4-PZ02-A09-R09-A4,7.9
LSS Location,F4-PZ02-A09-R09-A5,7.9
LSS Location,F4-PZ02-A09-R09-A6,7.9
LSS Location,F4-PZ02-A09-R09-A7,7.9
LSS Location,F4-PZ02-A09-R09-B1,7.9
LSS Location,F4-PZ02-A09-R09-B2,7.9
LSS Location,F4-PZ02-A09-R09-B3,7.9
LSS Location,F4-PZ02-A09-R09-B4,7.9
LSS Location,F4-PZ02-A09-R09-B5,7.9
LSS Location,F4-PZ02-A09-R09-B6,7.9
LSS Location,F4-PZ02-A09-R09-B7,7.9
LSS Location,F4-PZ02-A09-R09-C1,7.9
LSS Location,F4-PZ02-A09-R09-C2,7.9
LSS Location,F4-PZ02-A09-R09-C3,7.9
LSS Location,F4-PZ02-A09-R09-C4,7.9
LSS Location,F4-PZ02-A09-R09-C5,7.9
LSS Location,F4-PZ02-A09-R09-C6,7.9
LSS Location,F4-PZ02-A09-R09-C7,7.9
LSS Location,F4-PZ02-A09-R09-D1,7.9
LSS Location,F4-PZ02-A09-R09-D2,7.9
LSS Location,F4-PZ02-A09-R09-D3,7.9
LSS Location,F4-PZ02-A09-R09-D4,7.9
LSS Location,F4-PZ02-A09-R09-D5,7.9
LSS Location,F4-PZ02-A09-R10-A1,7.9
LSS Location,F4-PZ02-A09-R10-A2,7.9
LSS Location,F4-PZ02-A09-R10-A3,7.9
LSS Location,F4-PZ02-A09-R10-A4,7.9
LSS Location,F4-PZ02-A09-R10-A5,7.9
LSS Location,F4-PZ02-A09-R10-A6,7.9
LSS Location,F4-PZ02-A09-R10-A7,7.9
LSS Location,F4-PZ02-A09-R10-B1,7.9
LSS Location,F4-PZ02-A09-R10-B2,7.9
LSS Location,F4-PZ02-A09-R10-B3,7.9
LSS Location,F4-PZ02-A09-R10-B4,7.9
LSS Location,F4-PZ02-A09-R10-B5,7.9
LSS Location,F4-PZ02-A09-R10-B6,7.9
LSS Location,F4-PZ02-A09-R10-B7,7.9
LSS Location,F4-PZ02-A09-R10-C1,7.9
LSS Location,F4-PZ02-A09-R10-C2,7.9
LSS Location,F4-PZ02-A09-R10-C3,7.9
LSS Location,F4-PZ02-A09-R10-C4,7.9
LSS Location,F4-PZ02-A09-R10-C5,7.9
LSS Location,F4-PZ02-A09-R10-C6,7.9
LSS Location,F4-PZ02-A09-R10-C7,7.9
LSS Location,F4-PZ02-A09-R10-D1,7.9
LSS Location,F4-PZ02-A09-R10-D2,7.9
LSS Location,F4-PZ02-A09-R10-D3,7.9
LSS Location,F4-PZ02-A09-R10-D4,7.9
LSS Location,F4-PZ02-A09-R10-D5,7.9
LSS Location,F4-PZ02-A09-R11-A1,7.9
LSS Location,F4-PZ02-A09-R11-A2,7.9
LSS Location,F4-PZ02-A09-R11-A3,7.9
LSS Location,F4-PZ02-A09-R11-A4,7.9
LSS Location,F4-PZ02-A09-R11-A5,7.9
LSS Location,F4-PZ02-A09-R11-B1,7.9
LSS Location,F4-PZ02-A09-R11-B2,7.9
LSS Location,F4-PZ02-A09-R11-B3,7.9
LSS Location,F4-PZ02-A09-R11-B4,7.9
LSS Location,F4-PZ02-A09-R11-B5,7.9
LSS Location,F4-PZ02-A09-R11-C1,7.9
LSS Location,F4-PZ02-A09-R11-C2,7.9
LSS Location,F4-PZ02-A09-R11-C3,7.9
LSS Location,F4-PZ02-A09-R11-C4,7.9
LSS Location,F4-PZ02-A09-R11-C5,7.9
LSS Location,F4-PZ02-A09-R11-D1,7.9
LSS Location,F4-PZ02-A09-R11-D2,7.9
LSS Location,F4-PZ02-A09-R11-D3,7.9
LSS Location,F4-PZ02-A09-R11-D4,7.9
Bulk Location,F4-PZ02-A09-R12-B2,60
Bulk Location,F4-PZ02-A09-R12-D1,60
Bulk Location,F4-PZ02-A10-R03-B2,60
Bulk Location,F4-PZ02-A10-R11-A1,60
Bulk Location,F4-PZ02-A10-R12-A2,60
Bulk Location,F4-PZ02-A10-R12-B2,60
Bulk Location,F4-PZ02-A11-R03-A1,60
Bulk Location,F4-PZ02-A11-R06-B3,60
Lower Shelve,F4-PZ03-A01-R01-A1,48
Lower Shelve,F4-PZ03-A01-R01-A2,48
Lower Shelve,F4-PZ03-A01-R01-A3,48
Upper Shelve,F4-PZ03-A01-R01-B1,32
Upper Shelve,F4-PZ03-A01-R01-B2,32
Upper Shelve,F4-PZ03-A01-R01-B3,32
Upper Shelve,F4-PZ03-A01-R01-B4,32
Bulk Location,F4-PZ03-A01-R01-PL,60
Lower Shelve,F4-PZ03-A01-R02-A1,48
Lower Shelve,F4-PZ03-A01-R02-A2,48
Lower Shelve,F4-PZ03-A01-R02-A3,48
Upper Shelve,F4-PZ03-A01-R02-B1,32
Upper Shelve,F4-PZ03-A01-R02-B2,32
Upper Shelve,F4-PZ03-A01-R02-B3,32
Upper Shelve,F4-PZ03-A01-R02-B4,32
Lower Shelve,F4-PZ03-A01-R03-A1,48
Lower Shelve,F4-PZ03-A01-R03-A2,48
Lower Shelve,F4-PZ03-A01-R03-A3,48
Upper Shelve,F4-PZ03-A01-R03-B1,32
Upper Shelve,F4-PZ03-A01-R03-B2,32
Upper Shelve,F4-PZ03-A01-R03-B3,32
Upper Shelve,F4-PZ03-A01-R03-B4,32
Lower Shelve,F4-PZ03-A01-R04-A1,48
Lower Shelve,F4-PZ03-A01-R04-A2,48
Lower Shelve,F4-PZ03-A01-R04-A3,48
Upper Shelve,F4-PZ03-A01-R04-B1,32
Upper Shelve,F4-PZ03-A01-R04-B2,32
Upper Shelve,F4-PZ03-A01-R04-B3,32
Upper Shelve,F4-PZ03-A01-R04-B4,32
Lower Shelve,F4-PZ03-A01-R05-A1,48
Lower Shelve,F4-PZ03-A01-R05-A2,48
Lower Shelve,F4-PZ03-A01-R05-A3,48
Upper Shelve,F4-PZ03-A01-R05-B1,32
Upper Shelve,F4-PZ03-A01-R05-B2,32
Upper Shelve,F4-PZ03-A01-R05-B3,32
Upper Shelve,F4-PZ03-A01-R05-B4,32
Lower Shelve,F4-PZ03-A01-R06-A1,48
Lower Shelve,F4-PZ03-A01-R06-A2,48
Lower Shelve,F4-PZ03-A01-R06-A3,48
Upper Shelve,F4-PZ03-A01-R06-B1,32
Upper Shelve,F4-PZ03-A01-R06-B2,32
Upper Shelve,F4-PZ03-A01-R06-B3,32
Upper Shelve,F4-PZ03-A01-R06-B4,32
Lower Shelve,F4-PZ03-A02-R01-A1,48
Lower Shelve,F4-PZ03-A02-R01-A2,48
Lower Shelve,F4-PZ03-A02-R01-A3,48
Upper Shelve,F4-PZ03-A02-R01-B1,32
Upper Shelve,F4-PZ03-A02-R01-B2,32
Upper Shelve,F4-PZ03-A02-R01-B3,32
Upper Shelve,F4-PZ03-A02-R01-B4,32
Bulk Location,F4-PZ03-A02-R01-PL,60
Lower Shelve,F4-PZ03-A02-R02-A1,48
Lower Shelve,F4-PZ03-A02-R02-A2,48
Lower Shelve,F4-PZ03-A02-R02-A3,48
Upper Shelve,F4-PZ03-A02-R02-B1,32
Upper Shelve,F4-PZ03-A02-R02-B2,32
Upper Shelve,F4-PZ03-A02-R02-B3,32
Upper Shelve,F4-PZ03-A02-R02-B4,32
Lower Shelve,F4-PZ03-A02-R03-A1,48
Lower Shelve,F4-PZ03-A02-R03-A2,48
Lower Shelve,F4-PZ03-A02-R03-A3,48
Upper Shelve,F4-PZ03-A02-R03-B1,32
Upper Shelve,F4-PZ03-A02-R03-B2,32
Upper Shelve,F4-PZ03-A02-R03-B3,32
Upper Shelve,F4-PZ03-A02-R03-B4,32
Lower Shelve,F4-PZ03-A02-R04-A1,48
Lower Shelve,F4-PZ03-A02-R04-A2,48
Lower Shelve,F4-PZ03-A02-R04-A3,48
Upper Shelve,F4-PZ03-A02-R04-B1,32
Upper Shelve,F4-PZ03-A02-R04-B2,32
Upper Shelve,F4-PZ03-A02-R04-B3,32
Upper Shelve,F4-PZ03-A02-R04-B4,32
Lower Shelve,F4-PZ03-A02-R05-A1,48
Lower Shelve,F4-PZ03-A02-R05-A2,48
Lower Shelve,F4-PZ03-A02-R05-A3,48
Upper Shelve,F4-PZ03-A02-R05-B1,32
Upper Shelve,F4-PZ03-A02-R05-B2,32
Upper Shelve,F4-PZ03-A02-R05-B3,32
Upper Shelve,F4-PZ03-A02-R05-B4,32
Lower Shelve,F4-PZ03-A02-R06-A1,48
Lower Shelve,F4-PZ03-A02-R06-A2,48
Lower Shelve,F4-PZ03-A02-R06-A3,48
Upper Shelve,F4-PZ03-A02-R06-B1,32
Upper Shelve,F4-PZ03-A02-R06-B2,32
Upper Shelve,F4-PZ03-A02-R06-B3,32
Upper Shelve,F4-PZ03-A02-R06-B4,32
Lower Shelve,F4-PZ03-A02-R07-A1,48
Lower Shelve,F4-PZ03-A02-R07-A2,48
Lower Shelve,F4-PZ03-A02-R07-A3,48
Upper Shelve,F4-PZ03-A02-R07-B1,32
Upper Shelve,F4-PZ03-A02-R07-B2,32
Upper Shelve,F4-PZ03-A02-R07-B3,32
Upper Shelve,F4-PZ03-A02-R07-B4,32
Lower Shelve,F4-PZ03-A03-R01-A1,48
Lower Shelve,F4-PZ03-A03-R01-A2,48
Lower Shelve,F4-PZ03-A03-R01-A3,48
Upper Shelve,F4-PZ03-A03-R01-B1,32
Upper Shelve,F4-PZ03-A03-R01-B2,32
Upper Shelve,F4-PZ03-A03-R01-B3,32
Upper Shelve,F4-PZ03-A03-R01-B4,32
Bulk Location,F4-PZ03-A03-R01-PL,60
Lower Shelve,F4-PZ03-A03-R02-A1,48
Lower Shelve,F4-PZ03-A03-R02-A2,48
Lower Shelve,F4-PZ03-A03-R02-A3,48
Upper Shelve,F4-PZ03-A03-R02-B1,32
Upper Shelve,F4-PZ03-A03-R02-B2,32
Upper Shelve,F4-PZ03-A03-R02-B3,32
Upper Shelve,F4-PZ03-A03-R02-B4,32
Lower Shelve,F4-PZ03-A03-R03-A1,48
Lower Shelve,F4-PZ03-A03-R03-A2,48
Lower Shelve,F4-PZ03-A03-R03-A3,48
Upper Shelve,F4-PZ03-A03-R03-B1,32
Upper Shelve,F4-PZ03-A03-R03-B2,32
Upper Shelve,F4-PZ03-A03-R03-B3,32
Upper Shelve,F4-PZ03-A03-R03-B4,32
Lower Shelve,F4-PZ03-A03-R04-A1,48
Lower Shelve,F4-PZ03-A03-R04-A2,48
Lower Shelve,F4-PZ03-A03-R04-A3,48
Upper Shelve,F4-PZ03-A03-R04-B1,32
Upper Shelve,F4-PZ03-A03-R04-B2,32
Upper Shelve,F4-PZ03-A03-R04-B3,32
Upper Shelve,F4-PZ03-A03-R04-B4,32
Lower Shelve,F4-PZ03-A03-R05-A1,48
Lower Shelve,F4-PZ03-A03-R05-A2,48
Lower Shelve,F4-PZ03-A03-R05-A3,48
Upper Shelve,F4-PZ03-A03-R05-B1,32
Upper Shelve,F4-PZ03-A03-R05-B2,32
Upper Shelve,F4-PZ03-A03-R05-B3,32
Upper Shelve,F4-PZ03-A03-R05-B4,32
Lower Shelve,F4-PZ03-A03-R06-A1,48
Lower Shelve,F4-PZ03-A03-R06-A2,48
Lower Shelve,F4-PZ03-A03-R06-A3,48
Upper Shelve,F4-PZ03-A03-R06-B1,32
Upper Shelve,F4-PZ03-A03-R06-B2,32
Upper Shelve,F4-PZ03-A03-R06-B3,32
Upper Shelve,F4-PZ03-A03-R06-B4,32
Lower Shelve,F4-PZ03-A03-R07-A1,48
Lower Shelve,F4-PZ03-A03-R07-A2,48
Lower Shelve,F4-PZ03-A03-R07-A3,48
Upper Shelve,F4-PZ03-A03-R07-B1,32
Upper Shelve,F4-PZ03-A03-R07-B2,32
Upper Shelve,F4-PZ03-A03-R07-B3,32
Upper Shelve,F4-PZ03-A03-R07-B4,32
Lower Shelve,F4-PZ03-A03-R08-A1,48
Lower Shelve,F4-PZ03-A03-R08-A2,48
Lower Shelve,F4-PZ03-A03-R08-A3,48
Upper Shelve,F4-PZ03-A03-R08-B1,32
Upper Shelve,F4-PZ03-A03-R08-B2,32
Upper Shelve,F4-PZ03-A03-R08-B3,32
Upper Shelve,F4-PZ03-A03-R08-B4,32
Lower Shelve,F4-PZ03-A03-R09-A1,48
Lower Shelve,F4-PZ03-A03-R09-A2,48
Lower Shelve,F4-PZ03-A03-R09-A3,48
Upper Shelve,F4-PZ03-A03-R09-B1,32
Upper Shelve,F4-PZ03-A03-R09-B2,32
Upper Shelve,F4-PZ03-A03-R09-B3,32
Upper Shelve,F4-PZ03-A03-R09-B4,32
Lower Shelve,F4-PZ03-A03-R10-A1,48
Lower Shelve,F4-PZ03-A03-R10-A2,48
Lower Shelve,F4-PZ03-A03-R10-A3,48
Upper Shelve,F4-PZ03-A03-R10-B1,32
Upper Shelve,F4-PZ03-A03-R10-B2,32
Upper Shelve,F4-PZ03-A03-R10-B3,32
Upper Shelve,F4-PZ03-A03-R10-B4,32
Lower Shelve,F4-PZ03-A04-R01-A1,48
Lower Shelve,F4-PZ03-A04-R01-A2,48
Lower Shelve,F4-PZ03-A04-R01-A3,48
Upper Shelve,F4-PZ03-A04-R01-B1,32
Upper Shelve,F4-PZ03-A04-R01-B2,32
Upper Shelve,F4-PZ03-A04-R01-B3,32
Upper Shelve,F4-PZ03-A04-R01-B4,32
Bulk Location,F4-PZ03-A04-R01-PL,60
Lower Shelve,F4-PZ03-A04-R02-A1,48
Lower Shelve,F4-PZ03-A04-R02-A2,48
Lower Shelve,F4-PZ03-A04-R02-A3,48
Upper Shelve,F4-PZ03-A04-R02-B1,32
Upper Shelve,F4-PZ03-A04-R02-B2,32
Upper Shelve,F4-PZ03-A04-R02-B3,32
Upper Shelve,F4-PZ03-A04-R02-B4,32
Lower Shelve,F4-PZ03-A04-R03-A1,48
Lower Shelve,F4-PZ03-A04-R03-A2,48
Lower Shelve,F4-PZ03-A04-R03-A3,48
Upper Shelve,F4-PZ03-A04-R03-B1,32
Upper Shelve,F4-PZ03-A04-R03-B2,32
Upper Shelve,F4-PZ03-A04-R03-B3,32
Upper Shelve,F4-PZ03-A04-R03-B4,32
Lower Shelve,F4-PZ03-A04-R04-A1,48
Lower Shelve,F4-PZ03-A04-R04-A2,48
Lower Shelve,F4-PZ03-A04-R04-A3,48
Upper Shelve,F4-PZ03-A04-R04-B1,32
Upper Shelve,F4-PZ03-A04-R04-B2,32
Upper Shelve,F4-PZ03-A04-R04-B3,32
Upper Shelve,F4-PZ03-A04-R04-B4,32
Lower Shelve,F4-PZ03-A04-R05-A1,48
Lower Shelve,F4-PZ03-A04-R05-A2,48
Lower Shelve,F4-PZ03-A04-R05-A3,48
Upper Shelve,F4-PZ03-A04-R05-B1,32
Upper Shelve,F4-PZ03-A04-R05-B2,32
Upper Shelve,F4-PZ03-A04-R05-B3,32
Upper Shelve,F4-PZ03-A04-R05-B4,32
Lower Shelve,F4-PZ03-A04-R06-A1,48
Lower Shelve,F4-PZ03-A04-R06-A2,48
Lower Shelve,F4-PZ03-A04-R06-A3,48
Upper Shelve,F4-PZ03-A04-R06-B1,32
Upper Shelve,F4-PZ03-A04-R06-B2,32
Upper Shelve,F4-PZ03-A04-R06-B3,32
Upper Shelve,F4-PZ03-A04-R06-B4,32
Lower Shelve,F4-PZ03-A04-R07-A1,48
Lower Shelve,F4-PZ03-A04-R07-A2,48
Lower Shelve,F4-PZ03-A04-R07-A3,48
Upper Shelve,F4-PZ03-A04-R07-B1,32
Upper Shelve,F4-PZ03-A04-R07-B2,32
Upper Shelve,F4-PZ03-A04-R07-B3,32
Upper Shelve,F4-PZ03-A04-R07-B4,32
Lower Shelve,F4-PZ03-A04-R08-A1,48
Lower Shelve,F4-PZ03-A04-R08-A2,48
Lower Shelve,F4-PZ03-A04-R08-A3,48
Upper Shelve,F4-PZ03-A04-R08-B1,32
Upper Shelve,F4-PZ03-A04-R08-B2,32
Upper Shelve,F4-PZ03-A04-R08-B3,32
Upper Shelve,F4-PZ03-A04-R08-B4,32
Lower Shelve,F4-PZ03-A04-R09-A1,48
Lower Shelve,F4-PZ03-A04-R09-A2,48
Lower Shelve,F4-PZ03-A04-R09-A3,48
Upper Shelve,F4-PZ03-A04-R09-B1,32
Upper Shelve,F4-PZ03-A04-R09-B2,32
Upper Shelve,F4-PZ03-A04-R09-B3,32
Upper Shelve,F4-PZ03-A04-R09-B4,32
Lower Shelve,F4-PZ03-A04-R10-A1,48
Lower Shelve,F4-PZ03-A04-R10-A2,48
Lower Shelve,F4-PZ03-A04-R10-A3,48
Upper Shelve,F4-PZ03-A04-R10-B1,32
Upper Shelve,F4-PZ03-A04-R10-B2,32
Upper Shelve,F4-PZ03-A04-R10-B3,32
Upper Shelve,F4-PZ03-A04-R10-B4,32
Bulk Location,F4-PZ03-A05-R01-PL,60
Lower Shelve,F4-PZ03-A05-R02-A1,48
Lower Shelve,F4-PZ03-A05-R02-A2,48
Lower Shelve,F4-PZ03-A05-R02-A3,48
Upper Shelve,F4-PZ03-A05-R02-B1,32
Upper Shelve,F4-PZ03-A05-R02-B2,32
Upper Shelve,F4-PZ03-A05-R02-B3,32
Upper Shelve,F4-PZ03-A05-R02-B4,32
Lower Shelve,F4-PZ03-A05-R04-A1,48
Lower Shelve,F4-PZ03-A05-R04-A2,48
Lower Shelve,F4-PZ03-A05-R04-A3,48
Upper Shelve,F4-PZ03-A05-R04-B1,32
Upper Shelve,F4-PZ03-A05-R04-B2,32
Upper Shelve,F4-PZ03-A05-R04-B3,32
Upper Shelve,F4-PZ03-A05-R04-B4,32
Lower Shelve,F4-PZ03-A05-R06-A1,48
Lower Shelve,F4-PZ03-A05-R06-A2,48
Lower Shelve,F4-PZ03-A05-R06-A3,48
Upper Shelve,F4-PZ03-A05-R06-B1,32
Upper Shelve,F4-PZ03-A05-R06-B2,32
Upper Shelve,F4-PZ03-A05-R06-B3,32
Upper Shelve,F4-PZ03-A05-R06-B4,32
Lower Shelve,F4-PZ03-A05-R07-A1,48
Lower Shelve,F4-PZ03-A05-R07-A2,48
Lower Shelve,F4-PZ03-A05-R07-A3,48
Upper Shelve,F4-PZ03-A05-R07-B1,32
Upper Shelve,F4-PZ03-A05-R07-B2,32
Upper Shelve,F4-PZ03-A05-R07-B3,32
Upper Shelve,F4-PZ03-A05-R07-B4,32
Lower Shelve,F4-PZ03-A05-R08-A1,48
Lower Shelve,F4-PZ03-A05-R08-A2,48
Lower Shelve,F4-PZ03-A05-R08-A3,48
Upper Shelve,F4-PZ03-A05-R08-B1,32
Upper Shelve,F4-PZ03-A05-R08-B2,32
Upper Shelve,F4-PZ03-A05-R08-B3,32
Upper Shelve,F4-PZ03-A05-R08-B4,32
Lower Shelve,F4-PZ03-A06-R01-A1,48
Lower Shelve,F4-PZ03-A06-R01-A2,48
Lower Shelve,F4-PZ03-A06-R01-A3,48
Upper Shelve,F4-PZ03-A06-R01-B1,32
Upper Shelve,F4-PZ03-A06-R01-B2,32
Upper Shelve,F4-PZ03-A06-R01-B3,32
Upper Shelve,F4-PZ03-A06-R01-B4,32
Bulk Location,F4-PZ03-A06-R01-PL,60
Lower Shelve,F4-PZ03-A06-R02-A1,48
Lower Shelve,F4-PZ03-A06-R02-A2,48
Lower Shelve,F4-PZ03-A06-R02-A3,48
Upper Shelve,F4-PZ03-A06-R02-B1,32
Upper Shelve,F4-PZ03-A06-R02-B2,32
Upper Shelve,F4-PZ03-A06-R02-B3,32
Upper Shelve,F4-PZ03-A06-R02-B4,32
Lower Shelve,F4-PZ03-A06-R03-A1,48
Lower Shelve,F4-PZ03-A06-R03-A2,48
Lower Shelve,F4-PZ03-A06-R03-A3,48
Upper Shelve,F4-PZ03-A06-R03-B1,32
Upper Shelve,F4-PZ03-A06-R03-B2,32
Upper Shelve,F4-PZ03-A06-R03-B3,32
Upper Shelve,F4-PZ03-A06-R03-B4,32
Lower Shelve,F4-PZ03-A06-R04-A1,48
Lower Shelve,F4-PZ03-A06-R04-A2,48
Lower Shelve,F4-PZ03-A06-R04-A3,48
Upper Shelve,F4-PZ03-A06-R04-B1,32
Upper Shelve,F4-PZ03-A06-R04-B2,32
Upper Shelve,F4-PZ03-A06-R04-B3,32
Upper Shelve,F4-PZ03-A06-R04-B4,32
Lower Shelve,F4-PZ03-A06-R05-A1,48
Lower Shelve,F4-PZ03-A06-R05-A2,48
Lower Shelve,F4-PZ03-A06-R05-A3,48
Upper Shelve,F4-PZ03-A06-R05-B1,32
Upper Shelve,F4-PZ03-A06-R05-B2,32
Upper Shelve,F4-PZ03-A06-R05-B3,32
Upper Shelve,F4-PZ03-A06-R05-B4,32
Lower Shelve,F4-PZ03-A06-R06-A1,48
Lower Shelve,F4-PZ03-A06-R06-A2,48
Lower Shelve,F4-PZ03-A06-R06-A3,48
Upper Shelve,F4-PZ03-A06-R06-B1,32
Upper Shelve,F4-PZ03-A06-R06-B2,32
Upper Shelve,F4-PZ03-A06-R06-B3,32
Upper Shelve,F4-PZ03-A06-R06-B4,32
Lower Shelve,F4-PZ03-A06-R07-A1,48
Lower Shelve,F4-PZ03-A06-R07-A2,48
Lower Shelve,F4-PZ03-A06-R07-A3,48
Upper Shelve,F4-PZ03-A06-R07-B1,32
Upper Shelve,F4-PZ03-A06-R07-B2,32
Upper Shelve,F4-PZ03-A06-R07-B3,32
Upper Shelve,F4-PZ03-A06-R07-B4,32
Lower Shelve,F4-PZ03-A06-R08-A1,48
Lower Shelve,F4-PZ03-A06-R08-A2,48
Lower Shelve,F4-PZ03-A06-R08-A3,48
Upper Shelve,F4-PZ03-A06-R08-B1,32
Upper Shelve,F4-PZ03-A06-R08-B2,32
Upper Shelve,F4-PZ03-A06-R08-B3,32
Upper Shelve,F4-PZ03-A06-R08-B4,32
Lower Shelve,F4-PZ03-A06-R09-A1,48
Lower Shelve,F4-PZ03-A06-R09-A2,48
Lower Shelve,F4-PZ03-A06-R09-A3,48
Upper Shelve,F4-PZ03-A06-R09-B1,32
Upper Shelve,F4-PZ03-A06-R09-B2,32
Upper Shelve,F4-PZ03-A06-R09-B3,32
Upper Shelve,F4-PZ03-A06-R09-B4,32
Lower Shelve,F4-PZ03-A06-R10-A1,48
Lower Shelve,F4-PZ03-A06-R10-A2,48
Lower Shelve,F4-PZ03-A06-R10-A3,48
Upper Shelve,F4-PZ03-A06-R10-B1,32
Upper Shelve,F4-PZ03-A06-R10-B2,32
Upper Shelve,F4-PZ03-A06-R10-B3,32
Upper Shelve,F4-PZ03-A06-R10-B4,32
Lower Shelve,F4-PZ03-A07-R01-A1,48
Lower Shelve,F4-PZ03-A07-R01-A2,48
Lower Shelve,F4-PZ03-A07-R01-A3,48
Upper Shelve,F4-PZ03-A07-R01-B1,32
Upper Shelve,F4-PZ03-A07-R01-B2,32
Upper Shelve,F4-PZ03-A07-R01-B3,32
Upper Shelve,F4-PZ03-A07-R01-B4,32
Lower Shelve,F4-PZ03-A07-R02-A1,48
Lower Shelve,F4-PZ03-A07-R02-A2,48
Lower Shelve,F4-PZ03-A07-R02-A3,48
Upper Shelve,F4-PZ03-A07-R02-B1,32
Upper Shelve,F4-PZ03-A07-R02-B2,32
Upper Shelve,F4-PZ03-A07-R02-B3,32
Upper Shelve,F4-PZ03-A07-R02-B4,32
Lower Shelve,F4-PZ03-A07-R03-A1,48
Lower Shelve,F4-PZ03-A07-R03-A2,48
Lower Shelve,F4-PZ03-A07-R03-A3,48
Upper Shelve,F4-PZ03-A07-R03-B1,32
Upper Shelve,F4-PZ03-A07-R03-B2,32
Upper Shelve,F4-PZ03-A07-R03-B3,32
Upper Shelve,F4-PZ03-A07-R03-B4,32
Lower Shelve,F4-PZ03-A07-R04-A1,48
Lower Shelve,F4-PZ03-A07-R04-A2,48
Lower Shelve,F4-PZ03-A07-R04-A3,48
Upper Shelve,F4-PZ03-A07-R04-B1,32
Upper Shelve,F4-PZ03-A07-R04-B2,32
Upper Shelve,F4-PZ03-A07-R04-B3,32
Upper Shelve,F4-PZ03-A07-R04-B4,32
Lower Shelve,F4-PZ03-A07-R05-A1,48
Lower Shelve,F4-PZ03-A07-R05-A2,48
Lower Shelve,F4-PZ03-A07-R05-A3,48
Upper Shelve,F4-PZ03-A07-R05-B1,32
Upper Shelve,F4-PZ03-A07-R05-B2,32
Upper Shelve,F4-PZ03-A07-R05-B3,32
Upper Shelve,F4-PZ03-A07-R05-B4,32
Lower Shelve,F4-PZ03-A07-R06-A1,48
Lower Shelve,F4-PZ03-A07-R06-A2,48
Lower Shelve,F4-PZ03-A07-R06-A3,48
Upper Shelve,F4-PZ03-A07-R06-B1,32
Upper Shelve,F4-PZ03-A07-R06-B2,32
Upper Shelve,F4-PZ03-A07-R06-B3,32
Upper Shelve,F4-PZ03-A07-R06-B4,32
Lower Shelve,F4-PZ03-A07-R07-A1,48
Lower Shelve,F4-PZ03-A07-R07-A2,48
Lower Shelve,F4-PZ03-A07-R07-A3,48
Upper Shelve,F4-PZ03-A07-R07-B1,32
Upper Shelve,F4-PZ03-A07-R07-B2,32
Upper Shelve,F4-PZ03-A07-R07-B3,32
Upper Shelve,F4-PZ03-A07-R07-B4,32
Lower Shelve,F4-PZ03-A07-R08-A1,48
Lower Shelve,F4-PZ03-A07-R08-A2,48
Lower Shelve,F4-PZ03-A07-R08-A3,48
Upper Shelve,F4-PZ03-A07-R08-B1,32
Upper Shelve,F4-PZ03-A07-R08-B2,32
Upper Shelve,F4-PZ03-A07-R08-B3,32
Upper Shelve,F4-PZ03-A07-R08-B4,32
Lower Shelve,F4-PZ03-A07-R09-A1,48
Lower Shelve,F4-PZ03-A07-R09-A2,48
Lower Shelve,F4-PZ03-A07-R09-A3,48
Upper Shelve,F4-PZ03-A07-R09-B1,32
Upper Shelve,F4-PZ03-A07-R09-B2,32
Upper Shelve,F4-PZ03-A07-R09-B3,32
Upper Shelve,F4-PZ03-A07-R09-B4,32
Lower Shelve,F4-PZ03-A07-R10-A1,48
Lower Shelve,F4-PZ03-A07-R10-A2,48
Lower Shelve,F4-PZ03-A07-R10-A3,48
Upper Shelve,F4-PZ03-A07-R10-B1,32
Upper Shelve,F4-PZ03-A07-R10-B2,32
Upper Shelve,F4-PZ03-A07-R10-B3,32
Upper Shelve,F4-PZ03-A07-R10-B4,32
Lower Shelve,F4-PZ03-A08-R01-A1,48
Lower Shelve,F4-PZ03-A08-R01-A2,48
Lower Shelve,F4-PZ03-A08-R01-A3,48
Upper Shelve,F4-PZ03-A08-R01-B1,32
Upper Shelve,F4-PZ03-A08-R01-B2,32
Upper Shelve,F4-PZ03-A08-R01-B3,32
Upper Shelve,F4-PZ03-A08-R01-B4,32
Lower Shelve,F4-PZ03-A08-R02-A1,48
Lower Shelve,F4-PZ03-A08-R02-A2,48
Lower Shelve,F4-PZ03-A08-R02-A3,48
Upper Shelve,F4-PZ03-A08-R02-B1,32
Upper Shelve,F4-PZ03-A08-R02-B2,32
Upper Shelve,F4-PZ03-A08-R02-B3,32
Upper Shelve,F4-PZ03-A08-R02-B4,32
Lower Shelve,F4-PZ03-A08-R03-A1,48
Lower Shelve,F4-PZ03-A08-R03-A2,48
Lower Shelve,F4-PZ03-A08-R03-A3,48
Upper Shelve,F4-PZ03-A08-R03-B1,32
Upper Shelve,F4-PZ03-A08-R03-B2,32
Upper Shelve,F4-PZ03-A08-R03-B3,32
Upper Shelve,F4-PZ03-A08-R03-B4,32
Lower Shelve,F4-PZ03-A08-R04-A1,48
Lower Shelve,F4-PZ03-A08-R04-A2,48
Lower Shelve,F4-PZ03-A08-R04-A3,48
Upper Shelve,F4-PZ03-A08-R04-B1,32
Upper Shelve,F4-PZ03-A08-R04-B2,32
Upper Shelve,F4-PZ03-A08-R04-B3,32
Upper Shelve,F4-PZ03-A08-R04-B4,32
Lower Shelve,F4-PZ03-A08-R05-A1,48
Lower Shelve,F4-PZ03-A08-R05-A2,48
Lower Shelve,F4-PZ03-A08-R05-A3,48
Upper Shelve,F4-PZ03-A08-R05-B1,32
Upper Shelve,F4-PZ03-A08-R05-B2,32
Upper Shelve,F4-PZ03-A08-R05-B3,32
Upper Shelve,F4-PZ03-A08-R05-B4,32
Lower Shelve,F4-PZ04-A08-R01-A1,48
Lower Shelve,F4-PZ04-A08-R01-A2,48
Upper Shelve,F4-PZ04-A08-R01-B1,32
Upper Shelve,F4-PZ04-A08-R01-B2,32
Upper Shelve,F4-PZ04-A08-R01-B3,32
Bulk Location,F4-PZ04-A08-R01-PL,60
Lower Shelve,F4-PZ04-A08-R02-A1,48
Lower Shelve,F4-PZ04-A08-R02-A2,48
Lower Shelve,F4-PZ04-A08-R02-A3,48
Upper Shelve,F4-PZ04-A08-R02-B1,32
Upper Shelve,F4-PZ04-A08-R02-B2,32
Upper Shelve,F4-PZ04-A08-R02-B3,32
Upper Shelve,F4-PZ04-A08-R02-B4,32
Lower Shelve,F4-PZ04-A08-R03-A1,48
Lower Shelve,F4-PZ04-A08-R03-A2,48
Upper Shelve,F4-PZ04-A08-R03-B1,32
Upper Shelve,F4-PZ04-A08-R03-B2,32
Upper Shelve,F4-PZ04-A08-R03-B3,32
Lower Shelve,F4-PZ04-A09-R01-A1,48
Lower Shelve,F4-PZ04-A09-R01-A2,48
Lower Shelve,F4-PZ04-A09-R01-A3,48
Upper Shelve,F4-PZ04-A09-R01-B1,32
Upper Shelve,F4-PZ04-A09-R01-B2,32
Upper Shelve,F4-PZ04-A09-R01-B3,32
Upper Shelve,F4-PZ04-A09-R01-B4,32
Bulk Location,F4-PZ04-A09-R01-PL,60
Lower Shelve,F4-PZ04-A09-R02-A1,48
Lower Shelve,F4-PZ04-A09-R02-A2,48
Lower Shelve,F4-PZ04-A09-R02-A3,48
Upper Shelve,F4-PZ04-A09-R02-B1,32
Upper Shelve,F4-PZ04-A09-R02-B2,32
Upper Shelve,F4-PZ04-A09-R02-B3,32
Lower Shelve,F4-PZ04-A09-R03-A1,48
Lower Shelve,F4-PZ04-A09-R03-A2,48
Lower Shelve,F4-PZ04-A09-R03-A3,48
Upper Shelve,F4-PZ04-A09-R03-B1,32
Upper Shelve,F4-PZ04-A09-R03-B2,32
Upper Shelve,F4-PZ04-A09-R03-B3,32
Upper Shelve,F4-PZ04-A09-R03-B4,32
Lower Shelve,F4-PZ04-A09-R04-A1,48
Lower Shelve,F4-PZ04-A09-R04-A2,48
Lower Shelve,F4-PZ04-A09-R04-A3,48
Upper Shelve,F4-PZ04-A09-R04-B1,32
Upper Shelve,F4-PZ04-A09-R04-B2,32
Upper Shelve,F4-PZ04-A09-R04-B3,32
Upper Shelve,F4-PZ04-A09-R04-B4,32
Lower Shelve,F4-PZ04-A09-R05-A1,48
Lower Shelve,F4-PZ04-A09-R05-A2,48
Lower Shelve,F4-PZ04-A09-R05-A3,48
Upper Shelve,F4-PZ04-A09-R05-B1,32
Upper Shelve,F4-PZ04-A09-R05-B2,32
Upper Shelve,F4-PZ04-A09-R05-B3,32
Upper Shelve,F4-PZ04-A09-R05-B4,32
Lower Shelve,F4-PZ04-A09-R06-A1,48
Lower Shelve,F4-PZ04-A09-R06-A2,48
Lower Shelve,F4-PZ04-A09-R06-A3,48
Upper Shelve,F4-PZ04-A09-R06-B1,32
Upper Shelve,F4-PZ04-A09-R06-B2,32
Upper Shelve,F4-PZ04-A09-R06-B3,32
Upper Shelve,F4-PZ04-A09-R06-B4,32
Lower Shelve,F4-PZ04-A09-R07-A1,48
Lower Shelve,F4-PZ04-A09-R07-A2,48
Lower Shelve,F4-PZ04-A09-R07-A3,48
Upper Shelve,F4-PZ04-A09-R07-B1,32
Upper Shelve,F4-PZ04-A09-R07-B2,32
Upper Shelve,F4-PZ04-A09-R07-B3,32
Upper Shelve,F4-PZ04-A09-R07-B4,32
Lower Shelve,F4-PZ04-A09-R08-A1,48
Lower Shelve,F4-PZ04-A09-R08-A2,48
Lower Shelve,F4-PZ04-A09-R08-A3,48
Upper Shelve,F4-PZ04-A09-R08-B1,32
Upper Shelve,F4-PZ04-A09-R08-B2,32
Upper Shelve,F4-PZ04-A09-R08-B3,32
Upper Shelve,F4-PZ04-A09-R08-B4,32
Lower Shelve,F4-PZ04-A10-R01-A1,48
Lower Shelve,F4-PZ04-A10-R01-A2,48
Upper Shelve,F4-PZ04-A10-R01-B1,32
Upper Shelve,F4-PZ04-A10-R01-B2,32
Upper Shelve,F4-PZ04-A10-R01-B3,32
Bulk Location,F4-PZ04-A10-R01-PL,60
Lower Shelve,F4-PZ04-A10-R02-A1,48
Lower Shelve,F4-PZ04-A10-R02-A2,48
Upper Shelve,F4-PZ04-A10-R02-B1,32
Upper Shelve,F4-PZ04-A10-R02-B2,32
Upper Shelve,F4-PZ04-A10-R02-B3,32
Lower Shelve,F4-PZ04-A10-R03-A1,48
Lower Shelve,F4-PZ04-A10-R03-A2,48
Lower Shelve,F4-PZ04-A10-R03-A3,48
Upper Shelve,F4-PZ04-A10-R03-B1,32
Upper Shelve,F4-PZ04-A10-R03-B2,32
Upper Shelve,F4-PZ04-A10-R03-B3,32
Upper Shelve,F4-PZ04-A10-R03-B4,32
Lower Shelve,F4-PZ04-A10-R04-A1,48
Lower Shelve,F4-PZ04-A10-R04-A2,48
Lower Shelve,F4-PZ04-A10-R04-A3,48
Upper Shelve,F4-PZ04-A10-R04-B1,32
Upper Shelve,F4-PZ04-A10-R04-B2,32
Upper Shelve,F4-PZ04-A10-R04-B3,32
Upper Shelve,F4-PZ04-A10-R04-B4,32
Lower Shelve,F4-PZ04-A10-R05-A1,48
Lower Shelve,F4-PZ04-A10-R05-A2,48
Lower Shelve,F4-PZ04-A10-R05-A3,48
Upper Shelve,F4-PZ04-A10-R05-B1,32
Upper Shelve,F4-PZ04-A10-R05-B2,32
Upper Shelve,F4-PZ04-A10-R05-B3,32
Upper Shelve,F4-PZ04-A10-R05-B4,32
Lower Shelve,F4-PZ04-A10-R06-A1,48
Lower Shelve,F4-PZ04-A10-R06-A2,48
Lower Shelve,F4-PZ04-A10-R06-A3,48
Upper Shelve,F4-PZ04-A10-R06-B1,32
Upper Shelve,F4-PZ04-A10-R06-B2,32
Upper Shelve,F4-PZ04-A10-R06-B3,32
Upper Shelve,F4-PZ04-A10-R06-B4,32
Lower Shelve,F4-PZ04-A10-R07-A1,48
Lower Shelve,F4-PZ04-A10-R07-A2,48
Lower Shelve,F4-PZ04-A10-R07-A3,48
Upper Shelve,F4-PZ04-A10-R07-B1,32
Upper Shelve,F4-PZ04-A10-R07-B2,32
Upper Shelve,F4-PZ04-A10-R07-B3,32
Upper Shelve,F4-PZ04-A10-R07-B4,32
Lower Shelve,F4-PZ04-A10-R08-A1,48
Lower Shelve,F4-PZ04-A10-R08-A2,48
Lower Shelve,F4-PZ04-A10-R08-A3,48
Upper Shelve,F4-PZ04-A10-R08-B1,32
Upper Shelve,F4-PZ04-A10-R08-B2,32
Upper Shelve,F4-PZ04-A10-R08-B3,32
Upper Shelve,F4-PZ04-A10-R08-B4,32
Lower Shelve,F4-PZ04-A11-R01-A1,48
Lower Shelve,F4-PZ04-A11-R01-A2,48
Upper Shelve,F4-PZ04-A11-R01-B1,32
Upper Shelve,F4-PZ04-A11-R01-B2,32
Upper Shelve,F4-PZ04-A11-R01-B3,32
Bulk Location,F4-PZ04-A11-R01-PL,60
Lower Shelve,F4-PZ04-A11-R02-A1,48
Lower Shelve,F4-PZ04-A11-R02-A2,48
Lower Shelve,F4-PZ04-A11-R02-A3,48
Upper Shelve,F4-PZ04-A11-R02-B1,32
Upper Shelve,F4-PZ04-A11-R02-B2,32
Upper Shelve,F4-PZ04-A11-R02-B3,32
Upper Shelve,F4-PZ04-A11-R02-B4,32
Lower Shelve,F4-PZ04-A11-R03-A1,48
Lower Shelve,F4-PZ04-A11-R03-A2,48
Lower Shelve,F4-PZ04-A11-R03-A3,48
Upper Shelve,F4-PZ04-A11-R03-B1,32
Upper Shelve,F4-PZ04-A11-R03-B2,32
Upper Shelve,F4-PZ04-A11-R03-B3,32
Upper Shelve,F4-PZ04-A11-R03-B4,32
Lower Shelve,F4-PZ04-A11-R04-A1,48
Lower Shelve,F4-PZ04-A11-R04-A2,48
Lower Shelve,F4-PZ04-A11-R04-A3,48
Upper Shelve,F4-PZ04-A11-R04-B1,32
Upper Shelve,F4-PZ04-A11-R04-B2,32
Upper Shelve,F4-PZ04-A11-R04-B3,32
Upper Shelve,F4-PZ04-A11-R04-B4,32
Lower Shelve,F4-PZ04-A11-R05-A1,48
Lower Shelve,F4-PZ04-A11-R05-A2,48
Lower Shelve,F4-PZ04-A11-R05-A3,48
Upper Shelve,F4-PZ04-A11-R05-B1,32
Upper Shelve,F4-PZ04-A11-R05-B2,32
Upper Shelve,F4-PZ04-A11-R05-B3,32
Upper Shelve,F4-PZ04-A11-R05-B4,32
Lower Shelve,F4-PZ04-A11-R06-A1,48
Lower Shelve,F4-PZ04-A11-R06-A2,48
Lower Shelve,F4-PZ04-A11-R06-A3,48
Upper Shelve,F4-PZ04-A11-R06-B1,32
Upper Shelve,F4-PZ04-A11-R06-B2,32
Upper Shelve,F4-PZ04-A11-R06-B3,32
Upper Shelve,F4-PZ04-A11-R06-B4,32
Lower Shelve,F4-PZ04-A11-R07-A1,48
Lower Shelve,F4-PZ04-A11-R07-A2,48
Lower Shelve,F4-PZ04-A11-R07-A3,48
Upper Shelve,F4-PZ04-A11-R07-B1,32
Upper Shelve,F4-PZ04-A11-R07-B2,32
Upper Shelve,F4-PZ04-A11-R07-B3,32
Upper Shelve,F4-PZ04-A11-R07-B4,32
Lower Shelve,F4-PZ04-A11-R08-A1,48
Lower Shelve,F4-PZ04-A11-R08-A2,48
Lower Shelve,F4-PZ04-A11-R08-A3,48
Upper Shelve,F4-PZ04-A11-R08-B1,32
Upper Shelve,F4-PZ04-A11-R08-B2,32
Upper Shelve,F4-PZ04-A11-R08-B3,32
Upper Shelve,F4-PZ04-A11-R08-B4,32
Lower Shelve,F4-PZ04-A11-R09-A1,48
Lower Shelve,F4-PZ04-A11-R09-A2,48
Lower Shelve,F4-PZ04-A11-R09-A3,48
Upper Shelve,F4-PZ04-A11-R09-B1,32
Upper Shelve,F4-PZ04-A11-R09-B2,32
Upper Shelve,F4-PZ04-A11-R09-B3,32
Upper Shelve,F4-PZ04-A11-R09-B4,32
Lower Shelve,F4-PZ04-A12-R01-A1,48
Lower Shelve,F4-PZ04-A12-R01-A2,48
Lower Shelve,F4-PZ04-A12-R01-A3,48
Upper Shelve,F4-PZ04-A12-R01-B1,32
Upper Shelve,F4-PZ04-A12-R01-B2,32
Upper Shelve,F4-PZ04-A12-R01-B3,32
Upper Shelve,F4-PZ04-A12-R01-B4,32
Bulk Location,F4-PZ04-A12-R01-PL,60
Bulk Location,F4-PZ04-A12-R01-PL1,60
Bulk Location,F4-PZ04-A12-R01-PL2,60
Lower Shelve,F4-PZ04-A12-R02-A1,48
Lower Shelve,F4-PZ04-A12-R02-A2,48
Lower Shelve,F4-PZ04-A12-R02-A3,48
Upper Shelve,F4-PZ04-A12-R02-B1,32
Upper Shelve,F4-PZ04-A12-R02-B2,32
Upper Shelve,F4-PZ04-A12-R02-B3,32
Upper Shelve,F4-PZ04-A12-R02-B4,32
Lower Shelve,F4-PZ04-A12-R03-A1,48
Lower Shelve,F4-PZ04-A12-R03-A2,48
Lower Shelve,F4-PZ04-A12-R03-A3,48
Upper Shelve,F4-PZ04-A12-R03-B1,32
Upper Shelve,F4-PZ04-A12-R03-B2,32
Upper Shelve,F4-PZ04-A12-R03-B3,32
Upper Shelve,F4-PZ04-A12-R03-B4,32
Lower Shelve,F4-PZ04-A12-R04-A1,48
Lower Shelve,F4-PZ04-A12-R04-A2,48
Lower Shelve,F4-PZ04-A12-R04-A3,48
Upper Shelve,F4-PZ04-A12-R04-B1,32
Upper Shelve,F4-PZ04-A12-R04-B2,32
Upper Shelve,F4-PZ04-A12-R04-B3,32
Upper Shelve,F4-PZ04-A12-R04-B4,32
Lower Shelve,F4-PZ04-A12-R05-A1,48
Lower Shelve,F4-PZ04-A12-R05-A2,48
Lower Shelve,F4-PZ04-A12-R05-A3,48
Upper Shelve,F4-PZ04-A12-R05-B1,32
Upper Shelve,F4-PZ04-A12-R05-B2,32
Upper Shelve,F4-PZ04-A12-R05-B3,32
Upper Shelve,F4-PZ04-A12-R05-B4,32
Lower Shelve,F4-PZ04-A12-R06-A1,48
Lower Shelve,F4-PZ04-A12-R06-A2,48
Lower Shelve,F4-PZ04-A12-R06-A3,48
Upper Shelve,F4-PZ04-A12-R06-B1,32
Upper Shelve,F4-PZ04-A12-R06-B2,32
Upper Shelve,F4-PZ04-A12-R06-B3,32
Upper Shelve,F4-PZ04-A12-R06-B4,32
Lower Shelve,F4-PZ04-A12-R07-A1,48
Lower Shelve,F4-PZ04-A12-R07-A2,48
Lower Shelve,F4-PZ04-A12-R07-A3,48
Upper Shelve,F4-PZ04-A12-R07-B1,32
Upper Shelve,F4-PZ04-A12-R07-B2,32
Upper Shelve,F4-PZ04-A12-R07-B3,32
Upper Shelve,F4-PZ04-A12-R07-B4,32
SAAR Location,F4-PZ04-A13-R01-A1,2.5
SAAR Location,F4-PZ04-A13-R01-A2,2.5
SAAR Location,F4-PZ04-A13-R01-B1,2.5
SAAR Location,F4-PZ04-A13-R01-B2,2.5
SAAR Location,F4-PZ04-A13-R01-C1,2.5
SAAR Location,F4-PZ04-A13-R01-C2,2.5
SAAR Location,F4-PZ04-A13-R01-D1,2.5
SAAR Location,F4-PZ04-A13-R01-D2,2.5
SAAR Location,F4-PZ04-A13-R01-E1,2.5
SAAR Location,F4-PZ04-A13-R01-E2,2.5
SAAR Location,F4-PZ04-A13-R02-A1,2.5
SAAR Location,F4-PZ04-A13-R02-A2,2.5
SAAR Location,F4-PZ04-A13-R02-B1,2.5
SAAR Location,F4-PZ04-A13-R02-B2,2.5
SAAR Location,F4-PZ04-A13-R02-C1,2.5
SAAR Location,F4-PZ04-A13-R02-C2,2.5
SAAR Location,F4-PZ04-A13-R02-D1,2.5
SAAR Location,F4-PZ04-A13-R02-D2,2.5
SAAR Location,F4-PZ04-A13-R02-E1,2.5
SAAR Location,F4-PZ04-A13-R02-E2,2.5
SAAR Location,F4-PZ04-A13-R03-A1,2.5
SAAR Location,F4-PZ04-A13-R03-A2,2.5
SAAR Location,F4-PZ04-A13-R03-B1,2.5
SAAR Location,F4-PZ04-A13-R03-B2,2.5
SAAR Location,F4-PZ04-A13-R03-C1,2.5
SAAR Location,F4-PZ04-A13-R03-C2,2.5
SAAR Location,F4-PZ04-A13-R03-D1,2.5
SAAR Location,F4-PZ04-A13-R03-D2,2.5
SAAR Location,F4-PZ04-A13-R03-E1,2.5
SAAR Location,F4-PZ04-A13-R03-E2,2.5
SAAR Location,F4-PZ04-A13-R04-A1,2.5
SAAR Location,F4-PZ04-A13-R04-A2,2.5
SAAR Location,F4-PZ04-A13-R04-B1,2.5
SAAR Location,F4-PZ04-A13-R04-B2,2.5
SAAR Location,F4-PZ04-A13-R04-C1,2.5
SAAR Location,F4-PZ04-A13-R04-C2,2.5
SAAR Location,F4-PZ04-A13-R04-D1,2.5
SAAR Location,F4-PZ04-A13-R04-D2,2.5
SAAR Location,F4-PZ04-A13-R04-E1,2.5
SAAR Location,F4-PZ04-A13-R04-E2,2.5
SAAR Location,F4-PZ04-A13-R05-A1,2.5
SAAR Location,F4-PZ04-A13-R05-A2,2.5
SAAR Location,F4-PZ04-A13-R05-B1,2.5
SAAR Location,F4-PZ04-A13-R05-B2,2.5
SAAR Location,F4-PZ04-A13-R05-C1,2.5
SAAR Location,F4-PZ04-A13-R05-C2,2.5
SAAR Location,F4-PZ04-A13-R05-D1,2.5
SAAR Location,F4-PZ04-A13-R05-D2,2.5
SAAR Location,F4-PZ04-A13-R05-E1,2.5
SAAR Location,F4-PZ04-A13-R05-E2,2.5
SAAR Location,F4-PZ04-A13-R06-A1,2.5
SAAR Location,F4-PZ04-A13-R06-A2,2.5
SAAR Location,F4-PZ04-A13-R06-B1,2.5
SAAR Location,F4-PZ04-A13-R06-B2,2.5
SAAR Location,F4-PZ04-A13-R06-C1,2.5
SAAR Location,F4-PZ04-A13-R06-C2,2.5
SAAR Location,F4-PZ04-A13-R06-D1,2.5
SAAR Location,F4-PZ04-A13-R06-D2,2.5
SAAR Location,F4-PZ04-A13-R06-E1,2.5
SAAR Location,F4-PZ04-A13-R06-E2,2.5
SAAR Location,F4-PZ04-A13-R07-A1,2.5
SAAR Location,F4-PZ04-A13-R07-A2,2.5
SAAR Location,F4-PZ04-A13-R07-B1,2.5
SAAR Location,F4-PZ04-A13-R07-B2,2.5
SAAR Location,F4-PZ04-A13-R07-C1,2.5
SAAR Location,F4-PZ04-A13-R07-C2,2.5
SAAR Location,F4-PZ04-A13-R07-D1,2.5
SAAR Location,F4-PZ04-A13-R07-D2,2.5
SAAR Location,F4-PZ04-A13-R07-E1,2.5
SAAR Location,F4-PZ04-A13-R07-E2,2.5
SAAR Location,F4-PZ04-A13-R08-A1,2.5
SAAR Location,F4-PZ04-A13-R08-A2,2.5
SAAR Location,F4-PZ04-A13-R08-B1,2.5
SAAR Location,F4-PZ04-A13-R08-B2,2.5
SAAR Location,F4-PZ04-A13-R08-C1,2.5
SAAR Location,F4-PZ04-A13-R08-C2,2.5
SAAR Location,F4-PZ04-A13-R08-D1,2.5
SAAR Location,F4-PZ04-A13-R08-D2,2.5
SAAR Location,F4-PZ04-A13-R08-E1,2.5
SAAR Location,F4-PZ04-A13-R08-E2,2.5
SAAR Location,F4-PZ04-A13-R09-A1,2.5
SAAR Location,F4-PZ04-A13-R09-A2,2.5
SAAR Location,F4-PZ04-A13-R09-B1,2.5
SAAR Location,F4-PZ04-A13-R09-B2,2.5
SAAR Location,F4-PZ04-A13-R09-C1,2.5
SAAR Location,F4-PZ04-A13-R09-C2,2.5
SAAR Location,F4-PZ04-A13-R09-D1,2.5
SAAR Location,F4-PZ04-A13-R09-D2,2.5
SAAR Location,F4-PZ04-A13-R09-E1,2.5
SAAR Location,F4-PZ04-A13-R09-E2,2.5
SAAR Location,F4-PZ04-A13-R10-A1,2.5
SAAR Location,F4-PZ04-A13-R10-A2,2.5
SAAR Location,F4-PZ04-A13-R10-B1,2.5
SAAR Location,F4-PZ04-A13-R10-B2,2.5
SAAR Location,F4-PZ04-A13-R10-C1,2.5
SAAR Location,F4-PZ04-A13-R10-C2,2.5
SAAR Location,F4-PZ04-A13-R10-D1,2.5
SAAR Location,F4-PZ04-A13-R10-D2,2.5
SAAR Location,F4-PZ04-A13-R10-E1,2.5
SAAR Location,F4-PZ04-A13-R10-E2,2.5
SAAR Location,F4-PZ04-A13-R11-A1,2.5
SAAR Location,F4-PZ04-A13-R11-A2,2.5
SAAR Location,F4-PZ04-A13-R11-B1,2.5
SAAR Location,F4-PZ04-A13-R11-B2,2.5
SAAR Location,F4-PZ04-A13-R11-C1,2.5
SAAR Location,F4-PZ04-A13-R11-C2,2.5
SAAR Location,F4-PZ04-A13-R11-D1,2.5
SAAR Location,F4-PZ04-A13-R11-D2,2.5
SAAR Location,F4-PZ04-A13-R11-E1,2.5
SAAR Location,F4-PZ04-A13-R11-E2,2.5
SAAR Location,F4-PZ04-A13-R12-A1,2.5
SAAR Location,F4-PZ04-A13-R12-A2,2.5
SAAR Location,F4-PZ04-A13-R12-B1,2.5
SAAR Location,F4-PZ04-A13-R12-B2,2.5
SAAR Location,F4-PZ04-A13-R12-C1,2.5
SAAR Location,F4-PZ04-A13-R12-C2,2.5
SAAR Location,F4-PZ04-A13-R12-D1,2.5
SAAR Location,F4-PZ04-A13-R12-D2,2.5
SAAR Location,F4-PZ04-A13-R12-E1,2.5
SAAR Location,F4-PZ04-A13-R12-E2,2.5
SAAR Location,F4-PZ04-A13-R13-A1,2.5
SAAR Location,F4-PZ04-A13-R13-A2,2.5
SAAR Location,F4-PZ04-A13-R13-B1,2.5
SAAR Location,F4-PZ04-A13-R13-B2,2.5
SAAR Location,F4-PZ04-A13-R13-C1,2.5
SAAR Location,F4-PZ04-A13-R13-C2,2.5
SAAR Location,F4-PZ04-A13-R13-D1,2.5
SAAR Location,F4-PZ04-A13-R13-D2,2.5
SAAR Location,F4-PZ04-A13-R13-E1,2.5
SAAR Location,F4-PZ04-A13-R13-E2,2.5
SAAR Location,F4-PZ04-A13-R14-A1,2.5
SAAR Location,F4-PZ04-A13-R14-A2,2.5
SAAR Location,F4-PZ04-A13-R14-B1,2.5
SAAR Location,F4-PZ04-A13-R14-B2,2.5
SAAR Location,F4-PZ04-A13-R14-C1,2.5
SAAR Location,F4-PZ04-A13-R14-C2,2.5
SAAR Location,F4-PZ04-A13-R14-D1,2.5
SAAR Location,F4-PZ04-A13-R14-D2,2.5
SAAR Location,F4-PZ04-A13-R14-E1,2.5
SAAR Location,F4-PZ04-A13-R14-E2,2.5
SAAR Location,F4-PZ04-A13-R15-A1,2.5
SAAR Location,F4-PZ04-A13-R15-A2,2.5
SAAR Location,F4-PZ04-A13-R15-B1,2.5
SAAR Location,F4-PZ04-A13-R15-B2,2.5
SAAR Location,F4-PZ04-A13-R15-C1,2.5
SAAR Location,F4-PZ04-A13-R15-C2,2.5
SAAR Location,F4-PZ04-A13-R15-D1,2.5
SAAR Location,F4-PZ04-A13-R15-D2,2.5
SAAR Location,F4-PZ04-A13-R15-E1,2.5
SAAR Location,F4-PZ04-A13-R15-E2,2.5
SAAR Location,F4-PZ04-A13-R16-A1,2.5
SAAR Location,F4-PZ04-A13-R16-A2,2.5
SAAR Location,F4-PZ04-A13-R16-B1,2.5
SAAR Location,F4-PZ04-A13-R16-B2,2.5
SAAR Location,F4-PZ04-A13-R16-C1,2.5
SAAR Location,F4-PZ04-A13-R16-C2,2.5
SAAR Location,F4-PZ04-A13-R16-D1,2.5
SAAR Location,F4-PZ04-A13-R16-D2,2.5
SAAR Location,F4-PZ04-A13-R16-E1,2.5
SAAR Location,F4-PZ04-A13-R16-E2,2.5
SAAR Location,F4-PZ04-A14-R01-A1,2.5
SAAR Location,F4-PZ04-A14-R01-A2,2.5
SAAR Location,F4-PZ04-A14-R01-B1,2.5
SAAR Location,F4-PZ04-A14-R01-B2,2.5
SAAR Location,F4-PZ04-A14-R01-C1,2.5
SAAR Location,F4-PZ04-A14-R01-C2,2.5
SAAR Location,F4-PZ04-A14-R01-D1,2.5
SAAR Location,F4-PZ04-A14-R01-D2,2.5
SAAR Location,F4-PZ04-A14-R01-E1,2.5
SAAR Location,F4-PZ04-A14-R01-E2,2.5
SAAR Location,F4-PZ04-A14-R02-A1,2.5
SAAR Location,F4-PZ04-A14-R02-A2,2.5
SAAR Location,F4-PZ04-A14-R02-B1,2.5
SAAR Location,F4-PZ04-A14-R02-B2,2.5
SAAR Location,F4-PZ04-A14-R02-C1,2.5
SAAR Location,F4-PZ04-A14-R02-C2,2.5
SAAR Location,F4-PZ04-A14-R02-D1,2.5
SAAR Location,F4-PZ04-A14-R02-D2,2.5
SAAR Location,F4-PZ04-A14-R02-E1,2.5
SAAR Location,F4-PZ04-A14-R02-E2,2.5
SAAR Location,F4-PZ04-A14-R03-A1,2.5
SAAR Location,F4-PZ04-A14-R03-A2,2.5
Bulk Location,F4-PZ04-A14-R03-B1,60
SAAR Location,F4-PZ04-A14-R03-B2,2.5
SAAR Location,F4-PZ04-A14-R03-C1,2.5
SAAR Location,F4-PZ04-A14-R03-C2,2.5
SAAR Location,F4-PZ04-A14-R03-D1,2.5
SAAR Location,F4-PZ04-A14-R03-D2,2.5
SAAR Location,F4-PZ04-A14-R03-E1,2.5
SAAR Location,F4-PZ04-A14-R03-E2,2.5
SAAR Location,F4-PZ04-A14-R04-A1,2.5
SAAR Location,F4-PZ04-A14-R04-A2,2.5
SAAR Location,F4-PZ04-A14-R04-B1,2.5
SAAR Location,F4-PZ04-A14-R04-B2,2.5
SAAR Location,F4-PZ04-A14-R04-C1,2.5
SAAR Location,F4-PZ04-A14-R04-C2,2.5
SAAR Location,F4-PZ04-A14-R04-D1,2.5
SAAR Location,F4-PZ04-A14-R04-D2,2.5
SAAR Location,F4-PZ04-A14-R04-E1,2.5
SAAR Location,F4-PZ04-A14-R04-E2,2.5
SAAR Location,F4-PZ04-A14-R05-A1,2.5
SAAR Location,F4-PZ04-A14-R05-A2,2.5
SAAR Location,F4-PZ04-A14-R05-B1,2.5
SAAR Location,F4-PZ04-A14-R05-B2,2.5
SAAR Location,F4-PZ04-A14-R05-C1,2.5
SAAR Location,F4-PZ04-A14-R05-C2,2.5
SAAR Location,F4-PZ04-A14-R05-D1,2.5
SAAR Location,F4-PZ04-A14-R05-D2,2.5
SAAR Location,F4-PZ04-A14-R05-E1,2.5
SAAR Location,F4-PZ04-A14-R05-E2,2.5
SAAR Location,F4-PZ04-A14-R06-A1,2.5
SAAR Location,F4-PZ04-A14-R06-A2,2.5
SAAR Location,F4-PZ04-A14-R06-B1,2.5
SAAR Location,F4-PZ04-A14-R06-B2,2.5
SAAR Location,F4-PZ04-A14-R06-C1,2.5
SAAR Location,F4-PZ04-A14-R06-C2,2.5
SAAR Location,F4-PZ04-A14-R06-D1,2.5
SAAR Location,F4-PZ04-A14-R06-D2,2.5
SAAR Location,F4-PZ04-A14-R06-E1,2.5
SAAR Location,F4-PZ04-A14-R06-E2,2.5
SAAR Location,F4-PZ04-A14-R07-A1,2.5
SAAR Location,F4-PZ04-A14-R07-A2,2.5
SAAR Location,F4-PZ04-A14-R07-B1,2.5
SAAR Location,F4-PZ04-A14-R07-B2,2.5
SAAR Location,F4-PZ04-A14-R07-C1,2.5
SAAR Location,F4-PZ04-A14-R07-C2,2.5
SAAR Location,F4-PZ04-A14-R07-D1,2.5
SAAR Location,F4-PZ04-A14-R07-D2,2.5
SAAR Location,F4-PZ04-A14-R07-E1,2.5
SAAR Location,F4-PZ04-A14-R07-E2,2.5
SAAR Location,F4-PZ04-A14-R08-A1,2.5
SAAR Location,F4-PZ04-A14-R08-A2,2.5
SAAR Location,F4-PZ04-A14-R08-B1,2.5
SAAR Location,F4-PZ04-A14-R08-B2,2.5
SAAR Location,F4-PZ04-A14-R08-C1,2.5
SAAR Location,F4-PZ04-A14-R08-C2,2.5
SAAR Location,F4-PZ04-A14-R08-D1,2.5
SAAR Location,F4-PZ04-A14-R08-D2,2.5
SAAR Location,F4-PZ04-A14-R08-E1,2.5
SAAR Location,F4-PZ04-A14-R08-E2,2.5
SAAR Location,F4-PZ04-A15-R01-A1,2.5
SAAR Location,F4-PZ04-A15-R01-A2,2.5
SAAR Location,F4-PZ04-A15-R01-B1,2.5
SAAR Location,F4-PZ04-A15-R01-B2,2.5
SAAR Location,F4-PZ04-A15-R01-C1,2.5
SAAR Location,F4-PZ04-A15-R01-C2,2.5
SAAR Location,F4-PZ04-A15-R01-D1,2.5
SAAR Location,F4-PZ04-A15-R01-D2,2.5
SAAR Location,F4-PZ04-A15-R01-E1,2.5
SAAR Location,F4-PZ04-A15-R01-E2,2.5
SAAR Location,F4-PZ04-A15-R02-A1,2.5
SAAR Location,F4-PZ04-A15-R02-A2,2.5
SAAR Location,F4-PZ04-A15-R02-B1,2.5
SAAR Location,F4-PZ04-A15-R02-B2,2.5
SAAR Location,F4-PZ04-A15-R02-C1,2.5
SAAR Location,F4-PZ04-A15-R02-C2,2.5
SAAR Location,F4-PZ04-A15-R02-D1,2.5
SAAR Location,F4-PZ04-A15-R02-D2,2.5
SAAR Location,F4-PZ04-A15-R02-E1,2.5
SAAR Location,F4-PZ04-A15-R02-E2,2.5
SAAR Location,F4-PZ04-A15-R03-A1,2.5
SAAR Location,F4-PZ04-A15-R03-A2,2.5
SAAR Location,F4-PZ04-A15-R03-B1,2.5
SAAR Location,F4-PZ04-A15-R03-B2,2.5
SAAR Location,F4-PZ04-A15-R03-C1,2.5
SAAR Location,F4-PZ04-A15-R03-C2,2.5
SAAR Location,F4-PZ04-A15-R03-D1,2.5
SAAR Location,F4-PZ04-A15-R03-D2,2.5
SAAR Location,F4-PZ04-A15-R03-E1,2.5
SAAR Location,F4-PZ04-A15-R03-E2,2.5
SAAR Location,F4-PZ04-A15-R04-A1,2.5
SAAR Location,F4-PZ04-A15-R04-A2,2.5
SAAR Location,F4-PZ04-A15-R04-B1,2.5
SAAR Location,F4-PZ04-A15-R04-B2,2.5
SAAR Location,F4-PZ04-A15-R04-C1,2.5
SAAR Location,F4-PZ04-A15-R04-C2,2.5
SAAR Location,F4-PZ04-A15-R04-D1,2.5
SAAR Location,F4-PZ04-A15-R04-D2,2.5
SAAR Location,F4-PZ04-A15-R04-E1,2.5
SAAR Location,F4-PZ04-A15-R04-E2,2.5
SAAR Location,F4-PZ04-A15-R05-A1,2.5
SAAR Location,F4-PZ04-A15-R05-A2,2.5
SAAR Location,F4-PZ04-A15-R05-B1,2.5
SAAR Location,F4-PZ04-A15-R05-B2,2.5
SAAR Location,F4-PZ04-A15-R05-C1,2.5
SAAR Location,F4-PZ04-A15-R05-C2,2.5
SAAR Location,F4-PZ04-A15-R05-D1,2.5
SAAR Location,F4-PZ04-A15-R05-D2,2.5
SAAR Location,F4-PZ04-A15-R05-E1,2.5
SAAR Location,F4-PZ04-A15-R05-E2,2.5
SAAR Location,F4-PZ04-A15-R06-A1,2.5
SAAR Location,F4-PZ04-A15-R06-A2,2.5
SAAR Location,F4-PZ04-A15-R06-B1,2.5
SAAR Location,F4-PZ04-A15-R06-B2,2.5
SAAR Location,F4-PZ04-A15-R06-C1,2.5
SAAR Location,F4-PZ04-A15-R06-C2,2.5
SAAR Location,F4-PZ04-A15-R06-D1,2.5
SAAR Location,F4-PZ04-A15-R06-D2,2.5
SAAR Location,F4-PZ04-A15-R06-E1,2.5
SAAR Location,F4-PZ04-A15-R06-E2,2.5
SAAR Location,F4-PZ04-A15-R07-A1,2.5
SAAR Location,F4-PZ04-A15-R07-A2,2.5
SAAR Location,F4-PZ04-A15-R07-B1,2.5
SAAR Location,F4-PZ04-A15-R07-B2,2.5
SAAR Location,F4-PZ04-A15-R07-C1,2.5
SAAR Location,F4-PZ04-A15-R07-C2,2.5
SAAR Location,F4-PZ04-A15-R07-D1,2.5
SAAR Location,F4-PZ04-A15-R07-D2,2.5
SAAR Location,F4-PZ04-A15-R07-E1,2.5
SAAR Location,F4-PZ04-A15-R07-E2,2.5
SAAR Location,F4-PZ04-A15-R08-A1,2.5
SAAR Location,F4-PZ04-A15-R08-A2,2.5
SAAR Location,F4-PZ04-A15-R08-B1,2.5
SAAR Location,F4-PZ04-A15-R08-B2,2.5
SAAR Location,F4-PZ04-A15-R08-C1,2.5
SAAR Location,F4-PZ04-A15-R08-C2,2.5
SAAR Location,F4-PZ04-A15-R08-D1,2.5
SAAR Location,F4-PZ04-A15-R08-D2,2.5
SAAR Location,F4-PZ04-A15-R08-E1,2.5
SAAR Location,F4-PZ04-A15-R08-E2,2.5
SAAR Location,F4-PZ04-A15-R09-A1,2.5
SAAR Location,F4-PZ04-A15-R09-A2,2.5
SAAR Location,F4-PZ04-A15-R09-B1,2.5
SAAR Location,F4-PZ04-A15-R09-B2,2.5
SAAR Location,F4-PZ04-A15-R09-C1,2.5
SAAR Location,F4-PZ04-A15-R09-C2,2.5
SAAR Location,F4-PZ04-A15-R09-D1,2.5
SAAR Location,F4-PZ04-A15-R09-D2,2.5
SAAR Location,F4-PZ04-A15-R09-E1,2.5
SAAR Location,F4-PZ04-A15-R09-E2,2.5
SAAR Location,F4-PZ04-A15-R10-A1,2.5
SAAR Location,F4-PZ04-A15-R10-A2,2.5
SAAR Location,F4-PZ04-A15-R10-B1,2.5
SAAR Location,F4-PZ04-A15-R10-B2,2.5
SAAR Location,F4-PZ04-A15-R10-C1,2.5
SAAR Location,F4-PZ04-A15-R10-C2,2.5
SAAR Location,F4-PZ04-A15-R10-D1,2.5
SAAR Location,F4-PZ04-A15-R10-D2,2.5
SAAR Location,F4-PZ04-A15-R10-E1,2.5
SAAR Location,F4-PZ04-A15-R10-E2,2.5
SAAR Location,F4-PZ04-A15-R11-A1,2.5
SAAR Location,F4-PZ04-A15-R11-A2,2.5
SAAR Location,F4-PZ04-A15-R11-B1,2.5
SAAR Location,F4-PZ04-A15-R11-B2,2.5
SAAR Location,F4-PZ04-A15-R11-C1,2.5
SAAR Location,F4-PZ04-A15-R11-C2,2.5
SAAR Location,F4-PZ04-A15-R11-D1,2.5
SAAR Location,F4-PZ04-A15-R11-D2,2.5
SAAR Location,F4-PZ04-A15-R11-E1,2.5
SAAR Location,F4-PZ04-A15-R11-E2,2.5
SAAR Location,F4-PZ04-A15-R12-A1,2.5
SAAR Location,F4-PZ04-A15-R12-A2,2.5
SAAR Location,F4-PZ04-A15-R12-B1,2.5
SAAR Location,F4-PZ04-A15-R12-B2,2.5
SAAR Location,F4-PZ04-A15-R12-C1,2.5
SAAR Location,F4-PZ04-A15-R12-C2,2.5
SAAR Location,F4-PZ04-A15-R12-D1,2.5
SAAR Location,F4-PZ04-A15-R12-D2,2.5
SAAR Location,F4-PZ04-A15-R12-E1,2.5
SAAR Location,F4-PZ04-A15-R12-E2,2.5
SAAR Location,F4-PZ04-A15-R13-A1,2.5
SAAR Location,F4-PZ04-A15-R13-A2,2.5
SAAR Location,F4-PZ04-A15-R13-B1,2.5
SAAR Location,F4-PZ04-A15-R13-B2,2.5
SAAR Location,F4-PZ04-A15-R13-C1,2.5
SAAR Location,F4-PZ04-A15-R13-C2,2.5
SAAR Location,F4-PZ04-A15-R13-D1,2.5
SAAR Location,F4-PZ04-A15-R13-D2,2.5
SAAR Location,F4-PZ04-A15-R13-E1,2.5
SAAR Location,F4-PZ04-A15-R13-E2,2.5
SAAR Location,F4-PZ04-A15-R14-A1,2.5
SAAR Location,F4-PZ04-A15-R14-A2,2.5
SAAR Location,F4-PZ04-A15-R14-B1,2.5
SAAR Location,F4-PZ04-A15-R14-B2,2.5
SAAR Location,F4-PZ04-A15-R14-C1,2.5
SAAR Location,F4-PZ04-A15-R14-C2,2.5
SAAR Location,F4-PZ04-A15-R14-D1,2.5
SAAR Location,F4-PZ04-A15-R14-D2,2.5
SAAR Location,F4-PZ04-A15-R14-E1,2.5
SAAR Location,F4-PZ04-A15-R14-E2,2.5
SAAR Location,F4-PZ04-A15-R15-A1,2.5
SAAR Location,F4-PZ04-A15-R15-A2,2.5
SAAR Location,F4-PZ04-A15-R15-B1,2.5
SAAR Location,F4-PZ04-A15-R15-B2,2.5
SAAR Location,F4-PZ04-A15-R15-C1,2.5
SAAR Location,F4-PZ04-A15-R15-C2,2.5
SAAR Location,F4-PZ04-A15-R15-D1,2.5
SAAR Location,F4-PZ04-A15-R15-D2,2.5
SAAR Location,F4-PZ04-A15-R15-E1,2.5
SAAR Location,F4-PZ04-A15-R15-E2,2.5
SAAR Location,F4-PZ04-A15-R16-A1,2.5
SAAR Location,F4-PZ04-A15-R16-A2,2.5
SAAR Location,F4-PZ04-A15-R16-B1,2.5
SAAR Location,F4-PZ04-A15-R16-B2,2.5
SAAR Location,F4-PZ04-A15-R16-C1,2.5
SAAR Location,F4-PZ04-A15-R16-C2,2.5
SAAR Location,F4-PZ04-A15-R16-D1,2.5
SAAR Location,F4-PZ04-A15-R16-D2,2.5
SAAR Location,F4-PZ04-A15-R16-E1,2.5
SAAR Location,F4-PZ04-A15-R16-E2,2.5
SAAR Location,F4-PZ04-A16-R01-A1,2.5
SAAR Location,F4-PZ04-A16-R01-A2,2.5
SAAR Location,F4-PZ04-A16-R01-B1,2.5
SAAR Location,F4-PZ04-A16-R01-B2,2.5
SAAR Location,F4-PZ04-A16-R01-C1,2.5
SAAR Location,F4-PZ04-A16-R01-C2,2.5
SAAR Location,F4-PZ04-A16-R01-D1,2.5
SAAR Location,F4-PZ04-A16-R01-D2,2.5
SAAR Location,F4-PZ04-A16-R01-E1,2.5
SAAR Location,F4-PZ04-A16-R01-E2,2.5
SAAR Location,F4-PZ04-A16-R02-A1,2.5
SAAR Location,F4-PZ04-A16-R02-A2,2.5
SAAR Location,F4-PZ04-A16-R02-B1,2.5
SAAR Location,F4-PZ04-A16-R02-B2,2.5
SAAR Location,F4-PZ04-A16-R02-C1,2.5
SAAR Location,F4-PZ04-A16-R02-C2,2.5
SAAR Location,F4-PZ04-A16-R02-D1,2.5
SAAR Location,F4-PZ04-A16-R02-D2,2.5
SAAR Location,F4-PZ04-A16-R02-E1,2.5
SAAR Location,F4-PZ04-A16-R02-E2,2.5
SAAR Location,F4-PZ04-A16-R03-A1,2.5
SAAR Location,F4-PZ04-A16-R03-A2,2.5
SAAR Location,F4-PZ04-A16-R03-B1,2.5
SAAR Location,F4-PZ04-A16-R03-B2,2.5
SAAR Location,F4-PZ04-A16-R03-C1,2.5
SAAR Location,F4-PZ04-A16-R03-C2,2.5
SAAR Location,F4-PZ04-A16-R03-D1,2.5
SAAR Location,F4-PZ04-A16-R03-D2,2.5
SAAR Location,F4-PZ04-A16-R03-E1,2.5
SAAR Location,F4-PZ04-A16-R03-E2,2.5
SAAR Location,F4-PZ04-A16-R04-A1,2.5
SAAR Location,F4-PZ04-A16-R04-A2,2.5
SAAR Location,F4-PZ04-A16-R04-B1,2.5
SAAR Location,F4-PZ04-A16-R04-B2,2.5
SAAR Location,F4-PZ04-A16-R04-C1,2.5
SAAR Location,F4-PZ04-A16-R04-C2,2.5
SAAR Location,F4-PZ04-A16-R04-D1,2.5
SAAR Location,F4-PZ04-A16-R04-D2,2.5
SAAR Location,F4-PZ04-A16-R04-E1,2.5
SAAR Location,F4-PZ04-A16-R04-E2,2.5
SAAR Location,F4-PZ04-A16-R05-A1,2.5
SAAR Location,F4-PZ04-A16-R05-A2,2.5
SAAR Location,F4-PZ04-A16-R05-B1,2.5
SAAR Location,F4-PZ04-A16-R05-B2,2.5
SAAR Location,F4-PZ04-A16-R05-C1,2.5
SAAR Location,F4-PZ04-A16-R05-C2,2.5
SAAR Location,F4-PZ04-A16-R05-D1,2.5
SAAR Location,F4-PZ04-A16-R05-D2,2.5
SAAR Location,F4-PZ04-A16-R05-E1,2.5
SAAR Location,F4-PZ04-A16-R05-E2,2.5
SAAR Location,F4-PZ04-A16-R06-A1,2.5
SAAR Location,F4-PZ04-A16-R06-A2,2.5
SAAR Location,F4-PZ04-A16-R06-B1,2.5
SAAR Location,F4-PZ04-A16-R06-B2,2.5
SAAR Location,F4-PZ04-A16-R06-C1,2.5
SAAR Location,F4-PZ04-A16-R06-C2,2.5
SAAR Location,F4-PZ04-A16-R06-D1,2.5
SAAR Location,F4-PZ04-A16-R06-D2,2.5
SAAR Location,F4-PZ04-A16-R06-E1,2.5
SAAR Location,F4-PZ04-A16-R06-E2,2.5
SAAR Location,F4-PZ04-A16-R07-A1,2.5
SAAR Location,F4-PZ04-A16-R07-A2,2.5
SAAR Location,F4-PZ04-A16-R07-B1,2.5
SAAR Location,F4-PZ04-A16-R07-B2,2.5
SAAR Location,F4-PZ04-A16-R07-C1,2.5
SAAR Location,F4-PZ04-A16-R07-C2,2.5
SAAR Location,F4-PZ04-A16-R07-D1,2.5
SAAR Location,F4-PZ04-A16-R07-D2,2.5
SAAR Location,F4-PZ04-A16-R07-E1,2.5
SAAR Location,F4-PZ04-A16-R07-E2,2.5
SAAR Location,F4-PZ04-A16-R08-A1,2.5
SAAR Location,F4-PZ04-A16-R08-A2,2.5
SAAR Location,F4-PZ04-A16-R08-B1,2.5
SAAR Location,F4-PZ04-A16-R08-B2,2.5
SAAR Location,F4-PZ04-A16-R08-C1,2.5
SAAR Location,F4-PZ04-A16-R08-C2,2.5
SAAR Location,F4-PZ04-A16-R08-D1,2.5
SAAR Location,F4-PZ04-A16-R08-D2,2.5
SAAR Location,F4-PZ04-A16-R08-E1,2.5
SAAR Location,F4-PZ04-A16-R08-E2,2.5
SAAR Location,F4-PZ04-A16-R09-A1,2.5
SAAR Location,F4-PZ04-A16-R09-A2,2.5
SAAR Location,F4-PZ04-A16-R09-B1,2.5
SAAR Location,F4-PZ04-A16-R09-B2,2.5
SAAR Location,F4-PZ04-A16-R09-C1,2.5
SAAR Location,F4-PZ04-A16-R09-C2,2.5
SAAR Location,F4-PZ04-A16-R09-D1,2.5
SAAR Location,F4-PZ04-A16-R09-D2,2.5
SAAR Location,F4-PZ04-A16-R09-E1,2.5
SAAR Location,F4-PZ04-A16-R09-E2,2.5
SAAR Location,F4-PZ04-A16-R10-A1,2.5
SAAR Location,F4-PZ04-A16-R10-A2,2.5
SAAR Location,F4-PZ04-A16-R10-B1,2.5
SAAR Location,F4-PZ04-A16-R10-B2,2.5
SAAR Location,F4-PZ04-A16-R10-C1,2.5
SAAR Location,F4-PZ04-A16-R10-C2,2.5
SAAR Location,F4-PZ04-A16-R10-D1,2.5
SAAR Location,F4-PZ04-A16-R10-D2,2.5
SAAR Location,F4-PZ04-A16-R10-E1,2.5
SAAR Location,F4-PZ04-A16-R10-E2,2.5
SAAR Location,F4-PZ04-A16-R11-A1,2.5
SAAR Location,F4-PZ04-A16-R11-A2,2.5
SAAR Location,F4-PZ04-A16-R11-B1,2.5
SAAR Location,F4-PZ04-A16-R11-B2,2.5
SAAR Location,F4-PZ04-A16-R11-C1,2.5
SAAR Location,F4-PZ04-A16-R11-C2,2.5
SAAR Location,F4-PZ04-A16-R11-D1,2.5
SAAR Location,F4-PZ04-A16-R11-D2,2.5
SAAR Location,F4-PZ04-A16-R11-E1,2.5
SAAR Location,F4-PZ04-A16-R11-E2,2.5
SAAR Location,F4-PZ04-A16-R12-A1,2.5
SAAR Location,F4-PZ04-A16-R12-A2,2.5
SAAR Location,F4-PZ04-A16-R12-B1,2.5
SAAR Location,F4-PZ04-A16-R12-B2,2.5
SAAR Location,F4-PZ04-A16-R12-C1,2.5
SAAR Location,F4-PZ04-A16-R12-C2,2.5
SAAR Location,F4-PZ04-A16-R12-D1,2.5
SAAR Location,F4-PZ04-A16-R12-D2,2.5
SAAR Location,F4-PZ04-A16-R12-E1,2.5
SAAR Location,F4-PZ04-A16-R12-E2,2.5
SAAR Location,F4-PZ04-A16-R13-A1,2.5
SAAR Location,F4-PZ04-A16-R13-A2,2.5
SAAR Location,F4-PZ04-A16-R13-B1,2.5
SAAR Location,F4-PZ04-A16-R13-B2,2.5
SAAR Location,F4-PZ04-A16-R13-C1,2.5
SAAR Location,F4-PZ04-A16-R13-C2,2.5
SAAR Location,F4-PZ04-A16-R13-D1,2.5
SAAR Location,F4-PZ04-A16-R13-D2,2.5
SAAR Location,F4-PZ04-A16-R13-E1,2.5
SAAR Location,F4-PZ04-A16-R13-E2,2.5
SAAR Location,F4-PZ04-A16-R14-A1,2.5
SAAR Location,F4-PZ04-A16-R14-A2,2.5
SAAR Location,F4-PZ04-A16-R14-B1,2.5
SAAR Location,F4-PZ04-A16-R14-B2,2.5
SAAR Location,F4-PZ04-A16-R14-C1,2.5
SAAR Location,F4-PZ04-A16-R14-C2,2.5
SAAR Location,F4-PZ04-A16-R14-D1,2.5
SAAR Location,F4-PZ04-A16-R14-D2,2.5
SAAR Location,F4-PZ04-A16-R14-E1,2.5
SAAR Location,F4-PZ04-A16-R14-E2,2.5
SAAR Location,F4-PZ04-A16-R15-A1,2.5
SAAR Location,F4-PZ04-A16-R15-A2,2.5
SAAR Location,F4-PZ04-A16-R15-B1,2.5
SAAR Location,F4-PZ04-A16-R15-B2,2.5
SAAR Location,F4-PZ04-A16-R15-C1,2.5
SAAR Location,F4-PZ04-A16-R15-C2,2.5
SAAR Location,F4-PZ04-A16-R15-D1,2.5
SAAR Location,F4-PZ04-A16-R15-D2,2.5
SAAR Location,F4-PZ04-A16-R15-E1,2.5
SAAR Location,F4-PZ04-A16-R15-E2,2.5
SAAR Location,F4-PZ04-A16-R16-A1,2.5
SAAR Location,F4-PZ04-A16-R16-A2,2.5
SAAR Location,F4-PZ04-A16-R16-B1,2.5
SAAR Location,F4-PZ04-A16-R16-B2,2.5
SAAR Location,F4-PZ04-A16-R16-C1,2.5
SAAR Location,F4-PZ04-A16-R16-C2,2.5
SAAR Location,F4-PZ04-A16-R16-D1,2.5
SAAR Location,F4-PZ04-A16-R16-D2,2.5
SAAR Location,F4-PZ04-A16-R16-E1,2.5
SAAR Location,F4-PZ04-A16-R16-E2,2.5
SAAR Location,F4-PZ04-A16-R17-A1,2.5
SAAR Location,F4-PZ04-A16-R17-A2,2.5
SAAR Location,F4-PZ04-A16-R17-B1,2.5
SAAR Location,F4-PZ04-A16-R17-B2,2.5
SAAR Location,F4-PZ04-A16-R17-C1,2.5
SAAR Location,F4-PZ04-A16-R17-C2,2.5
SAAR Location,F4-PZ04-A16-R17-D1,2.5
SAAR Location,F4-PZ04-A16-R17-D2,2.5
SAAR Location,F4-PZ04-A16-R17-E1,2.5
SAAR Location,F4-PZ04-A16-R17-E2,2.5
SAAR Location,F4-PZ04-A16-R18-A1,2.5
SAAR Location,F4-PZ04-A16-R18-A2,2.5
SAAR Location,F4-PZ04-A16-R18-B1,2.5
SAAR Location,F4-PZ04-A16-R18-B2,2.5
SAAR Location,F4-PZ04-A16-R18-C1,2.5
SAAR Location,F4-PZ04-A16-R18-C2,2.5
SAAR Location,F4-PZ04-A16-R18-D1,2.5
SAAR Location,F4-PZ04-A16-R18-D2,2.5
SAAR Location,F4-PZ04-A16-R18-E1,2.5
SAAR Location,F4-PZ04-A16-R18-E2,2.5
SAAR Location,F4-PZ04-A16-R19-A1,2.5
SAAR Location,F4-PZ04-A16-R19-A2,2.5
SAAR Location,F4-PZ04-A16-R19-B1,2.5
SAAR Location,F4-PZ04-A16-R19-B2,2.5
SAAR Location,F4-PZ04-A16-R19-C1,2.5
SAAR Location,F4-PZ04-A16-R19-C2,2.5
SAAR Location,F4-PZ04-A16-R19-D1,2.5
SAAR Location,F4-PZ04-A16-R19-D2,2.5
SAAR Location,F4-PZ04-A16-R19-E1,2.5
SAAR Location,F4-PZ04-A16-R19-E2,2.5
SAAR Location,F4-PZ04-A16-R20-A1,2.5
SAAR Location,F4-PZ04-A16-R20-A2,2.5
SAAR Location,F4-PZ04-A16-R20-B1,2.5
SAAR Location,F4-PZ04-A16-R20-B2,2.5
SAAR Location,F4-PZ04-A16-R20-C1,2.5
SAAR Location,F4-PZ04-A16-R20-C2,2.5
SAAR Location,F4-PZ04-A16-R20-D1,2.5
SAAR Location,F4-PZ04-A16-R20-D2,2.5
SAAR Location,F4-PZ04-A16-R20-E1,2.5
SAAR Location,F4-PZ04-A16-R20-E2,2.5
SAAR Location,F4-PZ04-A16-R21-A1,2.5
SAAR Location,F4-PZ04-A16-R21-A2,2.5
SAAR Location,F4-PZ04-A16-R21-B1,2.5
SAAR Location,F4-PZ04-A16-R21-B2,2.5
SAAR Location,F4-PZ04-A16-R21-C1,2.5
SAAR Location,F4-PZ04-A16-R21-C2,2.5
SAAR Location,F4-PZ04-A16-R21-D1,2.5
SAAR Location,F4-PZ04-A16-R21-D2,2.5
SAAR Location,F4-PZ04-A16-R21-E1,2.5
SAAR Location,F4-PZ04-A16-R21-E2,2.5
SAAR Location,F4-PZ04-A16-R22-A1,2.5
SAAR Location,F4-PZ04-A16-R22-A2,2.5
SAAR Location,F4-PZ04-A16-R22-B1,2.5
SAAR Location,F4-PZ04-A16-R22-B2,2.5
SAAR Location,F4-PZ04-A16-R22-C1,2.5
SAAR Location,F4-PZ04-A16-R22-C2,2.5
SAAR Location,F4-PZ04-A16-R22-D1,2.5
SAAR Location,F4-PZ04-A16-R22-D2,2.5
SAAR Location,F4-PZ04-A16-R22-E1,2.5
SAAR Location,F4-PZ04-A16-R22-E2,2.5
SAAR Location,F4-PZ04-A17-R01-A1,2.5
SAAR Location,F4-PZ04-A17-R01-A2,2.5
SAAR Location,F4-PZ04-A17-R01-B1,2.5
SAAR Location,F4-PZ04-A17-R01-B2,2.5
SAAR Location,F4-PZ04-A17-R01-C1,2.5
SAAR Location,F4-PZ04-A17-R01-C2,2.5
SAAR Location,F4-PZ04-A17-R01-D1,2.5
SAAR Location,F4-PZ04-A17-R01-D2,2.5
SAAR Location,F4-PZ04-A17-R01-E1,2.5
SAAR Location,F4-PZ04-A17-R01-E2,2.5
SAAR Location,F4-PZ04-A17-R02-A1,2.5
SAAR Location,F4-PZ04-A17-R02-A2,2.5
SAAR Location,F4-PZ04-A17-R02-B1,2.5
SAAR Location,F4-PZ04-A17-R02-B2,2.5
SAAR Location,F4-PZ04-A17-R02-C1,2.5
SAAR Location,F4-PZ04-A17-R02-C2,2.5
SAAR Location,F4-PZ04-A17-R02-D1,2.5
SAAR Location,F4-PZ04-A17-R02-D2,2.5
SAAR Location,F4-PZ04-A17-R02-E1,2.5
SAAR Location,F4-PZ04-A17-R02-E2,2.5
SAAR Location,F4-PZ04-A17-R03-A1,2.5
SAAR Location,F4-PZ04-A17-R03-A2,2.5
SAAR Location,F4-PZ04-A17-R03-B1,2.5
SAAR Location,F4-PZ04-A17-R03-B2,2.5
SAAR Location,F4-PZ04-A17-R03-C1,2.5
SAAR Location,F4-PZ04-A17-R03-C2,2.5
SAAR Location,F4-PZ04-A17-R03-D1,2.5
SAAR Location,F4-PZ04-A17-R03-D2,2.5
SAAR Location,F4-PZ04-A17-R03-E1,2.5
SAAR Location,F4-PZ04-A17-R03-E2,2.5
SAAR Location,F4-PZ04-A17-R04-A1,2.5
SAAR Location,F4-PZ04-A17-R04-A2,2.5
SAAR Location,F4-PZ04-A17-R04-B1,2.5
SAAR Location,F4-PZ04-A17-R04-B2,2.5
SAAR Location,F4-PZ04-A17-R04-C1,2.5
SAAR Location,F4-PZ04-A17-R04-C2,2.5
SAAR Location,F4-PZ04-A17-R04-D1,2.5
SAAR Location,F4-PZ04-A17-R04-D2,2.5
SAAR Location,F4-PZ04-A17-R04-E1,2.5
SAAR Location,F4-PZ04-A17-R04-E2,2.5
SAAR Location,F4-PZ04-A17-R05-A1,2.5
SAAR Location,F4-PZ04-A17-R05-A2,2.5
SAAR Location,F4-PZ04-A17-R05-B1,2.5
SAAR Location,F4-PZ04-A17-R05-B2,2.5
SAAR Location,F4-PZ04-A17-R05-C1,2.5
SAAR Location,F4-PZ04-A17-R05-C2,2.5
SAAR Location,F4-PZ04-A17-R05-D1,2.5
SAAR Location,F4-PZ04-A17-R05-D2,2.5
SAAR Location,F4-PZ04-A17-R05-E1,2.5
SAAR Location,F4-PZ04-A17-R05-E2,2.5
SAAR Location,F4-PZ04-A17-R06-A1,2.5
SAAR Location,F4-PZ04-A17-R06-A2,2.5
SAAR Location,F4-PZ04-A17-R06-B1,2.5
SAAR Location,F4-PZ04-A17-R06-B2,2.5
SAAR Location,F4-PZ04-A17-R06-C1,2.5
SAAR Location,F4-PZ04-A17-R06-C2,2.5
SAAR Location,F4-PZ04-A17-R06-D1,2.5
SAAR Location,F4-PZ04-A17-R06-D2,2.5
SAAR Location,F4-PZ04-A17-R06-E1,2.5
SAAR Location,F4-PZ04-A17-R06-E2,2.5
SAAR Location,F4-PZ04-A17-R07-A1,2.5
SAAR Location,F4-PZ04-A17-R07-A2,2.5
SAAR Location,F4-PZ04-A17-R07-B1,2.5
SAAR Location,F4-PZ04-A17-R07-B2,2.5
SAAR Location,F4-PZ04-A17-R07-C1,2.5
SAAR Location,F4-PZ04-A17-R07-C2,2.5
SAAR Location,F4-PZ04-A17-R07-D1,2.5
SAAR Location,F4-PZ04-A17-R07-D2,2.5
SAAR Location,F4-PZ04-A17-R07-E1,2.5
SAAR Location,F4-PZ04-A17-R07-E2,2.5
SAAR Location,F4-PZ04-A17-R08-A1,2.5
SAAR Location,F4-PZ04-A17-R08-A2,2.5
SAAR Location,F4-PZ04-A17-R08-B1,2.5
SAAR Location,F4-PZ04-A17-R08-B2,2.5
SAAR Location,F4-PZ04-A17-R08-C1,2.5
SAAR Location,F4-PZ04-A17-R08-C2,2.5
SAAR Location,F4-PZ04-A17-R08-D1,2.5
SAAR Location,F4-PZ04-A17-R08-D2,2.5
SAAR Location,F4-PZ04-A17-R08-E1,2.5
SAAR Location,F4-PZ04-A17-R08-E2,2.5
SAAR Location,F4-PZ04-A17-R09-A1,2.5
SAAR Location,F4-PZ04-A17-R09-A2,2.5
SAAR Location,F4-PZ04-A17-R09-B1,2.5
SAAR Location,F4-PZ04-A17-R09-B2,2.5
SAAR Location,F4-PZ04-A17-R09-C1,2.5
SAAR Location,F4-PZ04-A17-R09-C2,2.5
SAAR Location,F4-PZ04-A17-R09-D1,2.5
SAAR Location,F4-PZ04-A17-R09-D2,2.5
SAAR Location,F4-PZ04-A17-R09-E1,2.5
SAAR Location,F4-PZ04-A17-R09-E2,2.5
SAAR Location,F4-PZ04-A17-R10-A1,2.5
SAAR Location,F4-PZ04-A17-R10-A2,2.5
SAAR Location,F4-PZ04-A17-R10-B1,2.5
SAAR Location,F4-PZ04-A17-R10-B2,2.5
SAAR Location,F4-PZ04-A17-R10-C1,2.5
SAAR Location,F4-PZ04-A17-R10-C2,2.5
SAAR Location,F4-PZ04-A17-R10-D1,2.5
SAAR Location,F4-PZ04-A17-R10-D2,2.5
SAAR Location,F4-PZ04-A17-R10-E1,2.5
SAAR Location,F4-PZ04-A17-R10-E2,2.5
SAAR Location,F4-PZ04-A17-R11-A1,2.5
SAAR Location,F4-PZ04-A17-R11-A2,2.5
SAAR Location,F4-PZ04-A17-R11-B1,2.5
SAAR Location,F4-PZ04-A17-R11-B2,2.5
SAAR Location,F4-PZ04-A17-R11-C1,2.5
SAAR Location,F4-PZ04-A17-R11-C2,2.5
SAAR Location,F4-PZ04-A17-R11-D1,2.5
SAAR Location,F4-PZ04-A17-R11-D2,2.5
SAAR Location,F4-PZ04-A17-R11-E1,2.5
SAAR Location,F4-PZ04-A17-R11-E2,2.5
SAAR Location,F4-PZ04-A17-R12-A1,2.5
SAAR Location,F4-PZ04-A17-R12-A2,2.5
SAAR Location,F4-PZ04-A17-R12-B1,2.5
SAAR Location,F4-PZ04-A17-R12-B2,2.5
SAAR Location,F4-PZ04-A17-R12-C1,2.5
SAAR Location,F4-PZ04-A17-R12-C2,2.5
SAAR Location,F4-PZ04-A17-R12-D1,2.5
SAAR Location,F4-PZ04-A17-R12-D2,2.5
SAAR Location,F4-PZ04-A17-R12-E1,2.5
SAAR Location,F4-PZ04-A17-R12-E2,2.5
SAAR Location,F4-PZ04-A17-R13-A1,2.5
SAAR Location,F4-PZ04-A17-R13-A2,2.5
SAAR Location,F4-PZ04-A17-R13-B1,2.5
SAAR Location,F4-PZ04-A17-R13-B2,2.5
SAAR Location,F4-PZ04-A17-R13-C1,2.5
SAAR Location,F4-PZ04-A17-R13-C2,2.5
SAAR Location,F4-PZ04-A17-R13-D1,2.5
SAAR Location,F4-PZ04-A17-R13-D2,2.5
SAAR Location,F4-PZ04-A17-R13-E1,2.5
SAAR Location,F4-PZ04-A17-R13-E2,2.5
SAAR Location,F4-PZ04-A17-R14-A1,2.5
SAAR Location,F4-PZ04-A17-R14-A2,2.5
SAAR Location,F4-PZ04-A17-R14-B1,2.5
SAAR Location,F4-PZ04-A17-R14-B2,2.5
SAAR Location,F4-PZ04-A17-R14-C1,2.5
SAAR Location,F4-PZ04-A17-R14-C2,2.5
SAAR Location,F4-PZ04-A17-R14-D1,2.5
SAAR Location,F4-PZ04-A17-R14-D2,2.5
SAAR Location,F4-PZ04-A17-R14-E1,2.5
SAAR Location,F4-PZ04-A17-R14-E2,2.5
SAAR Location,F4-PZ04-A17-R15-A1,2.5
SAAR Location,F4-PZ04-A17-R15-A2,2.5
SAAR Location,F4-PZ04-A17-R15-B1,2.5
SAAR Location,F4-PZ04-A17-R15-B2,2.5
SAAR Location,F4-PZ04-A17-R15-C1,2.5
SAAR Location,F4-PZ04-A17-R15-C2,2.5
SAAR Location,F4-PZ04-A17-R15-D1,2.5
SAAR Location,F4-PZ04-A17-R15-D2,2.5
SAAR Location,F4-PZ04-A17-R15-E1,2.5
SAAR Location,F4-PZ04-A17-R15-E2,2.5
SAAR Location,F4-PZ04-A17-R16-A1,2.5
SAAR Location,F4-PZ04-A17-R16-A2,2.5
SAAR Location,F4-PZ04-A17-R16-B1,2.5
SAAR Location,F4-PZ04-A17-R16-B2,2.5
SAAR Location,F4-PZ04-A17-R16-C1,2.5
SAAR Location,F4-PZ04-A17-R16-C2,2.5
SAAR Location,F4-PZ04-A17-R16-D1,2.5
SAAR Location,F4-PZ04-A17-R16-D2,2.5
SAAR Location,F4-PZ04-A17-R16-E1,2.5
SAAR Location,F4-PZ04-A17-R16-E2,2.5
SAAR Location,F4-PZ04-A17-R17-A1,2.5
SAAR Location,F4-PZ04-A17-R17-A2,2.5
SAAR Location,F4-PZ04-A17-R17-B1,2.5
SAAR Location,F4-PZ04-A17-R17-B2,2.5
SAAR Location,F4-PZ04-A17-R17-C1,2.5
SAAR Location,F4-PZ04-A17-R17-C2,2.5
SAAR Location,F4-PZ04-A17-R17-D1,2.5
SAAR Location,F4-PZ04-A17-R17-D2,2.5
SAAR Location,F4-PZ04-A17-R17-E1,2.5
SAAR Location,F4-PZ04-A17-R17-E2,2.5
SAAR Location,F4-PZ04-A17-R18-A1,2.5
SAAR Location,F4-PZ04-A17-R18-A2,2.5
SAAR Location,F4-PZ04-A17-R18-B1,2.5
SAAR Location,F4-PZ04-A17-R18-B2,2.5
SAAR Location,F4-PZ04-A17-R18-C1,2.5
SAAR Location,F4-PZ04-A17-R18-C2,2.5
SAAR Location,F4-PZ04-A17-R18-D1,2.5
SAAR Location,F4-PZ04-A17-R18-D2,2.5
SAAR Location,F4-PZ04-A17-R18-E1,2.5
SAAR Location,F4-PZ04-A17-R18-E2,2.5
SAAR Location,F4-PZ04-A17-R19-A1,2.5
SAAR Location,F4-PZ04-A17-R19-A2,2.5
SAAR Location,F4-PZ04-A17-R19-B1,2.5
SAAR Location,F4-PZ04-A17-R19-B2,2.5
SAAR Location,F4-PZ04-A17-R19-C1,2.5
SAAR Location,F4-PZ04-A17-R19-C2,2.5
SAAR Location,F4-PZ04-A17-R19-D1,2.5
SAAR Location,F4-PZ04-A17-R19-D2,2.5
SAAR Location,F4-PZ04-A17-R19-E1,2.5
SAAR Location,F4-PZ04-A17-R19-E2,2.5
SAAR Location,F4-PZ04-A17-R20-A1,2.5
SAAR Location,F4-PZ04-A17-R20-A2,2.5
SAAR Location,F4-PZ04-A17-R20-B1,2.5
SAAR Location,F4-PZ04-A17-R20-B2,2.5
SAAR Location,F4-PZ04-A17-R20-C1,2.5
SAAR Location,F4-PZ04-A17-R20-C2,2.5
SAAR Location,F4-PZ04-A17-R20-D1,2.5
SAAR Location,F4-PZ04-A17-R20-D2,2.5
SAAR Location,F4-PZ04-A17-R20-E1,2.5
SAAR Location,F4-PZ04-A17-R20-E2,2.5
SAAR Location,F4-PZ04-A17-R21-A1,2.5
SAAR Location,F4-PZ04-A17-R21-A2,2.5
SAAR Location,F4-PZ04-A17-R21-B1,2.5
SAAR Location,F4-PZ04-A17-R21-B2,2.5
SAAR Location,F4-PZ04-A17-R21-C1,2.5
SAAR Location,F4-PZ04-A17-R21-C2,2.5
SAAR Location,F4-PZ04-A17-R21-D1,2.5
SAAR Location,F4-PZ04-A17-R21-D2,2.5
SAAR Location,F4-PZ04-A17-R21-E1,2.5
SAAR Location,F4-PZ04-A17-R21-E2,2.5
SAAR Location,F4-PZ04-A17-R22-A1,2.5
SAAR Location,F4-PZ04-A17-R22-A2,2.5
SAAR Location,F4-PZ04-A17-R22-B1,2.5
SAAR Location,F4-PZ04-A17-R22-B2,2.5
SAAR Location,F4-PZ04-A17-R22-C1,2.5
SAAR Location,F4-PZ04-A17-R22-C2,2.5
SAAR Location,F4-PZ04-A17-R22-D1,2.5
SAAR Location,F4-PZ04-A17-R22-D2,2.5
SAAR Location,F4-PZ04-A17-R22-E1,2.5
SAAR Location,F4-PZ04-A17-R22-E2,2.5
SAAR Location,F4-PZ04-A17-R23-A1,2.5
SAAR Location,F4-PZ04-A17-R23-A2,2.5
SAAR Location,F4-PZ04-A17-R23-B1,2.5
SAAR Location,F4-PZ04-A17-R23-B2,2.5
SAAR Location,F4-PZ04-A17-R23-C1,2.5
SAAR Location,F4-PZ04-A17-R23-C2,2.5
SAAR Location,F4-PZ04-A17-R23-D1,2.5
SAAR Location,F4-PZ04-A17-R23-D2,2.5
SAAR Location,F4-PZ04-A17-R23-E1,2.5
SAAR Location,F4-PZ04-A17-R23-E2,2.5
SAAR Location,F4-PZ04-A17-R24-A1,2.5
SAAR Location,F4-PZ04-A17-R24-A2,2.5
SAAR Location,F4-PZ04-A17-R24-B1,2.5
SAAR Location,F4-PZ04-A17-R24-B2,2.5
SAAR Location,F4-PZ04-A17-R24-C1,2.5
SAAR Location,F4-PZ04-A17-R24-C2,2.5
SAAR Location,F4-PZ04-A17-R24-D1,2.5
SAAR Location,F4-PZ04-A17-R24-D2,2.5
SAAR Location,F4-PZ04-A17-R24-E1,2.5
SAAR Location,F4-PZ04-A17-R24-E2,2.5
SAAR Location,F4-PZ04-A17-R25-A1,2.5
SAAR Location,F4-PZ04-A17-R25-A2,2.5
SAAR Location,F4-PZ04-A17-R25-B1,2.5
SAAR Location,F4-PZ04-A17-R25-B2,2.5
SAAR Location,F4-PZ04-A17-R25-C1,2.5
SAAR Location,F4-PZ04-A17-R25-C2,2.5
SAAR Location,F4-PZ04-A17-R25-D1,2.5
SAAR Location,F4-PZ04-A17-R25-D2,2.5
SAAR Location,F4-PZ04-A17-R25-E1,2.5
SAAR Location,F4-PZ04-A17-R25-E2,2.5
SAAR Location,F4-PZ04-A17-R26-A1,2.5
SAAR Location,F4-PZ04-A17-R26-A2,2.5
SAAR Location,F4-PZ04-A17-R26-B1,2.5
SAAR Location,F4-PZ04-A17-R26-B2,2.5
SAAR Location,F4-PZ04-A17-R26-C1,2.5
SAAR Location,F4-PZ04-A17-R26-C2,2.5
SAAR Location,F4-PZ04-A17-R26-D1,2.5
SAAR Location,F4-PZ04-A17-R26-D2,2.5
SAAR Location,F4-PZ04-A17-R26-E1,2.5
SAAR Location,F4-PZ04-A17-R26-E2,2.5
SAAR Location,F4-PZ04-A17-R27-A1,2.5
SAAR Location,F4-PZ04-A17-R27-A2,2.5
SAAR Location,F4-PZ04-A17-R27-B1,2.5
SAAR Location,F4-PZ04-A17-R27-B2,2.5
SAAR Location,F4-PZ04-A17-R27-C1,2.5
SAAR Location,F4-PZ04-A17-R27-C2,2.5
SAAR Location,F4-PZ04-A17-R27-D1,2.5
SAAR Location,F4-PZ04-A17-R27-D2,2.5
SAAR Location,F4-PZ04-A17-R27-E1,2.5
SAAR Location,F4-PZ04-A17-R27-E2,2.5
SAAR Location,F4-PZ04-A17-R28-A1,2.5
SAAR Location,F4-PZ04-A17-R28-A2,2.5
SAAR Location,F4-PZ04-A17-R28-B1,2.5
SAAR Location,F4-PZ04-A17-R28-B2,2.5
SAAR Location,F4-PZ04-A17-R28-C1,2.5
SAAR Location,F4-PZ04-A17-R28-C2,2.5
SAAR Location,F4-PZ04-A17-R28-D1,2.5
SAAR Location,F4-PZ04-A17-R28-D2,2.5
SAAR Location,F4-PZ04-A17-R28-E1,2.5
SAAR Location,F4-PZ04-A17-R28-E2,2.5
SAAR Location,F4-PZ04-A17-R29-A1,2.5
SAAR Location,F4-PZ04-A17-R29-A2,2.5
SAAR Location,F4-PZ04-A17-R29-B1,2.5
SAAR Location,F4-PZ04-A17-R29-B2,2.5
SAAR Location,F4-PZ04-A17-R29-C1,2.5
SAAR Location,F4-PZ04-A17-R29-C2,2.5
SAAR Location,F4-PZ04-A17-R29-D1,2.5
SAAR Location,F4-PZ04-A17-R29-D2,2.5
SAAR Location,F4-PZ04-A17-R29-E1,2.5
SAAR Location,F4-PZ04-A17-R29-E2,2.5
SAAR Location,F4-PZ04-A17-R30-A1,2.5
SAAR Location,F4-PZ04-A17-R30-A2,2.5
SAAR Location,F4-PZ04-A17-R30-B1,2.5
SAAR Location,F4-PZ04-A17-R30-B2,2.5
SAAR Location,F4-PZ04-A17-R30-C1,2.5
SAAR Location,F4-PZ04-A17-R30-C2,2.5
SAAR Location,F4-PZ04-A17-R30-D1,2.5
SAAR Location,F4-PZ04-A17-R30-D2,2.5
SAAR Location,F4-PZ04-A17-R30-E1,2.5
SAAR Location,F4-PZ04-A17-R30-E2,2.5
SAAR Location,F4-PZ04-A17-R31-A1,2.5
SAAR Location,F4-PZ04-A17-R31-A2,2.5
SAAR Location,F4-PZ04-A17-R31-B1,2.5
SAAR Location,F4-PZ04-A17-R31-B2,2.5
SAAR Location,F4-PZ04-A17-R31-C1,2.5
SAAR Location,F4-PZ04-A17-R31-C2,2.5
SAAR Location,F4-PZ04-A17-R31-D1,2.5
SAAR Location,F4-PZ04-A17-R31-D2,2.5
SAAR Location,F4-PZ04-A17-R31-E1,2.5
SAAR Location,F4-PZ04-A17-R31-E2,2.5
SAAR Location,F4-PZ04-A17-R32-A1,2.5
SAAR Location,F4-PZ04-A17-R32-A2,2.5
SAAR Location,F4-PZ04-A17-R32-B1,2.5
SAAR Location,F4-PZ04-A17-R32-B2,2.5
SAAR Location,F4-PZ04-A17-R32-C1,2.5
SAAR Location,F4-PZ04-A17-R32-C2,2.5
SAAR Location,F4-PZ04-A17-R32-D1,2.5
SAAR Location,F4-PZ04-A17-R32-D2,2.5
SAAR Location,F4-PZ04-A17-R32-E1,2.5
SAAR Location,F4-PZ04-A17-R32-E2,2.5
SAAR Location,F4-PZ04-A17-R33-A1,2.5
SAAR Location,F4-PZ04-A17-R33-A2,2.5
SAAR Location,F4-PZ04-A17-R33-B1,2.5
SAAR Location,F4-PZ04-A17-R33-B2,2.5
SAAR Location,F4-PZ04-A17-R33-C1,2.5
SAAR Location,F4-PZ04-A17-R33-C2,2.5
SAAR Location,F4-PZ04-A17-R33-D1,2.5
SAAR Location,F4-PZ04-A17-R33-D2,2.5
SAAR Location,F4-PZ04-A17-R33-E1,2.5
SAAR Location,F4-PZ04-A17-R33-E2,2.5
SAAR Location,F4-PZ04-A17-R34-A1,2.5
SAAR Location,F4-PZ04-A17-R34-A2,2.5
SAAR Location,F4-PZ04-A17-R34-B1,2.5
SAAR Location,F4-PZ04-A17-R34-B2,2.5
SAAR Location,F4-PZ04-A17-R34-C1,2.5
SAAR Location,F4-PZ04-A17-R34-C2,2.5
SAAR Location,F4-PZ04-A17-R34-D1,2.5
SAAR Location,F4-PZ04-A17-R34-D2,2.5
SAAR Location,F4-PZ04-A17-R34-E1,2.5
SAAR Location,F4-PZ04-A17-R34-E2,2.5
SAAR Location,F4-PZ04-A17-R35-A1,2.5
SAAR Location,F4-PZ04-A17-R35-A2,2.5
SAAR Location,F4-PZ04-A17-R35-B1,2.5
SAAR Location,F4-PZ04-A17-R35-B2,2.5
SAAR Location,F4-PZ04-A17-R35-C1,2.5
SAAR Location,F4-PZ04-A17-R35-C2,2.5
SAAR Location,F4-PZ04-A17-R35-D1,2.5
SAAR Location,F4-PZ04-A17-R35-D2,2.5
SAAR Location,F4-PZ04-A17-R35-E1,2.5
SAAR Location,F4-PZ04-A17-R35-E2,2.5
SAAR Location,F4-PZ04-A17-R36-A1,2.5
SAAR Location,F4-PZ04-A17-R36-A2,2.5
SAAR Location,F4-PZ04-A17-R36-B1,2.5
SAAR Location,F4-PZ04-A17-R36-B2,2.5
SAAR Location,F4-PZ04-A17-R36-C1,2.5
SAAR Location,F4-PZ04-A17-R36-C2,2.5
SAAR Location,F4-PZ04-A17-R36-D1,2.5
SAAR Location,F4-PZ04-A17-R36-D2,2.5
SAAR Location,F4-PZ04-A17-R36-E1,2.5
SAAR Location,F4-PZ04-A17-R36-E2,2.5
SAAR Location,F4-PZ04-A17-R37-A1,2.5
SAAR Location,F4-PZ04-A17-R37-A2,2.5
SAAR Location,F4-PZ04-A17-R37-B1,2.5
SAAR Location,F4-PZ04-A17-R37-B2,2.5
SAAR Location,F4-PZ04-A17-R37-C1,2.5
SAAR Location,F4-PZ04-A17-R37-C2,2.5
SAAR Location,F4-PZ04-A17-R37-D1,2.5
SAAR Location,F4-PZ04-A17-R37-D2,2.5
SAAR Location,F4-PZ04-A17-R37-E1,2.5
SAAR Location,F4-PZ04-A17-R37-E2,2.5
SAAR Location,F4-PZ04-A17-R38-A1,2.5
SAAR Location,F4-PZ04-A17-R38-A2,2.5
SAAR Location,F4-PZ04-A17-R38-B1,2.5
SAAR Location,F4-PZ04-A17-R38-B2,2.5
SAAR Location,F4-PZ04-A17-R38-C1,2.5
SAAR Location,F4-PZ04-A17-R38-C2,2.5
SAAR Location,F4-PZ04-A17-R38-D1,2.5
SAAR Location,F4-PZ04-A17-R38-D2,2.5
SAAR Location,F4-PZ04-A17-R38-E1,2.5
SAAR Location,F4-PZ04-A17-R38-E2,2.5
SAAR Location,F4-PZ04-A17-R39-A1,2.5
SAAR Location,F4-PZ04-A17-R39-A2,2.5
SAAR Location,F4-PZ04-A17-R39-B1,2.5
SAAR Location,F4-PZ04-A17-R39-B2,2.5
SAAR Location,F4-PZ04-A17-R39-C1,2.5
SAAR Location,F4-PZ04-A17-R39-C2,2.5
SAAR Location,F4-PZ04-A17-R39-D1,2.5
SAAR Location,F4-PZ04-A17-R39-D2,2.5
SAAR Location,F4-PZ04-A17-R39-E1,2.5
SAAR Location,F4-PZ04-A17-R39-E2,2.5
SAAR Location,F4-PZ04-A17-R40-A1,2.5
SAAR Location,F4-PZ04-A17-R40-A2,2.5
SAAR Location,F4-PZ04-A17-R40-B1,2.5
SAAR Location,F4-PZ04-A17-R40-B2,2.5
SAAR Location,F4-PZ04-A17-R40-C1,2.5
SAAR Location,F4-PZ04-A17-R40-C2,2.5
SAAR Location,F4-PZ04-A17-R40-D1,2.5
SAAR Location,F4-PZ04-A17-R40-D2,2.5
SAAR Location,F4-PZ04-A17-R40-E1,2.5
SAAR Location,F4-PZ04-A17-R40-E2,2.5
SAAR Location,F4-PZ04-A17-R41-A1,2.5
SAAR Location,F4-PZ04-A17-R41-A2,2.5
SAAR Location,F4-PZ04-A17-R41-B1,2.5
SAAR Location,F4-PZ04-A17-R41-B2,2.5
SAAR Location,F4-PZ04-A17-R41-C1,2.5
SAAR Location,F4-PZ04-A17-R41-C2,2.5
SAAR Location,F4-PZ04-A17-R41-D1,2.5
SAAR Location,F4-PZ04-A17-R41-D2,2.5
SAAR Location,F4-PZ04-A17-R41-E1,2.5
SAAR Location,F4-PZ04-A17-R41-E2,2.5
SAAR Location,F4-PZ04-A17-R42-A1,2.5
SAAR Location,F4-PZ04-A17-R42-A2,2.5
SAAR Location,F4-PZ04-A17-R42-B1,2.5
SAAR Location,F4-PZ04-A17-R42-B2,2.5
SAAR Location,F4-PZ04-A17-R42-C1,2.5
SAAR Location,F4-PZ04-A17-R42-C2,2.5
SAAR Location,F4-PZ04-A17-R42-D1,2.5
SAAR Location,F4-PZ04-A17-R42-D2,2.5
SAAR Location,F4-PZ04-A17-R42-E1,2.5
SAAR Location,F4-PZ04-A17-R42-E2,2.5
SAAR Location,F4-PZ04-A17-R43-A1,2.5
SAAR Location,F4-PZ04-A17-R43-A2,2.5
SAAR Location,F4-PZ04-A17-R43-B1,2.5
SAAR Location,F4-PZ04-A17-R43-B2,2.5
SAAR Location,F4-PZ04-A17-R43-C1,2.5
SAAR Location,F4-PZ04-A17-R43-C2,2.5
SAAR Location,F4-PZ04-A17-R43-D1,2.5
SAAR Location,F4-PZ04-A17-R43-D2,2.5
SAAR Location,F4-PZ04-A17-R43-E1,2.5
SAAR Location,F4-PZ04-A17-R43-E2,2.5
SAAR Location,F4-PZ04-A17-R44-A1,2.5
SAAR Location,F4-PZ04-A17-R44-A2,2.5
SAAR Location,F4-PZ04-A17-R44-B1,2.5
SAAR Location,F4-PZ04-A17-R44-B2,2.5
SAAR Location,F4-PZ04-A17-R44-C1,2.5
SAAR Location,F4-PZ04-A17-R44-C2,2.5
SAAR Location,F4-PZ04-A17-R44-D1,2.5
SAAR Location,F4-PZ04-A17-R44-D2,2.5
SAAR Location,F4-PZ04-A17-R44-E1,2.5
SAAR Location,F4-PZ04-A17-R44-E2,2.5
SAAR Location,F4-PZ04-A18-R01-A1,2.5
SAAR Location,F4-PZ04-A18-R01-A2,2.5
SAAR Location,F4-PZ04-A18-R01-B1,2.5
SAAR Location,F4-PZ04-A18-R01-B2,2.5
SAAR Location,F4-PZ04-A18-R01-C1,2.5
SAAR Location,F4-PZ04-A18-R01-C2,2.5
SAAR Location,F4-PZ04-A18-R01-D1,2.5
SAAR Location,F4-PZ04-A18-R01-D2,2.5
SAAR Location,F4-PZ04-A18-R01-E1,2.5
SAAR Location,F4-PZ04-A18-R01-E2,2.5
SAAR Location,F4-PZ04-A18-R02-A1,2.5
SAAR Location,F4-PZ04-A18-R02-A2,2.5
SAAR Location,F4-PZ04-A18-R02-B1,2.5
SAAR Location,F4-PZ04-A18-R02-B2,2.5
SAAR Location,F4-PZ04-A18-R02-C1,2.5
SAAR Location,F4-PZ04-A18-R02-C2,2.5
SAAR Location,F4-PZ04-A18-R02-D1,2.5
SAAR Location,F4-PZ04-A18-R02-D2,2.5
SAAR Location,F4-PZ04-A18-R02-E1,2.5
SAAR Location,F4-PZ04-A18-R02-E2,2.5
SAAR Location,F4-PZ04-A18-R03-A1,2.5
SAAR Location,F4-PZ04-A18-R03-A2,2.5
SAAR Location,F4-PZ04-A18-R03-B1,2.5
SAAR Location,F4-PZ04-A18-R03-B2,2.5
SAAR Location,F4-PZ04-A18-R03-C1,2.5
SAAR Location,F4-PZ04-A18-R03-C2,2.5
SAAR Location,F4-PZ04-A18-R03-D1,2.5
SAAR Location,F4-PZ04-A18-R03-D2,2.5
SAAR Location,F4-PZ04-A18-R03-E1,2.5
SAAR Location,F4-PZ04-A18-R03-E2,2.5
SAAR Location,F4-PZ04-A18-R04-A1,2.5
SAAR Location,F4-PZ04-A18-R04-A2,2.5
SAAR Location,F4-PZ04-A18-R04-B1,2.5
SAAR Location,F4-PZ04-A18-R04-B2,2.5
SAAR Location,F4-PZ04-A18-R04-C1,2.5
SAAR Location,F4-PZ04-A18-R04-C2,2.5
SAAR Location,F4-PZ04-A18-R04-D1,2.5
SAAR Location,F4-PZ04-A18-R04-D2,2.5
SAAR Location,F4-PZ04-A18-R04-E1,2.5
SAAR Location,F4-PZ04-A18-R04-E2,2.5
SAAR Location,F4-PZ04-A18-R05-A1,2.5
SAAR Location,F4-PZ04-A18-R05-A2,2.5
SAAR Location,F4-PZ04-A18-R05-B1,2.5
SAAR Location,F4-PZ04-A18-R05-B2,2.5
SAAR Location,F4-PZ04-A18-R05-C1,2.5
SAAR Location,F4-PZ04-A18-R05-C2,2.5
SAAR Location,F4-PZ04-A18-R05-D1,2.5
SAAR Location,F4-PZ04-A18-R05-D2,2.5
SAAR Location,F4-PZ04-A18-R05-E1,2.5
SAAR Location,F4-PZ04-A18-R05-E2,2.5
SAAR Location,F4-PZ04-A18-R06-A1,2.5
SAAR Location,F4-PZ04-A18-R06-A2,2.5
SAAR Location,F4-PZ04-A18-R06-B1,2.5
SAAR Location,F4-PZ04-A18-R06-B2,2.5
SAAR Location,F4-PZ04-A18-R06-C1,2.5
SAAR Location,F4-PZ04-A18-R06-C2,2.5
SAAR Location,F4-PZ04-A18-R06-D1,2.5
SAAR Location,F4-PZ04-A18-R06-D2,2.5
SAAR Location,F4-PZ04-A18-R06-E1,2.5
SAAR Location,F4-PZ04-A18-R06-E2,2.5
SAAR Location,F4-PZ04-A18-R07-A1,2.5
SAAR Location,F4-PZ04-A18-R07-A2,2.5
SAAR Location,F4-PZ04-A18-R07-B1,2.5
SAAR Location,F4-PZ04-A18-R07-B2,2.5
SAAR Location,F4-PZ04-A18-R07-C1,2.5
SAAR Location,F4-PZ04-A18-R07-C2,2.5
SAAR Location,F4-PZ04-A18-R07-D1,2.5
SAAR Location,F4-PZ04-A18-R07-D2,2.5
SAAR Location,F4-PZ04-A18-R07-E1,2.5
SAAR Location,F4-PZ04-A18-R07-E2,2.5
SAAR Location,F4-PZ04-A18-R08-A1,2.5
SAAR Location,F4-PZ04-A18-R08-A2,2.5
SAAR Location,F4-PZ04-A18-R08-B1,2.5
SAAR Location,F4-PZ04-A18-R08-B2,2.5
SAAR Location,F4-PZ04-A18-R08-C1,2.5
SAAR Location,F4-PZ04-A18-R08-C2,2.5
SAAR Location,F4-PZ04-A18-R08-D1,2.5
SAAR Location,F4-PZ04-A18-R08-D2,2.5
SAAR Location,F4-PZ04-A18-R08-E1,2.5
SAAR Location,F4-PZ04-A18-R08-E2,2.5
SAAR Location,F4-PZ04-A18-R09-A1,2.5
SAAR Location,F4-PZ04-A18-R09-A2,2.5
SAAR Location,F4-PZ04-A18-R09-B1,2.5
SAAR Location,F4-PZ04-A18-R09-B2,2.5
SAAR Location,F4-PZ04-A18-R09-C1,2.5
SAAR Location,F4-PZ04-A18-R09-C2,2.5
SAAR Location,F4-PZ04-A18-R09-D1,2.5
SAAR Location,F4-PZ04-A18-R09-D2,2.5
SAAR Location,F4-PZ04-A18-R09-E1,2.5
SAAR Location,F4-PZ04-A18-R09-E2,2.5
SAAR Location,F4-PZ04-A18-R10-A1,2.5
SAAR Location,F4-PZ04-A18-R10-A2,2.5
SAAR Location,F4-PZ04-A18-R10-B1,2.5
SAAR Location,F4-PZ04-A18-R10-B2,2.5
SAAR Location,F4-PZ04-A18-R10-C1,2.5
SAAR Location,F4-PZ04-A18-R10-C2,2.5
SAAR Location,F4-PZ04-A18-R10-D1,2.5
SAAR Location,F4-PZ04-A18-R10-D2,2.5
SAAR Location,F4-PZ04-A18-R10-E1,2.5
SAAR Location,F4-PZ04-A18-R10-E2,2.5
SAAR Location,F4-PZ04-A18-R11-A1,2.5
SAAR Location,F4-PZ04-A18-R11-A2,2.5
SAAR Location,F4-PZ04-A18-R11-B1,2.5
SAAR Location,F4-PZ04-A18-R11-B2,2.5
SAAR Location,F4-PZ04-A18-R11-C1,2.5
SAAR Location,F4-PZ04-A18-R11-C2,2.5
SAAR Location,F4-PZ04-A18-R11-D1,2.5
SAAR Location,F4-PZ04-A18-R11-D2,2.5
SAAR Location,F4-PZ04-A18-R11-E1,2.5
SAAR Location,F4-PZ04-A18-R11-E2,2.5
SAAR Location,F4-PZ04-A18-R12-A1,2.5
SAAR Location,F4-PZ04-A18-R12-A2,2.5
SAAR Location,F4-PZ04-A18-R12-B1,2.5
SAAR Location,F4-PZ04-A18-R12-B2,2.5
SAAR Location,F4-PZ04-A18-R12-C1,2.5
SAAR Location,F4-PZ04-A18-R12-C2,2.5
SAAR Location,F4-PZ04-A18-R12-D1,2.5
SAAR Location,F4-PZ04-A18-R12-D2,2.5
SAAR Location,F4-PZ04-A18-R12-E1,2.5
SAAR Location,F4-PZ04-A18-R12-E2,2.5
SAAR Location,F4-PZ04-A18-R13-A1,2.5
SAAR Location,F4-PZ04-A18-R13-A2,2.5
SAAR Location,F4-PZ04-A18-R13-B1,2.5
SAAR Location,F4-PZ04-A18-R13-B2,2.5
SAAR Location,F4-PZ04-A18-R13-C1,2.5
SAAR Location,F4-PZ04-A18-R13-C2,2.5
SAAR Location,F4-PZ04-A18-R13-D1,2.5
SAAR Location,F4-PZ04-A18-R13-D2,2.5
SAAR Location,F4-PZ04-A18-R13-E1,2.5
SAAR Location,F4-PZ04-A18-R13-E2,2.5
Bulk Location,HV-PZ01-A01-R29-C2,60
SAAR Location,HV-PZ01-A02-R07-A1,2.5
SAAR Location,HV-PZ01-A02-R07-A2,2.5
SAAR Location,HV-PZ01-A02-R07-B1,2.5
SAAR Location,HV-PZ01-A02-R07-B2,2.5
SAAR Location,HV-PZ01-A02-R07-C1,2.5
SAAR Location,HV-PZ01-A02-R07-C2,2.5
SAAR Location,HV-PZ01-A02-R07-D1,2.5
SAAR Location,HV-PZ01-A02-R07-D2,2.5
SAAR Location,HV-PZ01-A02-R07-E1,2.5
SAAR Location,HV-PZ01-A02-R07-E2,2.5
SAAR Location,HV-PZ01-A02-R08-A1,2.5
SAAR Location,HV-PZ01-A02-R08-A2,2.5
SAAR Location,HV-PZ01-A02-R08-B1,2.5
SAAR Location,HV-PZ01-A02-R08-B2,2.5
SAAR Location,HV-PZ01-A02-R08-C1,2.5
SAAR Location,HV-PZ01-A02-R08-C2,2.5
SAAR Location,HV-PZ01-A02-R08-D1,2.5
SAAR Location,HV-PZ01-A02-R08-D2,2.5
SAAR Location,HV-PZ01-A02-R08-E1,2.5
SAAR Location,HV-PZ01-A02-R08-E2,2.5
SAAR Location,HV-PZ01-A02-R09-A1,2.5
SAAR Location,HV-PZ01-A02-R09-A2,2.5
SAAR Location,HV-PZ01-A02-R09-B1,2.5
SAAR Location,HV-PZ01-A02-R09-B2,2.5
SAAR Location,HV-PZ01-A02-R09-C1,2.5
SAAR Location,HV-PZ01-A02-R09-C2,2.5
SAAR Location,HV-PZ01-A02-R09-D1,2.5
SAAR Location,HV-PZ01-A02-R09-D2,2.5
SAAR Location,HV-PZ01-A02-R09-E1,2.5
SAAR Location,HV-PZ01-A02-R09-E2,2.5
SAAR Location,HV-PZ01-A02-R10-A1,2.5
SAAR Location,HV-PZ01-A02-R10-A2,2.5
SAAR Location,HV-PZ01-A02-R10-B1,2.5
SAAR Location,HV-PZ01-A02-R10-B2,2.5
SAAR Location,HV-PZ01-A02-R10-C1,2.5
SAAR Location,HV-PZ01-A02-R10-C2,2.5
SAAR Location,HV-PZ01-A02-R10-D1,2.5
SAAR Location,HV-PZ01-A02-R10-D2,2.5
SAAR Location,HV-PZ01-A02-R10-E1,2.5
SAAR Location,HV-PZ01-A02-R10-E2,2.5
SAAR Location,HV-PZ01-A02-R11-A1,2.5
SAAR Location,HV-PZ01-A02-R11-A2,2.5
SAAR Location,HV-PZ01-A02-R11-B1,2.5
SAAR Location,HV-PZ01-A02-R11-B2,2.5
SAAR Location,HV-PZ01-A02-R11-C1,2.5
SAAR Location,HV-PZ01-A02-R11-C2,2.5
SAAR Location,HV-PZ01-A02-R11-D1,2.5
SAAR Location,HV-PZ01-A02-R11-D2,2.5
SAAR Location,HV-PZ01-A02-R11-E1,2.5
SAAR Location,HV-PZ01-A02-R11-E2,2.5
SAAR Location,HV-PZ01-A02-R12-A1,2.5
SAAR Location,HV-PZ01-A02-R12-A2,2.5
SAAR Location,HV-PZ01-A02-R12-B1,2.5
SAAR Location,HV-PZ01-A02-R12-B2,2.5
SAAR Location,HV-PZ01-A02-R12-C1,2.5
SAAR Location,HV-PZ01-A02-R12-C2,2.5
SAAR Location,HV-PZ01-A02-R12-D1,2.5
SAAR Location,HV-PZ01-A02-R12-D2,2.5
SAAR Location,HV-PZ01-A02-R12-E1,2.5
SAAR Location,HV-PZ01-A02-R12-E2,2.5
SAAR Location,HV-PZ01-A02-R13-A1,2.5
SAAR Location,HV-PZ01-A02-R13-A2,2.5
SAAR Location,HV-PZ01-A02-R13-B1,2.5
SAAR Location,HV-PZ01-A02-R13-B2,2.5
SAAR Location,HV-PZ01-A02-R13-C1,2.5
SAAR Location,HV-PZ01-A02-R13-C2,2.5
SAAR Location,HV-PZ01-A02-R13-D1,2.5
SAAR Location,HV-PZ01-A02-R13-D2,2.5
SAAR Location,HV-PZ01-A02-R13-E1,2.5
SAAR Location,HV-PZ01-A02-R13-E2,2.5
SAAR Location,HV-PZ01-A02-R14-A1,2.5
SAAR Location,HV-PZ01-A02-R14-A2,2.5
SAAR Location,HV-PZ01-A02-R14-B1,2.5
SAAR Location,HV-PZ01-A02-R14-B2,2.5
SAAR Location,HV-PZ01-A02-R14-C1,2.5
SAAR Location,HV-PZ01-A02-R14-C2,2.5
SAAR Location,HV-PZ01-A02-R14-D1,2.5
SAAR Location,HV-PZ01-A02-R14-D2,2.5
SAAR Location,HV-PZ01-A02-R14-E1,2.5
SAAR Location,HV-PZ01-A02-R14-E2,2.5
SAAR Location,HV-PZ01-A02-R15-A1,2.5
SAAR Location,HV-PZ01-A02-R15-A2,2.5
SAAR Location,HV-PZ01-A02-R15-B1,2.5
SAAR Location,HV-PZ01-A02-R15-B2,2.5
SAAR Location,HV-PZ01-A02-R15-C1,2.5
SAAR Location,HV-PZ01-A02-R15-C2,2.5
SAAR Location,HV-PZ01-A02-R15-D1,2.5
SAAR Location,HV-PZ01-A02-R15-D2,2.5
SAAR Location,HV-PZ01-A02-R15-E1,2.5
SAAR Location,HV-PZ01-A02-R15-E2,2.5
SAAR Location,HV-PZ01-A02-R16-A1,2.5
SAAR Location,HV-PZ01-A02-R16-A2,2.5
SAAR Location,HV-PZ01-A02-R16-B1,2.5
SAAR Location,HV-PZ01-A02-R16-B2,2.5
SAAR Location,HV-PZ01-A02-R16-C1,2.5
SAAR Location,HV-PZ01-A02-R16-C2,2.5
SAAR Location,HV-PZ01-A02-R16-D1,2.5
SAAR Location,HV-PZ01-A02-R16-D2,2.5
SAAR Location,HV-PZ01-A02-R16-E1,2.5
SAAR Location,HV-PZ01-A02-R16-E2,2.5
SAAR Location,HV-PZ01-A02-R17-A1,2.5
SAAR Location,HV-PZ01-A02-R17-A2,2.5
SAAR Location,HV-PZ01-A02-R17-B1,2.5
SAAR Location,HV-PZ01-A02-R17-B2,2.5
SAAR Location,HV-PZ01-A02-R17-C1,2.5
SAAR Location,HV-PZ01-A02-R17-C2,2.5
SAAR Location,HV-PZ01-A02-R17-D1,2.5
SAAR Location,HV-PZ01-A02-R17-D2,2.5
SAAR Location,HV-PZ01-A02-R17-E1,2.5
SAAR Location,HV-PZ01-A02-R17-E2,2.5
SAAR Location,HV-PZ01-A02-R18-A1,2.5
SAAR Location,HV-PZ01-A02-R18-A2,2.5
SAAR Location,HV-PZ01-A02-R18-B1,2.5
SAAR Location,HV-PZ01-A02-R18-B2,2.5
SAAR Location,HV-PZ01-A02-R18-C1,2.5
SAAR Location,HV-PZ01-A02-R18-C2,2.5
SAAR Location,HV-PZ01-A02-R18-D1,2.5
SAAR Location,HV-PZ01-A02-R18-D2,2.5
SAAR Location,HV-PZ01-A02-R18-E1,2.5
SAAR Location,HV-PZ01-A02-R18-E2,2.5
SAAR Location,HV-PZ01-A02-R19-A1,2.5
SAAR Location,HV-PZ01-A02-R19-A2,2.5
SAAR Location,HV-PZ01-A02-R19-B1,2.5
SAAR Location,HV-PZ01-A02-R19-B2,2.5
SAAR Location,HV-PZ01-A02-R19-C1,2.5
SAAR Location,HV-PZ01-A02-R19-C2,2.5
SAAR Location,HV-PZ01-A02-R19-D1,2.5
SAAR Location,HV-PZ01-A02-R19-D2,2.5
SAAR Location,HV-PZ01-A02-R19-E1,2.5
SAAR Location,HV-PZ01-A02-R19-E2,2.5
SAAR Location,HV-PZ01-A02-R20-A1,2.5
SAAR Location,HV-PZ01-A02-R20-A2,2.5
SAAR Location,HV-PZ01-A02-R20-B1,2.5
SAAR Location,HV-PZ01-A02-R20-B2,2.5
SAAR Location,HV-PZ01-A02-R20-C1,2.5
SAAR Location,HV-PZ01-A02-R20-C2,2.5
SAAR Location,HV-PZ01-A02-R20-D1,2.5
SAAR Location,HV-PZ01-A02-R20-D2,2.5
SAAR Location,HV-PZ01-A02-R20-E1,2.5
SAAR Location,HV-PZ01-A02-R20-E2,2.5
SAAR Location,HV-PZ01-A02-R21-A1,2.5
SAAR Location,HV-PZ01-A02-R21-A2,2.5
SAAR Location,HV-PZ01-A02-R21-B1,2.5
SAAR Location,HV-PZ01-A02-R21-B2,2.5
SAAR Location,HV-PZ01-A02-R21-C1,2.5
SAAR Location,HV-PZ01-A02-R21-C2,2.5
SAAR Location,HV-PZ01-A02-R21-D1,2.5
SAAR Location,HV-PZ01-A02-R21-D2,2.5
SAAR Location,HV-PZ01-A02-R21-E1,2.5
SAAR Location,HV-PZ01-A02-R21-E2,2.5
SAAR Location,HV-PZ01-A02-R22-A1,2.5
SAAR Location,HV-PZ01-A02-R22-A2,2.5
SAAR Location,HV-PZ01-A02-R22-B1,2.5
SAAR Location,HV-PZ01-A02-R22-B2,2.5
SAAR Location,HV-PZ01-A02-R22-C1,2.5
SAAR Location,HV-PZ01-A02-R22-C2,2.5
SAAR Location,HV-PZ01-A02-R22-D1,2.5
SAAR Location,HV-PZ01-A02-R22-D2,2.5
SAAR Location,HV-PZ01-A02-R22-E1,2.5
SAAR Location,HV-PZ01-A02-R22-E2,2.5
SAAR Location,HV-PZ01-A02-R23-A1,2.5
SAAR Location,HV-PZ01-A02-R23-A2,2.5
SAAR Location,HV-PZ01-A02-R23-B1,2.5
SAAR Location,HV-PZ01-A02-R23-B2,2.5
SAAR Location,HV-PZ01-A02-R23-C1,2.5
SAAR Location,HV-PZ01-A02-R23-C2,2.5
SAAR Location,HV-PZ01-A02-R23-D1,2.5
SAAR Location,HV-PZ01-A02-R23-D2,2.5
SAAR Location,HV-PZ01-A02-R23-E1,2.5
SAAR Location,HV-PZ01-A02-R23-E2,2.5
SAAR Location,HV-PZ01-A02-R24-A1,2.5
SAAR Location,HV-PZ01-A02-R24-A2,2.5
SAAR Location,HV-PZ01-A02-R24-B1,2.5
SAAR Location,HV-PZ01-A02-R24-B2,2.5
SAAR Location,HV-PZ01-A02-R24-C1,2.5
SAAR Location,HV-PZ01-A02-R24-C2,2.5
SAAR Location,HV-PZ01-A02-R24-D1,2.5
SAAR Location,HV-PZ01-A02-R24-D2,2.5
SAAR Location,HV-PZ01-A02-R24-E1,2.5
SAAR Location,HV-PZ01-A02-R24-E2,2.5
SAAR Location,HV-PZ01-A02-R25-A1,2.5
SAAR Location,HV-PZ01-A02-R25-A2,2.5
SAAR Location,HV-PZ01-A02-R25-B1,2.5
SAAR Location,HV-PZ01-A02-R25-B2,2.5
SAAR Location,HV-PZ01-A02-R25-C1,2.5
SAAR Location,HV-PZ01-A02-R25-C2,2.5
SAAR Location,HV-PZ01-A02-R25-D1,2.5
SAAR Location,HV-PZ01-A02-R25-D2,2.5
SAAR Location,HV-PZ01-A02-R25-E1,2.5
SAAR Location,HV-PZ01-A02-R25-E2,2.5
SAAR Location,HV-PZ01-A02-R26-A1,2.5
SAAR Location,HV-PZ01-A02-R26-A2,2.5
SAAR Location,HV-PZ01-A02-R26-B1,2.5
SAAR Location,HV-PZ01-A02-R26-B2,2.5
SAAR Location,HV-PZ01-A02-R26-C1,2.5
SAAR Location,HV-PZ01-A02-R26-C2,2.5
SAAR Location,HV-PZ01-A02-R26-D1,2.5
SAAR Location,HV-PZ01-A02-R26-D2,2.5
SAAR Location,HV-PZ01-A02-R26-E1,2.5
SAAR Location,HV-PZ01-A02-R26-E2,2.5
SAAR Location,HV-PZ01-A02-R27-A1,2.5
SAAR Location,HV-PZ01-A02-R27-A2,2.5
SAAR Location,HV-PZ01-A02-R27-B1,2.5
SAAR Location,HV-PZ01-A02-R27-B2,2.5
SAAR Location,HV-PZ01-A02-R27-C1,2.5
SAAR Location,HV-PZ01-A02-R27-C2,2.5
SAAR Location,HV-PZ01-A02-R27-D1,2.5
SAAR Location,HV-PZ01-A02-R27-D2,2.5
SAAR Location,HV-PZ01-A02-R27-E1,2.5
SAAR Location,HV-PZ01-A02-R27-E2,2.5
SAAR Location,HV-PZ01-A02-R28-A1,2.5
SAAR Location,HV-PZ01-A02-R28-A2,2.5
SAAR Location,HV-PZ01-A02-R28-B1,2.5
SAAR Location,HV-PZ01-A02-R28-B2,2.5
SAAR Location,HV-PZ01-A02-R28-C1,2.5
SAAR Location,HV-PZ01-A02-R28-C2,2.5
SAAR Location,HV-PZ01-A02-R28-D1,2.5
SAAR Location,HV-PZ01-A02-R28-D2,2.5
SAAR Location,HV-PZ01-A02-R28-E1,2.5
SAAR Location,HV-PZ01-A02-R28-E2,2.5
SAAR Location,HV-PZ01-A02-R29-A1,2.5
SAAR Location,HV-PZ01-A02-R29-A2,2.5
SAAR Location,HV-PZ01-A02-R29-B1,2.5
SAAR Location,HV-PZ01-A02-R29-B2,2.5
SAAR Location,HV-PZ01-A02-R29-C1,2.5
SAAR Location,HV-PZ01-A02-R29-C2,2.5
SAAR Location,HV-PZ01-A02-R29-D1,2.5
SAAR Location,HV-PZ01-A02-R29-D2,2.5
SAAR Location,HV-PZ01-A02-R29-E1,2.5
SAAR Location,HV-PZ01-A02-R29-E2,2.5
SAAR Location,HV-PZ01-A02-R30-A1,2.5
SAAR Location,HV-PZ01-A02-R30-A2,2.5
SAAR Location,HV-PZ01-A02-R30-B1,2.5
SAAR Location,HV-PZ01-A02-R30-B2,2.5
SAAR Location,HV-PZ01-A02-R30-C1,2.5
SAAR Location,HV-PZ01-A02-R30-C2,2.5
SAAR Location,HV-PZ01-A02-R30-D1,2.5
SAAR Location,HV-PZ01-A02-R30-D2,2.5
SAAR Location,HV-PZ01-A02-R30-E1,2.5
SAAR Location,HV-PZ01-A02-R30-E2,2.5
SAAR Location,HV-PZ01-A02-R31-A1,2.5
SAAR Location,HV-PZ01-A02-R31-A2,2.5
SAAR Location,HV-PZ01-A02-R31-B1,2.5
SAAR Location,HV-PZ01-A02-R31-B2,2.5
SAAR Location,HV-PZ01-A02-R31-C1,2.5
SAAR Location,HV-PZ01-A02-R31-C2,2.5
SAAR Location,HV-PZ01-A02-R31-D1,2.5
SAAR Location,HV-PZ01-A02-R31-D2,2.5
SAAR Location,HV-PZ01-A02-R31-E1,2.5
SAAR Location,HV-PZ01-A02-R31-E2,2.5
SAAR Location,HV-PZ01-A02-R32-A1,2.5
SAAR Location,HV-PZ01-A02-R32-A2,2.5
SAAR Location,HV-PZ01-A02-R32-B1,2.5
SAAR Location,HV-PZ01-A02-R32-B2,2.5
SAAR Location,HV-PZ01-A02-R32-C1,2.5
SAAR Location,HV-PZ01-A02-R32-C2,2.5
SAAR Location,HV-PZ01-A02-R32-D1,2.5
SAAR Location,HV-PZ01-A02-R32-D2,2.5
SAAR Location,HV-PZ01-A02-R32-E1,2.5
SAAR Location,HV-PZ01-A02-R32-E2,2.5
SAAR Location,HV-PZ01-A02-R33-A1,2.5
SAAR Location,HV-PZ01-A02-R33-A2,2.5
SAAR Location,HV-PZ01-A02-R33-B1,2.5
SAAR Location,HV-PZ01-A02-R33-B2,2.5
SAAR Location,HV-PZ01-A02-R33-C1,2.5
SAAR Location,HV-PZ01-A02-R33-C2,2.5
SAAR Location,HV-PZ01-A02-R33-D1,2.5
SAAR Location,HV-PZ01-A02-R33-D2,2.5
SAAR Location,HV-PZ01-A02-R33-E1,2.5
SAAR Location,HV-PZ01-A02-R33-E2,2.5
SAAR Location,HV-PZ01-A02-R34-A1,2.5
SAAR Location,HV-PZ01-A02-R34-A2,2.5
SAAR Location,HV-PZ01-A02-R34-B1,2.5
SAAR Location,HV-PZ01-A02-R34-B2,2.5
SAAR Location,HV-PZ01-A02-R34-C1,2.5
SAAR Location,HV-PZ01-A02-R34-C2,2.5
SAAR Location,HV-PZ01-A02-R34-D1,2.5
SAAR Location,HV-PZ01-A02-R34-D2,2.5
SAAR Location,HV-PZ01-A02-R34-E1,2.5
SAAR Location,HV-PZ01-A02-R34-E2,2.5
SAAR Location,HV-PZ01-A02-R35-A1,2.5
SAAR Location,HV-PZ01-A02-R35-A2,2.5
SAAR Location,HV-PZ01-A02-R35-B1,2.5
SAAR Location,HV-PZ01-A02-R35-B2,2.5
SAAR Location,HV-PZ01-A02-R35-C1,2.5
SAAR Location,HV-PZ01-A02-R35-C2,2.5
SAAR Location,HV-PZ01-A02-R35-D1,2.5
SAAR Location,HV-PZ01-A02-R35-D2,2.5
SAAR Location,HV-PZ01-A02-R35-E1,2.5
SAAR Location,HV-PZ01-A02-R35-E2,2.5
SAAR Location,HV-PZ01-A02-R36-A1,2.5
SAAR Location,HV-PZ01-A02-R36-A2,2.5
SAAR Location,HV-PZ01-A02-R36-B1,2.5
SAAR Location,HV-PZ01-A02-R36-B2,2.5
SAAR Location,HV-PZ01-A02-R36-C1,2.5
SAAR Location,HV-PZ01-A02-R36-C2,2.5
SAAR Location,HV-PZ01-A02-R36-D1,2.5
SAAR Location,HV-PZ01-A02-R36-D2,2.5
SAAR Location,HV-PZ01-A02-R36-E1,2.5
SAAR Location,HV-PZ01-A02-R36-E2,2.5
SAAR Location,HV-PZ01-A02-R37-A1,2.5
SAAR Location,HV-PZ01-A02-R37-A2,2.5
SAAR Location,HV-PZ01-A02-R37-B1,2.5
SAAR Location,HV-PZ01-A02-R37-B2,2.5
SAAR Location,HV-PZ01-A02-R37-C1,2.5
SAAR Location,HV-PZ01-A02-R37-C2,2.5
SAAR Location,HV-PZ01-A02-R37-D1,2.5
SAAR Location,HV-PZ01-A02-R37-D2,2.5
SAAR Location,HV-PZ01-A02-R37-E1,2.5
SAAR Location,HV-PZ01-A02-R37-E2,2.5
SAAR Location,HV-PZ01-A02-R38-A1,2.5
SAAR Location,HV-PZ01-A02-R38-A2,2.5
SAAR Location,HV-PZ01-A02-R38-B1,2.5
SAAR Location,HV-PZ01-A02-R38-B2,2.5
SAAR Location,HV-PZ01-A02-R38-C1,2.5
SAAR Location,HV-PZ01-A02-R38-C2,2.5
SAAR Location,HV-PZ01-A02-R38-D1,2.5
SAAR Location,HV-PZ01-A02-R38-D2,2.5
SAAR Location,HV-PZ01-A02-R38-E1,2.5
SAAR Location,HV-PZ01-A02-R38-E2,2.5
SAAR Location,HV-PZ01-A02-R39-A1,2.5
SAAR Location,HV-PZ01-A02-R39-A2,2.5
SAAR Location,HV-PZ01-A02-R39-B1,2.5
SAAR Location,HV-PZ01-A02-R39-B2,2.5
SAAR Location,HV-PZ01-A02-R39-C1,2.5
SAAR Location,HV-PZ01-A02-R39-C2,2.5
SAAR Location,HV-PZ01-A02-R39-D1,2.5
SAAR Location,HV-PZ01-A02-R39-D2,2.5
SAAR Location,HV-PZ01-A02-R39-E1,2.5
SAAR Location,HV-PZ01-A02-R39-E2,2.5
SAAR Location,HV-PZ01-A03-R04-A1,2.5
SAAR Location,HV-PZ01-A03-R04-A2,2.5
SAAR Location,HV-PZ01-A03-R04-B1,2.5
SAAR Location,HV-PZ01-A03-R04-B2,2.5
SAAR Location,HV-PZ01-A03-R04-C1,2.5
SAAR Location,HV-PZ01-A03-R04-C2,2.5
SAAR Location,HV-PZ01-A03-R04-D1,2.5
SAAR Location,HV-PZ01-A03-R04-D2,2.5
SAAR Location,HV-PZ01-A03-R04-E1,2.5
SAAR Location,HV-PZ01-A03-R04-E2,2.5
SAAR Location,HV-PZ01-A03-R05-A1,2.5
SAAR Location,HV-PZ01-A03-R05-A2,2.5
SAAR Location,HV-PZ01-A03-R05-B1,2.5
SAAR Location,HV-PZ01-A03-R05-B2,2.5
SAAR Location,HV-PZ01-A03-R05-C1,2.5
SAAR Location,HV-PZ01-A03-R05-C2,2.5
SAAR Location,HV-PZ01-A03-R05-D1,2.5
SAAR Location,HV-PZ01-A03-R05-D2,2.5
SAAR Location,HV-PZ01-A03-R05-E1,2.5
SAAR Location,HV-PZ01-A03-R05-E2,2.5
SAAR Location,HV-PZ01-A03-R06-A1,2.5
SAAR Location,HV-PZ01-A03-R06-A2,2.5
SAAR Location,HV-PZ01-A03-R06-B1,2.5
SAAR Location,HV-PZ01-A03-R06-B2,2.5
SAAR Location,HV-PZ01-A03-R06-C1,2.5
SAAR Location,HV-PZ01-A03-R06-C2,2.5
SAAR Location,HV-PZ01-A03-R06-D1,2.5
SAAR Location,HV-PZ01-A03-R06-D2,2.5
SAAR Location,HV-PZ01-A03-R06-E1,2.5
SAAR Location,HV-PZ01-A03-R06-E2,2.5
SAAR Location,HV-PZ01-A03-R07-A1,2.5
SAAR Location,HV-PZ01-A03-R07-A2,2.5
SAAR Location,HV-PZ01-A03-R07-B1,2.5
SAAR Location,HV-PZ01-A03-R07-B2,2.5
SAAR Location,HV-PZ01-A03-R07-C1,2.5
SAAR Location,HV-PZ01-A03-R07-C2,2.5
SAAR Location,HV-PZ01-A03-R07-D1,2.5
SAAR Location,HV-PZ01-A03-R07-D2,2.5
SAAR Location,HV-PZ01-A03-R07-E1,2.5
SAAR Location,HV-PZ01-A03-R07-E2,2.5
SAAR Location,HV-PZ01-A03-R08-A1,2.5
SAAR Location,HV-PZ01-A03-R08-A2,2.5
SAAR Location,HV-PZ01-A03-R08-B1,2.5
SAAR Location,HV-PZ01-A03-R08-B2,2.5
SAAR Location,HV-PZ01-A03-R08-C1,2.5
SAAR Location,HV-PZ01-A03-R08-C2,2.5
SAAR Location,HV-PZ01-A03-R08-D1,2.5
SAAR Location,HV-PZ01-A03-R08-D2,2.5
SAAR Location,HV-PZ01-A03-R08-E1,2.5
SAAR Location,HV-PZ01-A03-R08-E2,2.5
SAAR Location,HV-PZ01-A03-R09-A1,2.5
SAAR Location,HV-PZ01-A03-R09-A2,2.5
SAAR Location,HV-PZ01-A03-R09-B1,2.5
SAAR Location,HV-PZ01-A03-R09-B2,2.5
SAAR Location,HV-PZ01-A03-R09-C1,2.5
SAAR Location,HV-PZ01-A03-R09-C2,2.5
SAAR Location,HV-PZ01-A03-R09-D1,2.5
SAAR Location,HV-PZ01-A03-R09-D2,2.5
SAAR Location,HV-PZ01-A03-R09-E1,2.5
SAAR Location,HV-PZ01-A03-R09-E2,2.5
SAAR Location,HV-PZ01-A03-R10-A1,2.5
SAAR Location,HV-PZ01-A03-R10-A2,2.5
SAAR Location,HV-PZ01-A03-R10-B1,2.5
SAAR Location,HV-PZ01-A03-R10-B2,2.5
SAAR Location,HV-PZ01-A03-R10-C1,2.5
SAAR Location,HV-PZ01-A03-R10-C2,2.5
SAAR Location,HV-PZ01-A03-R10-D1,2.5
SAAR Location,HV-PZ01-A03-R10-D2,2.5
SAAR Location,HV-PZ01-A03-R10-E1,2.5
SAAR Location,HV-PZ01-A03-R10-E2,2.5
SAAR Location,HV-PZ01-A03-R11-A1,2.5
SAAR Location,HV-PZ01-A03-R11-A2,2.5
SAAR Location,HV-PZ01-A03-R11-B1,2.5
SAAR Location,HV-PZ01-A03-R11-B2,2.5
SAAR Location,HV-PZ01-A03-R11-C1,2.5
SAAR Location,HV-PZ01-A03-R11-C2,2.5
SAAR Location,HV-PZ01-A03-R11-D1,2.5
SAAR Location,HV-PZ01-A03-R11-D2,2.5
SAAR Location,HV-PZ01-A03-R11-E1,2.5
SAAR Location,HV-PZ01-A03-R11-E2,2.5
SAAR Location,HV-PZ01-A03-R12-A1,2.5
SAAR Location,HV-PZ01-A03-R12-A2,2.5
SAAR Location,HV-PZ01-A03-R12-B1,2.5
SAAR Location,HV-PZ01-A03-R12-B2,2.5
SAAR Location,HV-PZ01-A03-R12-C1,2.5
SAAR Location,HV-PZ01-A03-R12-C2,2.5
SAAR Location,HV-PZ01-A03-R12-D1,2.5
SAAR Location,HV-PZ01-A03-R12-D2,2.5
SAAR Location,HV-PZ01-A03-R12-E1,2.5
SAAR Location,HV-PZ01-A03-R12-E2,2.5
SAAR Location,HV-PZ01-A03-R13-A1,2.5
SAAR Location,HV-PZ01-A03-R13-A2,2.5
SAAR Location,HV-PZ01-A03-R13-B1,2.5
SAAR Location,HV-PZ01-A03-R13-B2,2.5
SAAR Location,HV-PZ01-A03-R13-C1,2.5
SAAR Location,HV-PZ01-A03-R13-C2,2.5
SAAR Location,HV-PZ01-A03-R13-D1,2.5
SAAR Location,HV-PZ01-A03-R13-D2,2.5
SAAR Location,HV-PZ01-A03-R13-E1,2.5
SAAR Location,HV-PZ01-A03-R13-E2,2.5
SAAR Location,HV-PZ01-A03-R14-A1,2.5
SAAR Location,HV-PZ01-A03-R14-A2,2.5
SAAR Location,HV-PZ01-A03-R14-B1,2.5
SAAR Location,HV-PZ01-A03-R14-B2,2.5
SAAR Location,HV-PZ01-A03-R14-C1,2.5
SAAR Location,HV-PZ01-A03-R14-C2,2.5
SAAR Location,HV-PZ01-A03-R14-D1,2.5
SAAR Location,HV-PZ01-A03-R14-D2,2.5
SAAR Location,HV-PZ01-A03-R14-E1,2.5
SAAR Location,HV-PZ01-A03-R14-E2,2.5
SAAR Location,HV-PZ01-A03-R15-A1,2.5
SAAR Location,HV-PZ01-A03-R15-A2,2.5
SAAR Location,HV-PZ01-A03-R15-B1,2.5
SAAR Location,HV-PZ01-A03-R15-B2,2.5
SAAR Location,HV-PZ01-A03-R15-C1,2.5
SAAR Location,HV-PZ01-A03-R15-C2,2.5
SAAR Location,HV-PZ01-A03-R15-D1,2.5
SAAR Location,HV-PZ01-A03-R15-D2,2.5
SAAR Location,HV-PZ01-A03-R15-E1,2.5
SAAR Location,HV-PZ01-A03-R15-E2,2.5
SAAR Location,HV-PZ01-A04-R01-A1,2.5
SAAR Location,HV-PZ01-A04-R01-A2,2.5
SAAR Location,HV-PZ01-A04-R01-B1,2.5
SAAR Location,HV-PZ01-A04-R01-B2,2.5
SAAR Location,HV-PZ01-A04-R01-C1,2.5
SAAR Location,HV-PZ01-A04-R01-C2,2.5
SAAR Location,HV-PZ01-A04-R01-D1,2.5
SAAR Location,HV-PZ01-A04-R01-D2,2.5
SAAR Location,HV-PZ01-A04-R01-E1,2.5
SAAR Location,HV-PZ01-A04-R01-E2,2.5
SAAR Location,HV-PZ01-A04-R02-A1,2.5
SAAR Location,HV-PZ01-A04-R02-A2,2.5
SAAR Location,HV-PZ01-A04-R02-B1,2.5
SAAR Location,HV-PZ01-A04-R02-B2,2.5
SAAR Location,HV-PZ01-A04-R02-C1,2.5
SAAR Location,HV-PZ01-A04-R02-C2,2.5
SAAR Location,HV-PZ01-A04-R02-D1,2.5
SAAR Location,HV-PZ01-A04-R02-D2,2.5
SAAR Location,HV-PZ01-A04-R02-E1,2.5
SAAR Location,HV-PZ01-A04-R02-E2,2.5
SAAR Location,HV-PZ01-A04-R03-A1,2.5
SAAR Location,HV-PZ01-A04-R03-A2,2.5
SAAR Location,HV-PZ01-A04-R03-B1,2.5
SAAR Location,HV-PZ01-A04-R03-B2,2.5
SAAR Location,HV-PZ01-A04-R03-C1,2.5
SAAR Location,HV-PZ01-A04-R03-C2,2.5
SAAR Location,HV-PZ01-A04-R03-D1,2.5
SAAR Location,HV-PZ01-A04-R03-D2,2.5
SAAR Location,HV-PZ01-A04-R03-E1,2.5
SAAR Location,HV-PZ01-A04-R03-E2,2.5
SAAR Location,HV-PZ01-A04-R04-A1,2.5
SAAR Location,HV-PZ01-A04-R04-A2,2.5
SAAR Location,HV-PZ01-A04-R04-B1,2.5
SAAR Location,HV-PZ01-A04-R04-B2,2.5
SAAR Location,HV-PZ01-A04-R04-C1,2.5
SAAR Location,HV-PZ01-A04-R04-C2,2.5
SAAR Location,HV-PZ01-A04-R04-D1,2.5
SAAR Location,HV-PZ01-A04-R04-D2,2.5
SAAR Location,HV-PZ01-A04-R04-E1,2.5
SAAR Location,HV-PZ01-A04-R04-E2,2.5
SAAR Location,HV-PZ01-A04-R05-A1,2.5
SAAR Location,HV-PZ01-A04-R05-A2,2.5
SAAR Location,HV-PZ01-A04-R05-B1,2.5
SAAR Location,HV-PZ01-A04-R05-B2,2.5
SAAR Location,HV-PZ01-A04-R05-C1,2.5
SAAR Location,HV-PZ01-A04-R05-C2,2.5
SAAR Location,HV-PZ01-A04-R05-D1,2.5
SAAR Location,HV-PZ01-A04-R05-D2,2.5
SAAR Location,HV-PZ01-A04-R05-E1,2.5
SAAR Location,HV-PZ01-A04-R05-E2,2.5
SAAR Location,HV-PZ01-A04-R06-A1,2.5
SAAR Location,HV-PZ01-A04-R06-A2,2.5
SAAR Location,HV-PZ01-A04-R06-B1,2.5
SAAR Location,HV-PZ01-A04-R06-B2,2.5
SAAR Location,HV-PZ01-A04-R06-C1,2.5
SAAR Location,HV-PZ01-A04-R06-C2,2.5
SAAR Location,HV-PZ01-A04-R06-D1,2.5
SAAR Location,HV-PZ01-A04-R06-D2,2.5
SAAR Location,HV-PZ01-A04-R06-E1,2.5
SAAR Location,HV-PZ01-A04-R06-E2,2.5
SAAR Location,HV-PZ01-A04-R07-A1,2.5
SAAR Location,HV-PZ01-A04-R07-A2,2.5
SAAR Location,HV-PZ01-A04-R07-B1,2.5
SAAR Location,HV-PZ01-A04-R07-B2,2.5
SAAR Location,HV-PZ01-A04-R07-C1,2.5
SAAR Location,HV-PZ01-A04-R07-C2,2.5
SAAR Location,HV-PZ01-A04-R07-D1,2.5
SAAR Location,HV-PZ01-A04-R07-D2,2.5
SAAR Location,HV-PZ01-A04-R07-E1,2.5
SAAR Location,HV-PZ01-A04-R07-E2,2.5
SAAR Location,HV-PZ01-A04-R08-A1,2.5
SAAR Location,HV-PZ01-A04-R08-A2,2.5
SAAR Location,HV-PZ01-A04-R08-B1,2.5
SAAR Location,HV-PZ01-A04-R08-B2,2.5
SAAR Location,HV-PZ01-A04-R08-C1,2.5
SAAR Location,HV-PZ01-A04-R08-C2,2.5
SAAR Location,HV-PZ01-A04-R08-D1,2.5
SAAR Location,HV-PZ01-A04-R08-D2,2.5
SAAR Location,HV-PZ01-A04-R08-E1,2.5
SAAR Location,HV-PZ01-A04-R08-E2,2.5
SAAR Location,HV-PZ01-A04-R09-A1,2.5
SAAR Location,HV-PZ01-A04-R09-A2,2.5
SAAR Location,HV-PZ01-A04-R09-B1,2.5
SAAR Location,HV-PZ01-A04-R09-B2,2.5
SAAR Location,HV-PZ01-A04-R09-C1,2.5
SAAR Location,HV-PZ01-A04-R09-C2,2.5
SAAR Location,HV-PZ01-A04-R09-D1,2.5
SAAR Location,HV-PZ01-A04-R09-D2,2.5
SAAR Location,HV-PZ01-A04-R09-E1,2.5
SAAR Location,HV-PZ01-A04-R09-E2,2.5
SAAR Location,HV-PZ01-A04-R10-A1,2.5
SAAR Location,HV-PZ01-A04-R10-A2,2.5
SAAR Location,HV-PZ01-A04-R10-B1,2.5
SAAR Location,HV-PZ01-A04-R10-B2,2.5
SAAR Location,HV-PZ01-A04-R10-C1,2.5
SAAR Location,HV-PZ01-A04-R10-C2,2.5
SAAR Location,HV-PZ01-A04-R10-D1,2.5
SAAR Location,HV-PZ01-A04-R10-D2,2.5
SAAR Location,HV-PZ01-A04-R10-E1,2.5
SAAR Location,HV-PZ01-A04-R10-E2,2.5
SAAR Location,HV-PZ01-A04-R11-A1,2.5
SAAR Location,HV-PZ01-A04-R11-A2,2.5
SAAR Location,HV-PZ01-A04-R11-B1,2.5
SAAR Location,HV-PZ01-A04-R11-B2,2.5
SAAR Location,HV-PZ01-A04-R11-C1,2.5
SAAR Location,HV-PZ01-A04-R11-C2,2.5
SAAR Location,HV-PZ01-A04-R11-D1,2.5
SAAR Location,HV-PZ01-A04-R11-D2,2.5
SAAR Location,HV-PZ01-A04-R11-E1,2.5
SAAR Location,HV-PZ01-A04-R11-E2,2.5
SAAR Location,HV-PZ01-A04-R13-A1,2.5
SAAR Location,HV-PZ01-A04-R13-A2,2.5
SAAR Location,HV-PZ01-A04-R13-B1,2.5
SAAR Location,HV-PZ01-A04-R13-B2,2.5
SAAR Location,HV-PZ01-A04-R13-C1,2.5
SAAR Location,HV-PZ01-A04-R13-C2,2.5
SAAR Location,HV-PZ01-A04-R13-D1,2.5
SAAR Location,HV-PZ01-A04-R13-D2,2.5
SAAR Location,HV-PZ01-A04-R13-E1,2.5
SAAR Location,HV-PZ01-A04-R13-E2,2.5
SAAR Location,HV-PZ01-A04-R15-A1,2.5
SAAR Location,HV-PZ01-A04-R15-A2,2.5
SAAR Location,HV-PZ01-A04-R15-B1,2.5
SAAR Location,HV-PZ01-A04-R15-B2,2.5
SAAR Location,HV-PZ01-A04-R15-C1,2.5
SAAR Location,HV-PZ01-A04-R15-C2,2.5
SAAR Location,HV-PZ01-A04-R15-D1,2.5
SAAR Location,HV-PZ01-A04-R15-D2,2.5
SAAR Location,HV-PZ01-A04-R15-E1,2.5
SAAR Location,HV-PZ01-A04-R15-E2,2.5
SAAR Location,HV-PZ01-A04-R17-A1,2.5
SAAR Location,HV-PZ01-A04-R17-A2,2.5
SAAR Location,HV-PZ01-A04-R17-B1,2.5
SAAR Location,HV-PZ01-A04-R17-B2,2.5
SAAR Location,HV-PZ01-A04-R17-C1,2.5
SAAR Location,HV-PZ01-A04-R17-C2,2.5
SAAR Location,HV-PZ01-A04-R17-D1,2.5
SAAR Location,HV-PZ01-A04-R17-D2,2.5
SAAR Location,HV-PZ01-A04-R17-E1,2.5
SAAR Location,HV-PZ01-A04-R17-E2,2.5
SAAR Location,HV-PZ01-A04-R19-A1,2.5
SAAR Location,HV-PZ01-A04-R19-A2,2.5
SAAR Location,HV-PZ01-A04-R19-B1,2.5
SAAR Location,HV-PZ01-A04-R19-B2,2.5
SAAR Location,HV-PZ01-A04-R19-C1,2.5
SAAR Location,HV-PZ01-A04-R19-C2,2.5
SAAR Location,HV-PZ01-A04-R19-D1,2.5
SAAR Location,HV-PZ01-A04-R19-D2,2.5
SAAR Location,HV-PZ01-A04-R19-E1,2.5
SAAR Location,HV-PZ01-A04-R19-E2,2.5
SAAR Location,HV-PZ01-A04-R21-A1,2.5
SAAR Location,HV-PZ01-A04-R21-A2,2.5
SAAR Location,HV-PZ01-A04-R21-B1,2.5
SAAR Location,HV-PZ01-A04-R21-B2,2.5
SAAR Location,HV-PZ01-A04-R21-C1,2.5
SAAR Location,HV-PZ01-A04-R21-C2,2.5
SAAR Location,HV-PZ01-A04-R21-D1,2.5
SAAR Location,HV-PZ01-A04-R21-D2,2.5
SAAR Location,HV-PZ01-A04-R21-E1,2.5
SAAR Location,HV-PZ01-A04-R21-E2,2.5
SAAR Location,HV-PZ01-A04-R23-A1,2.5
SAAR Location,HV-PZ01-A04-R23-A2,2.5
SAAR Location,HV-PZ01-A04-R23-B1,2.5
SAAR Location,HV-PZ01-A04-R23-B2,2.5
SAAR Location,HV-PZ01-A04-R23-C1,2.5
SAAR Location,HV-PZ01-A04-R23-C2,2.5
SAAR Location,HV-PZ01-A04-R23-D1,2.5
SAAR Location,HV-PZ01-A04-R23-D2,2.5
SAAR Location,HV-PZ01-A04-R23-E1,2.5
SAAR Location,HV-PZ01-A04-R23-E2,2.5
SAAR Location,HV-PZ01-A04-R25-A1,2.5
SAAR Location,HV-PZ01-A04-R25-A2,2.5
SAAR Location,HV-PZ01-A04-R25-B1,2.5
SAAR Location,HV-PZ01-A04-R25-B2,2.5
SAAR Location,HV-PZ01-A04-R25-C1,2.5
SAAR Location,HV-PZ01-A04-R25-C2,2.5
SAAR Location,HV-PZ01-A04-R25-D1,2.5
SAAR Location,HV-PZ01-A04-R25-D2,2.5
SAAR Location,HV-PZ01-A04-R25-E1,2.5
SAAR Location,HV-PZ01-A04-R25-E2,2.5
SAAR Location,HV-PZ01-A04-R27-A1,2.5
SAAR Location,HV-PZ01-A04-R27-A2,2.5
SAAR Location,HV-PZ01-A04-R27-B1,2.5
SAAR Location,HV-PZ01-A04-R27-B2,2.5
SAAR Location,HV-PZ01-A04-R27-C1,2.5
SAAR Location,HV-PZ01-A04-R27-C2,2.5
SAAR Location,HV-PZ01-A04-R27-D1,2.5
SAAR Location,HV-PZ01-A04-R27-D2,2.5
SAAR Location,HV-PZ01-A04-R27-E1,2.5
SAAR Location,HV-PZ01-A04-R27-E2,2.5
SAAR Location,HV-PZ01-A04-R28-A1,2.5
SAAR Location,HV-PZ01-A04-R28-A2,2.5
SAAR Location,HV-PZ01-A04-R28-B1,2.5
SAAR Location,HV-PZ01-A04-R28-B2,2.5
SAAR Location,HV-PZ01-A04-R28-C1,2.5
SAAR Location,HV-PZ01-A04-R28-C2,2.5
SAAR Location,HV-PZ01-A04-R28-D1,2.5
SAAR Location,HV-PZ01-A04-R28-D2,2.5
SAAR Location,HV-PZ01-A04-R28-E1,2.5
SAAR Location,HV-PZ01-A04-R28-E2,2.5
SAAR Location,HV-PZ01-A04-R29-A1,2.5
SAAR Location,HV-PZ01-A04-R29-A2,2.5
SAAR Location,HV-PZ01-A04-R29-B1,2.5
SAAR Location,HV-PZ01-A04-R29-B2,2.5
SAAR Location,HV-PZ01-A04-R29-C1,2.5
SAAR Location,HV-PZ01-A04-R29-C2,2.5
SAAR Location,HV-PZ01-A04-R29-D1,2.5
SAAR Location,HV-PZ01-A04-R29-D2,2.5
SAAR Location,HV-PZ01-A04-R29-E1,2.5
SAAR Location,HV-PZ01-A04-R29-E2,2.5
SAAR Location,HV-PZ01-A04-R30-A1,2.5
SAAR Location,HV-PZ01-A04-R30-A2,2.5
SAAR Location,HV-PZ01-A04-R30-B1,2.5
SAAR Location,HV-PZ01-A04-R30-B2,2.5
SAAR Location,HV-PZ01-A04-R30-C1,2.5
SAAR Location,HV-PZ01-A04-R30-C2,2.5
SAAR Location,HV-PZ01-A04-R30-D1,2.5
SAAR Location,HV-PZ01-A04-R30-D2,2.5
SAAR Location,HV-PZ01-A04-R30-E1,2.5
SAAR Location,HV-PZ01-A04-R30-E2,2.5
SAAR Location,HV-PZ01-A05-R01-A1,2.5
SAAR Location,HV-PZ01-A05-R01-A2,2.5
SAAR Location,HV-PZ01-A05-R01-B1,2.5
SAAR Location,HV-PZ01-A05-R01-B2,2.5
SAAR Location,HV-PZ01-A05-R01-C1,2.5
SAAR Location,HV-PZ01-A05-R01-C2,2.5
SAAR Location,HV-PZ01-A05-R01-D1,2.5
SAAR Location,HV-PZ01-A05-R01-D2,2.5
SAAR Location,HV-PZ01-A05-R01-E1,2.5
SAAR Location,HV-PZ01-A05-R01-E2,2.5
SAAR Location,HV-PZ01-A05-R02-A1,2.5
SAAR Location,HV-PZ01-A05-R02-A2,2.5
SAAR Location,HV-PZ01-A05-R02-B1,2.5
SAAR Location,HV-PZ01-A05-R02-B2,2.5
SAAR Location,HV-PZ01-A05-R02-C1,2.5
SAAR Location,HV-PZ01-A05-R02-C2,2.5
SAAR Location,HV-PZ01-A05-R02-D1,2.5
SAAR Location,HV-PZ01-A05-R02-D2,2.5
SAAR Location,HV-PZ01-A05-R02-E1,2.5
SAAR Location,HV-PZ01-A05-R02-E2,2.5
SAAR Location,HV-PZ01-A05-R03-A1,2.5
SAAR Location,HV-PZ01-A05-R03-A2,2.5
SAAR Location,HV-PZ01-A05-R03-B1,2.5
SAAR Location,HV-PZ01-A05-R03-B2,2.5
SAAR Location,HV-PZ01-A05-R03-C1,2.5
SAAR Location,HV-PZ01-A05-R03-C2,2.5
SAAR Location,HV-PZ01-A05-R03-D1,2.5
SAAR Location,HV-PZ01-A05-R03-D2,2.5
SAAR Location,HV-PZ01-A05-R03-E1,2.5
SAAR Location,HV-PZ01-A05-R03-E2,2.5
SAAR Location,HV-PZ01-A05-R04-A1,2.5
SAAR Location,HV-PZ01-A05-R04-A2,2.5
SAAR Location,HV-PZ01-A05-R04-B1,2.5
SAAR Location,HV-PZ01-A05-R04-B2,2.5
SAAR Location,HV-PZ01-A05-R04-C1,2.5
SAAR Location,HV-PZ01-A05-R04-C2,2.5
SAAR Location,HV-PZ01-A05-R04-D1,2.5
SAAR Location,HV-PZ01-A05-R04-D2,2.5
SAAR Location,HV-PZ01-A05-R04-E1,2.5
SAAR Location,HV-PZ01-A05-R04-E2,2.5
SAAR Location,HV-PZ01-A05-R05-A1,2.5
SAAR Location,HV-PZ01-A05-R05-A2,2.5
SAAR Location,HV-PZ01-A05-R05-B1,2.5
SAAR Location,HV-PZ01-A05-R05-B2,2.5
SAAR Location,HV-PZ01-A05-R05-C1,2.5
SAAR Location,HV-PZ01-A05-R05-C2,2.5
SAAR Location,HV-PZ01-A05-R05-D1,2.5
SAAR Location,HV-PZ01-A05-R05-D2,2.5
SAAR Location,HV-PZ01-A05-R05-E1,2.5
SAAR Location,HV-PZ01-A05-R05-E2,2.5
SAAR Location,HV-PZ01-A05-R06-A1,2.5
SAAR Location,HV-PZ01-A05-R06-A2,2.5
SAAR Location,HV-PZ01-A05-R06-B1,2.5
SAAR Location,HV-PZ01-A05-R06-B2,2.5
SAAR Location,HV-PZ01-A05-R06-C1,2.5
SAAR Location,HV-PZ01-A05-R06-C2,2.5
SAAR Location,HV-PZ01-A05-R06-D1,2.5
SAAR Location,HV-PZ01-A05-R06-D2,2.5
SAAR Location,HV-PZ01-A05-R06-E1,2.5
SAAR Location,HV-PZ01-A05-R06-E2,2.5
SAAR Location,HV-PZ01-A05-R07-A1,2.5
SAAR Location,HV-PZ01-A05-R07-A2,2.5
SAAR Location,HV-PZ01-A05-R07-B1,2.5
SAAR Location,HV-PZ01-A05-R07-B2,2.5
SAAR Location,HV-PZ01-A05-R07-C1,2.5
SAAR Location,HV-PZ01-A05-R07-C2,2.5
SAAR Location,HV-PZ01-A05-R07-D1,2.5
SAAR Location,HV-PZ01-A05-R07-D2,2.5
SAAR Location,HV-PZ01-A05-R07-E1,2.5
SAAR Location,HV-PZ01-A05-R07-E2,2.5
SAAR Location,HV-PZ02-A06-R01-A1,2.5
SAAR Location,HV-PZ02-A06-R01-A2,2.5
SAAR Location,HV-PZ02-A06-R01-B1,2.5
SAAR Location,HV-PZ02-A06-R01-B2,2.5
SAAR Location,HV-PZ02-A06-R01-C1,2.5
SAAR Location,HV-PZ02-A06-R01-C2,2.5
SAAR Location,HV-PZ02-A06-R01-D1,2.5
SAAR Location,HV-PZ02-A06-R01-D2,2.5
SAAR Location,HV-PZ02-A06-R01-E1,2.5
SAAR Location,HV-PZ02-A06-R01-E2,2.5
SAAR Location,HV-PZ02-A06-R03-A1,2.5
SAAR Location,HV-PZ02-A06-R03-A2,2.5
SAAR Location,HV-PZ02-A06-R03-B1,2.5
SAAR Location,HV-PZ02-A06-R03-B2,2.5
SAAR Location,HV-PZ02-A06-R03-C1,2.5
SAAR Location,HV-PZ02-A06-R03-C2,2.5
SAAR Location,HV-PZ02-A06-R03-D1,2.5
SAAR Location,HV-PZ02-A06-R03-D2,2.5
SAAR Location,HV-PZ02-A06-R03-E1,2.5
SAAR Location,HV-PZ02-A06-R03-E2,2.5
SAAR Location,HV-PZ02-A06-R05-A1,2.5
SAAR Location,HV-PZ02-A06-R05-A2,2.5
SAAR Location,HV-PZ02-A06-R05-B1,2.5
SAAR Location,HV-PZ02-A06-R05-B2,2.5
SAAR Location,HV-PZ02-A06-R05-C1,2.5
SAAR Location,HV-PZ02-A06-R05-C2,2.5
SAAR Location,HV-PZ02-A06-R05-D1,2.5
SAAR Location,HV-PZ02-A06-R05-D2,2.5
SAAR Location,HV-PZ02-A06-R05-E1,2.5
SAAR Location,HV-PZ02-A06-R05-E2,2.5
SAAR Location,HV-PZ02-A06-R07-A1,2.5
SAAR Location,HV-PZ02-A06-R07-A2,2.5
SAAR Location,HV-PZ02-A06-R07-B1,2.5
SAAR Location,HV-PZ02-A06-R07-B2,2.5
SAAR Location,HV-PZ02-A06-R07-C1,2.5
SAAR Location,HV-PZ02-A06-R07-C2,2.5
SAAR Location,HV-PZ02-A06-R07-D1,2.5
SAAR Location,HV-PZ02-A06-R07-D2,2.5
SAAR Location,HV-PZ02-A06-R07-E1,2.5
SAAR Location,HV-PZ02-A06-R07-E2,2.5
SAAR Location,HV-PZ02-A06-R08-A1,2.5
SAAR Location,HV-PZ02-A06-R08-A2,2.5
SAAR Location,HV-PZ02-A06-R08-B1,2.5
SAAR Location,HV-PZ02-A06-R08-B2,2.5
SAAR Location,HV-PZ02-A06-R08-C1,2.5
SAAR Location,HV-PZ02-A06-R08-C2,2.5
SAAR Location,HV-PZ02-A06-R08-D1,2.5
SAAR Location,HV-PZ02-A06-R08-D2,2.5
SAAR Location,HV-PZ02-A06-R08-E1,2.5
SAAR Location,HV-PZ02-A06-R08-E2,2.5
SAAR Location,HV-PZ02-A06-R09-A1,2.5
SAAR Location,HV-PZ02-A06-R09-A2,2.5
SAAR Location,HV-PZ02-A06-R09-B1,2.5
SAAR Location,HV-PZ02-A06-R09-B2,2.5
SAAR Location,HV-PZ02-A06-R09-C1,2.5
SAAR Location,HV-PZ02-A06-R09-C2,2.5
SAAR Location,HV-PZ02-A06-R09-D1,2.5
SAAR Location,HV-PZ02-A06-R09-D2,2.5
SAAR Location,HV-PZ02-A06-R09-E1,2.5
SAAR Location,HV-PZ02-A06-R09-E2,2.5
SAAR Location,HV-PZ02-A06-R10-A1,2.5
SAAR Location,HV-PZ02-A06-R10-A2,2.5
SAAR Location,HV-PZ02-A06-R10-B1,2.5
SAAR Location,HV-PZ02-A06-R10-B2,2.5
SAAR Location,HV-PZ02-A06-R10-C1,2.5
SAAR Location,HV-PZ02-A06-R10-C2,2.5
SAAR Location,HV-PZ02-A06-R10-D1,2.5
SAAR Location,HV-PZ02-A06-R10-D2,2.5
SAAR Location,HV-PZ02-A06-R10-E1,2.5
SAAR Location,HV-PZ02-A06-R10-E2,2.5
SAAR Location,HV-PZ02-A06-R11-A1,2.5
SAAR Location,HV-PZ02-A06-R11-A2,2.5
SAAR Location,HV-PZ02-A06-R11-B1,2.5
SAAR Location,HV-PZ02-A06-R11-B2,2.5
SAAR Location,HV-PZ02-A06-R11-C1,2.5
SAAR Location,HV-PZ02-A06-R11-C2,2.5
SAAR Location,HV-PZ02-A06-R11-D1,2.5
SAAR Location,HV-PZ02-A06-R11-D2,2.5
SAAR Location,HV-PZ02-A06-R11-E1,2.5
SAAR Location,HV-PZ02-A06-R11-E2,2.5
SAAR Location,HV-PZ02-A06-R12-A1,2.5
SAAR Location,HV-PZ02-A06-R12-A2,2.5
SAAR Location,HV-PZ02-A06-R12-B1,2.5
SAAR Location,HV-PZ02-A06-R12-B2,2.5
SAAR Location,HV-PZ02-A06-R12-C1,2.5
SAAR Location,HV-PZ02-A06-R12-C2,2.5
SAAR Location,HV-PZ02-A06-R12-D1,2.5
SAAR Location,HV-PZ02-A06-R12-D2,2.5
SAAR Location,HV-PZ02-A06-R12-E1,2.5
SAAR Location,HV-PZ02-A06-R12-E2,2.5
SAAR Location,HV-PZ02-A06-R13-A1,2.5
SAAR Location,HV-PZ02-A06-R13-A2,2.5
SAAR Location,HV-PZ02-A06-R13-B1,2.5
SAAR Location,HV-PZ02-A06-R13-B2,2.5
SAAR Location,HV-PZ02-A06-R13-C1,2.5
SAAR Location,HV-PZ02-A06-R13-C2,2.5
SAAR Location,HV-PZ02-A06-R13-D1,2.5
SAAR Location,HV-PZ02-A06-R13-D2,2.5
SAAR Location,HV-PZ02-A06-R13-E1,2.5
SAAR Location,HV-PZ02-A06-R13-E2,2.5
SAAR Location,HV-PZ02-A06-R14-A1,2.5
SAAR Location,HV-PZ02-A06-R14-A2,2.5
SAAR Location,HV-PZ02-A06-R14-B1,2.5
SAAR Location,HV-PZ02-A06-R14-B2,2.5
SAAR Location,HV-PZ02-A06-R14-C1,2.5
SAAR Location,HV-PZ02-A06-R14-C2,2.5
SAAR Location,HV-PZ02-A06-R14-D1,2.5
SAAR Location,HV-PZ02-A06-R14-D2,2.5
SAAR Location,HV-PZ02-A06-R14-E1,2.5
SAAR Location,HV-PZ02-A06-R14-E2,2.5
SAAR Location,HV-PZ02-A06-R15-A1,2.5
SAAR Location,HV-PZ02-A06-R15-A2,2.5
SAAR Location,HV-PZ02-A06-R15-B1,2.5
SAAR Location,HV-PZ02-A06-R15-B2,2.5
SAAR Location,HV-PZ02-A06-R15-C1,2.5
SAAR Location,HV-PZ02-A06-R15-C2,2.5
SAAR Location,HV-PZ02-A06-R15-D1,2.5
SAAR Location,HV-PZ02-A06-R15-D2,2.5
SAAR Location,HV-PZ02-A06-R15-E1,2.5
SAAR Location,HV-PZ02-A06-R15-E2,2.5
SAAR Location,HV-PZ02-A06-R16-A1,2.5
SAAR Location,HV-PZ02-A06-R16-A2,2.5
SAAR Location,HV-PZ02-A06-R16-B1,2.5
SAAR Location,HV-PZ02-A06-R16-B2,2.5
SAAR Location,HV-PZ02-A06-R16-C1,2.5
SAAR Location,HV-PZ02-A06-R16-C2,2.5
SAAR Location,HV-PZ02-A06-R16-D1,2.5
SAAR Location,HV-PZ02-A06-R16-D2,2.5
SAAR Location,HV-PZ02-A06-R16-E1,2.5
SAAR Location,HV-PZ02-A06-R16-E2,2.5
SAAR Location,HV-PZ02-A06-R17-A1,2.5
SAAR Location,HV-PZ02-A06-R17-A2,2.5
SAAR Location,HV-PZ02-A06-R17-B1,2.5
SAAR Location,HV-PZ02-A06-R17-B2,2.5
SAAR Location,HV-PZ02-A06-R17-C1,2.5
SAAR Location,HV-PZ02-A06-R17-C2,2.5
SAAR Location,HV-PZ02-A06-R17-D1,2.5
SAAR Location,HV-PZ02-A06-R17-D2,2.5
SAAR Location,HV-PZ02-A06-R17-E1,2.5
SAAR Location,HV-PZ02-A06-R17-E2,2.5
SAAR Location,HV-PZ02-A06-R18-A1,2.5
SAAR Location,HV-PZ02-A06-R18-A2,2.5
SAAR Location,HV-PZ02-A06-R18-B1,2.5
SAAR Location,HV-PZ02-A06-R18-B2,2.5
SAAR Location,HV-PZ02-A06-R18-C1,2.5
SAAR Location,HV-PZ02-A06-R18-C2,2.5
SAAR Location,HV-PZ02-A06-R18-D1,2.5
SAAR Location,HV-PZ02-A06-R18-D2,2.5
SAAR Location,HV-PZ02-A06-R18-E1,2.5
SAAR Location,HV-PZ02-A06-R18-E2,2.5
SAAR Location,HV-PZ02-A06-R19-A1,2.5
SAAR Location,HV-PZ02-A06-R19-A2,2.5
SAAR Location,HV-PZ02-A06-R19-B1,2.5
SAAR Location,HV-PZ02-A06-R19-B2,2.5
SAAR Location,HV-PZ02-A06-R19-C1,2.5
SAAR Location,HV-PZ02-A06-R19-C2,2.5
SAAR Location,HV-PZ02-A06-R19-D1,2.5
SAAR Location,HV-PZ02-A06-R19-D2,2.5
SAAR Location,HV-PZ02-A06-R19-E1,2.5
SAAR Location,HV-PZ02-A06-R19-E2,2.5
SAAR Location,HV-PZ02-A06-R20-A1,2.5
SAAR Location,HV-PZ02-A06-R20-A2,2.5
SAAR Location,HV-PZ02-A06-R20-B1,2.5
SAAR Location,HV-PZ02-A06-R20-B2,2.5
SAAR Location,HV-PZ02-A06-R20-C1,2.5
SAAR Location,HV-PZ02-A06-R20-C2,2.5
SAAR Location,HV-PZ02-A06-R20-D1,2.5
SAAR Location,HV-PZ02-A06-R20-D2,2.5
SAAR Location,HV-PZ02-A06-R20-E1,2.5
SAAR Location,HV-PZ02-A06-R20-E2,2.5
SAAR Location,HV-PZ02-A06-R22-A1,2.5
SAAR Location,HV-PZ02-A06-R22-A2,2.5
SAAR Location,HV-PZ02-A06-R22-B1,2.5
SAAR Location,HV-PZ02-A06-R22-B2,2.5
SAAR Location,HV-PZ02-A06-R22-C1,2.5
SAAR Location,HV-PZ02-A06-R22-C2,2.5
SAAR Location,HV-PZ02-A06-R22-D1,2.5
SAAR Location,HV-PZ02-A06-R22-D2,2.5
SAAR Location,HV-PZ02-A06-R22-E1,2.5
SAAR Location,HV-PZ02-A06-R22-E2,2.5
SAAR Location,HV-PZ02-A06-R23-A1,2.5
SAAR Location,HV-PZ02-A06-R23-A2,2.5
SAAR Location,HV-PZ02-A06-R23-B1,2.5
SAAR Location,HV-PZ02-A06-R23-B2,2.5
SAAR Location,HV-PZ02-A06-R23-C1,2.5
SAAR Location,HV-PZ02-A06-R23-C2,2.5
SAAR Location,HV-PZ02-A06-R23-D1,2.5
SAAR Location,HV-PZ02-A06-R23-D2,2.5
SAAR Location,HV-PZ02-A06-R23-E1,2.5
SAAR Location,HV-PZ02-A06-R23-E2,2.5
SAAR Location,HV-PZ02-A06-R24-A1,2.5
SAAR Location,HV-PZ02-A06-R24-A2,2.5
SAAR Location,HV-PZ02-A06-R24-B1,2.5
SAAR Location,HV-PZ02-A06-R24-B2,2.5
SAAR Location,HV-PZ02-A06-R24-C1,2.5
SAAR Location,HV-PZ02-A06-R24-C2,2.5
SAAR Location,HV-PZ02-A06-R24-D1,2.5
SAAR Location,HV-PZ02-A06-R24-D2,2.5
SAAR Location,HV-PZ02-A06-R24-E1,2.5
SAAR Location,HV-PZ02-A06-R24-E2,2.5
SAAR Location,HV-PZ02-A06-R25-A1,2.5
SAAR Location,HV-PZ02-A06-R25-A2,2.5
SAAR Location,HV-PZ02-A06-R25-B1,2.5
SAAR Location,HV-PZ02-A06-R25-B2,2.5
SAAR Location,HV-PZ02-A06-R25-C1,2.5
SAAR Location,HV-PZ02-A06-R25-C2,2.5
SAAR Location,HV-PZ02-A06-R25-D1,2.5
SAAR Location,HV-PZ02-A06-R25-D2,2.5
SAAR Location,HV-PZ02-A06-R25-E1,2.5
SAAR Location,HV-PZ02-A06-R25-E2,2.5
SAAR Location,HV-PZ02-A06-R26-A1,2.5
SAAR Location,HV-PZ02-A06-R26-A2,2.5
SAAR Location,HV-PZ02-A06-R26-B1,2.5
SAAR Location,HV-PZ02-A06-R26-B2,2.5
SAAR Location,HV-PZ02-A06-R26-C1,2.5
SAAR Location,HV-PZ02-A06-R26-C2,2.5
SAAR Location,HV-PZ02-A06-R26-D1,2.5
SAAR Location,HV-PZ02-A06-R26-D2,2.5
SAAR Location,HV-PZ02-A06-R26-E1,2.5
SAAR Location,HV-PZ02-A06-R26-E2,2.5
SAAR Location,HV-PZ02-A06-R27-A1,2.5
SAAR Location,HV-PZ02-A06-R27-A2,2.5
SAAR Location,HV-PZ02-A06-R27-B1,2.5
SAAR Location,HV-PZ02-A06-R27-B2,2.5
SAAR Location,HV-PZ02-A06-R27-C1,2.5
SAAR Location,HV-PZ02-A06-R27-C2,2.5
SAAR Location,HV-PZ02-A06-R27-D1,2.5
SAAR Location,HV-PZ02-A06-R27-D2,2.5
SAAR Location,HV-PZ02-A06-R27-E1,2.5
SAAR Location,HV-PZ02-A06-R27-E2,2.5
SAAR Location,HV-PZ02-A06-R28-A1,2.5
SAAR Location,HV-PZ02-A06-R28-A2,2.5
SAAR Location,HV-PZ02-A06-R28-B1,2.5
SAAR Location,HV-PZ02-A06-R28-B2,2.5
SAAR Location,HV-PZ02-A06-R28-C1,2.5
SAAR Location,HV-PZ02-A06-R28-C2,2.5
SAAR Location,HV-PZ02-A06-R28-D1,2.5
SAAR Location,HV-PZ02-A06-R28-D2,2.5
SAAR Location,HV-PZ02-A06-R28-E1,2.5
SAAR Location,HV-PZ02-A06-R28-E2,2.5
SAAR Location,HV-PZ02-A06-R29-A1,2.5
SAAR Location,HV-PZ02-A06-R29-A2,2.5
SAAR Location,HV-PZ02-A06-R29-B1,2.5
SAAR Location,HV-PZ02-A06-R29-B2,2.5
SAAR Location,HV-PZ02-A06-R29-C1,2.5
SAAR Location,HV-PZ02-A06-R29-C2,2.5
SAAR Location,HV-PZ02-A06-R29-D1,2.5
SAAR Location,HV-PZ02-A06-R29-D2,2.5
SAAR Location,HV-PZ02-A06-R29-E1,2.5
SAAR Location,HV-PZ02-A06-R29-E2,2.5
SAAR Location,HV-PZ02-A06-R30-A1,2.5
SAAR Location,HV-PZ02-A06-R30-A2,2.5
SAAR Location,HV-PZ02-A06-R30-B1,2.5
SAAR Location,HV-PZ02-A06-R30-B2,2.5
SAAR Location,HV-PZ02-A06-R30-C1,2.5
SAAR Location,HV-PZ02-A06-R30-C2,2.5
SAAR Location,HV-PZ02-A06-R30-D1,2.5
SAAR Location,HV-PZ02-A06-R30-D2,2.5
SAAR Location,HV-PZ02-A06-R30-E1,2.5
SAAR Location,HV-PZ02-A06-R30-E2,2.5
SAAR Location,HV-PZ02-A06-R31-A1,2.5
SAAR Location,HV-PZ02-A06-R31-A2,2.5
SAAR Location,HV-PZ02-A06-R31-B1,2.5
SAAR Location,HV-PZ02-A06-R31-B2,2.5
SAAR Location,HV-PZ02-A06-R31-C1,2.5
SAAR Location,HV-PZ02-A06-R31-C2,2.5
SAAR Location,HV-PZ02-A06-R31-D1,2.5
SAAR Location,HV-PZ02-A06-R31-D2,2.5
SAAR Location,HV-PZ02-A06-R31-E1,2.5
SAAR Location,HV-PZ02-A06-R31-E2,2.5
SAAR Location,HV-PZ02-A06-R32-A1,2.5
SAAR Location,HV-PZ02-A06-R32-A2,2.5
SAAR Location,HV-PZ02-A06-R32-B1,2.5
SAAR Location,HV-PZ02-A06-R32-B2,2.5
SAAR Location,HV-PZ02-A06-R32-C1,2.5
SAAR Location,HV-PZ02-A06-R32-C2,2.5
SAAR Location,HV-PZ02-A06-R32-D1,2.5
SAAR Location,HV-PZ02-A06-R32-D2,2.5
SAAR Location,HV-PZ02-A06-R32-E1,2.5
SAAR Location,HV-PZ02-A06-R32-E2,2.5
SAAR Location,HV-PZ02-A06-R33-A1,2.5
SAAR Location,HV-PZ02-A06-R33-A2,2.5
SAAR Location,HV-PZ02-A06-R33-B1,2.5
SAAR Location,HV-PZ02-A06-R33-B2,2.5
SAAR Location,HV-PZ02-A06-R33-C1,2.5
SAAR Location,HV-PZ02-A06-R33-C2,2.5
SAAR Location,HV-PZ02-A06-R33-D1,2.5
SAAR Location,HV-PZ02-A06-R33-D2,2.5
SAAR Location,HV-PZ02-A06-R33-E1,2.5
SAAR Location,HV-PZ02-A06-R33-E2,2.5
SAAR Location,HV-PZ02-A07-R04-A1,2.5
SAAR Location,HV-PZ02-A07-R04-A2,2.5
SAAR Location,HV-PZ02-A07-R04-B1,2.5
SAAR Location,HV-PZ02-A07-R04-B2,2.5
SAAR Location,HV-PZ02-A07-R04-C1,2.5
SAAR Location,HV-PZ02-A07-R04-C2,2.5
SAAR Location,HV-PZ02-A07-R04-D1,2.5
SAAR Location,HV-PZ02-A07-R04-D2,2.5
SAAR Location,HV-PZ02-A07-R04-E1,2.5
SAAR Location,HV-PZ02-A07-R04-E2,2.5
SAAR Location,HV-PZ02-A07-R05-A1,2.5
SAAR Location,HV-PZ02-A07-R05-A2,2.5
SAAR Location,HV-PZ02-A07-R05-B1,2.5
SAAR Location,HV-PZ02-A07-R05-B2,2.5
SAAR Location,HV-PZ02-A07-R05-C1,2.5
SAAR Location,HV-PZ02-A07-R05-C2,2.5
SAAR Location,HV-PZ02-A07-R05-D1,2.5
SAAR Location,HV-PZ02-A07-R05-D2,2.5
SAAR Location,HV-PZ02-A07-R05-E1,2.5
SAAR Location,HV-PZ02-A07-R05-E2,2.5
SAAR Location,HV-PZ02-A07-R06-A1,2.5
SAAR Location,HV-PZ02-A07-R06-A2,2.5
SAAR Location,HV-PZ02-A07-R06-B1,2.5
SAAR Location,HV-PZ02-A07-R06-B2,2.5
SAAR Location,HV-PZ02-A07-R06-C1,2.5
SAAR Location,HV-PZ02-A07-R06-C2,2.5
SAAR Location,HV-PZ02-A07-R06-D1,2.5
SAAR Location,HV-PZ02-A07-R06-D2,2.5
SAAR Location,HV-PZ02-A07-R06-E1,2.5
SAAR Location,HV-PZ02-A07-R06-E2,2.5
SAAR Location,HV-PZ02-A07-R07-A1,2.5
SAAR Location,HV-PZ02-A07-R07-A2,2.5
SAAR Location,HV-PZ02-A07-R07-B1,2.5
SAAR Location,HV-PZ02-A07-R07-B2,2.5
SAAR Location,HV-PZ02-A07-R07-C1,2.5
SAAR Location,HV-PZ02-A07-R07-C2,2.5
SAAR Location,HV-PZ02-A07-R07-D1,2.5
SAAR Location,HV-PZ02-A07-R07-D2,2.5
SAAR Location,HV-PZ02-A07-R07-E1,2.5
SAAR Location,HV-PZ02-A07-R07-E2,2.5
SAAR Location,HV-PZ02-A07-R08-A1,2.5
SAAR Location,HV-PZ02-A07-R08-A2,2.5
SAAR Location,HV-PZ02-A07-R08-B1,2.5
SAAR Location,HV-PZ02-A07-R08-B2,2.5
SAAR Location,HV-PZ02-A07-R08-C1,2.5
SAAR Location,HV-PZ02-A07-R08-C2,2.5
SAAR Location,HV-PZ02-A07-R08-D1,2.5
SAAR Location,HV-PZ02-A07-R08-D2,2.5
SAAR Location,HV-PZ02-A07-R08-E1,2.5
SAAR Location,HV-PZ02-A07-R08-E2,2.5
SAAR Location,HV-PZ02-A07-R09-A1,2.5
SAAR Location,HV-PZ02-A07-R09-A2,2.5
SAAR Location,HV-PZ02-A07-R09-B1,2.5
SAAR Location,HV-PZ02-A07-R09-B2,2.5
SAAR Location,HV-PZ02-A07-R09-C1,2.5
SAAR Location,HV-PZ02-A07-R09-C2,2.5
SAAR Location,HV-PZ02-A07-R09-D1,2.5
SAAR Location,HV-PZ02-A07-R09-D2,2.5
SAAR Location,HV-PZ02-A07-R09-E1,2.5
SAAR Location,HV-PZ02-A07-R09-E2,2.5
SAAR Location,HV-PZ02-A07-R10-A1,2.5
SAAR Location,HV-PZ02-A07-R10-A2,2.5
SAAR Location,HV-PZ02-A07-R10-B1,2.5
SAAR Location,HV-PZ02-A07-R10-B2,2.5
SAAR Location,HV-PZ02-A07-R10-C1,2.5
SAAR Location,HV-PZ02-A07-R10-C2,2.5
SAAR Location,HV-PZ02-A07-R10-D1,2.5
SAAR Location,HV-PZ02-A07-R10-D2,2.5
SAAR Location,HV-PZ02-A07-R10-E1,2.5
SAAR Location,HV-PZ02-A07-R10-E2,2.5
SAAR Location,HV-PZ02-A07-R11-A1,2.5
SAAR Location,HV-PZ02-A07-R11-A2,2.5
SAAR Location,HV-PZ02-A07-R11-B1,2.5
SAAR Location,HV-PZ02-A07-R11-B2,2.5
SAAR Location,HV-PZ02-A07-R11-C1,2.5
SAAR Location,HV-PZ02-A07-R11-C2,2.5
SAAR Location,HV-PZ02-A07-R11-D1,2.5
SAAR Location,HV-PZ02-A07-R11-D2,2.5
SAAR Location,HV-PZ02-A07-R11-E1,2.5
SAAR Location,HV-PZ02-A07-R11-E2,2.5
SAAR Location,HV-PZ02-A07-R12-A1,2.5
SAAR Location,HV-PZ02-A07-R12-A2,2.5
SAAR Location,HV-PZ02-A07-R12-B1,2.5
SAAR Location,HV-PZ02-A07-R12-B2,2.5
SAAR Location,HV-PZ02-A07-R12-C1,2.5
SAAR Location,HV-PZ02-A07-R12-C2,2.5
SAAR Location,HV-PZ02-A07-R12-D1,2.5
SAAR Location,HV-PZ02-A07-R12-D2,2.5
SAAR Location,HV-PZ02-A07-R12-E1,2.5
SAAR Location,HV-PZ02-A07-R12-E2,2.5
SAAR Location,HV-PZ02-A07-R13-A1,2.5
SAAR Location,HV-PZ02-A07-R13-A2,2.5
SAAR Location,HV-PZ02-A07-R13-B1,2.5
SAAR Location,HV-PZ02-A07-R13-B2,2.5
SAAR Location,HV-PZ02-A07-R13-C1,2.5
SAAR Location,HV-PZ02-A07-R13-C2,2.5
SAAR Location,HV-PZ02-A07-R13-D1,2.5
SAAR Location,HV-PZ02-A07-R13-D2,2.5
SAAR Location,HV-PZ02-A07-R13-E1,2.5
SAAR Location,HV-PZ02-A07-R13-E2,2.5
SAAR Location,HV-PZ02-A07-R14-A1,2.5
SAAR Location,HV-PZ02-A07-R14-A2,2.5
SAAR Location,HV-PZ02-A07-R14-B1,2.5
SAAR Location,HV-PZ02-A07-R14-B2,2.5
SAAR Location,HV-PZ02-A07-R14-C1,2.5
SAAR Location,HV-PZ02-A07-R14-C2,2.5
SAAR Location,HV-PZ02-A07-R14-D1,2.5
SAAR Location,HV-PZ02-A07-R14-D2,2.5
SAAR Location,HV-PZ02-A07-R14-E1,2.5
SAAR Location,HV-PZ02-A07-R14-E2,2.5
SAAR Location,HV-PZ02-A07-R15-A1,2.5
SAAR Location,HV-PZ02-A07-R15-A2,2.5
SAAR Location,HV-PZ02-A07-R15-B1,2.5
SAAR Location,HV-PZ02-A07-R15-B2,2.5
SAAR Location,HV-PZ02-A07-R15-C1,2.5
SAAR Location,HV-PZ02-A07-R15-C2,2.5
SAAR Location,HV-PZ02-A07-R15-D1,2.5
SAAR Location,HV-PZ02-A07-R15-D2,2.5
SAAR Location,HV-PZ02-A07-R15-E1,2.5
SAAR Location,HV-PZ02-A07-R15-E2,2.5
SAAR Location,HV-PZ02-A07-R16-A1,2.5
SAAR Location,HV-PZ02-A07-R16-A2,2.5
SAAR Location,HV-PZ02-A07-R16-B1,2.5
SAAR Location,HV-PZ02-A07-R16-B2,2.5
SAAR Location,HV-PZ02-A07-R16-C1,2.5
SAAR Location,HV-PZ02-A07-R16-C2,2.5
SAAR Location,HV-PZ02-A07-R16-D1,2.5
SAAR Location,HV-PZ02-A07-R16-D2,2.5
SAAR Location,HV-PZ02-A07-R16-E1,2.5
SAAR Location,HV-PZ02-A07-R16-E2,2.5
SAAR Location,HV-PZ02-A08-R07-A1,2.5
SAAR Location,HV-PZ02-A08-R07-A2,2.5
SAAR Location,HV-PZ02-A08-R07-B1,2.5
SAAR Location,HV-PZ02-A08-R07-B2,2.5
SAAR Location,HV-PZ02-A08-R07-C1,2.5
SAAR Location,HV-PZ02-A08-R07-C2,2.5
SAAR Location,HV-PZ02-A08-R07-D1,2.5
SAAR Location,HV-PZ02-A08-R07-D2,2.5
SAAR Location,HV-PZ02-A08-R07-E1,2.5
SAAR Location,HV-PZ02-A08-R07-E2,2.5
SAAR Location,HV-PZ02-A08-R08-A1,2.5
SAAR Location,HV-PZ02-A08-R08-A2,2.5
SAAR Location,HV-PZ02-A08-R08-B1,2.5
SAAR Location,HV-PZ02-A08-R08-B2,2.5
SAAR Location,HV-PZ02-A08-R08-C1,2.5
SAAR Location,HV-PZ02-A08-R08-C2,2.5
SAAR Location,HV-PZ02-A08-R08-D1,2.5
SAAR Location,HV-PZ02-A08-R08-D2,2.5
SAAR Location,HV-PZ02-A08-R08-E1,2.5
SAAR Location,HV-PZ02-A08-R08-E2,2.5
SAAR Location,HV-PZ02-A08-R09-A1,2.5
SAAR Location,HV-PZ02-A08-R09-A2,2.5
SAAR Location,HV-PZ02-A08-R09-B1,2.5
SAAR Location,HV-PZ02-A08-R09-B2,2.5
SAAR Location,HV-PZ02-A08-R09-C1,2.5
SAAR Location,HV-PZ02-A08-R09-C2,2.5
SAAR Location,HV-PZ02-A08-R09-D1,2.5
SAAR Location,HV-PZ02-A08-R09-D2,2.5
SAAR Location,HV-PZ02-A08-R09-E1,2.5
SAAR Location,HV-PZ02-A08-R09-E2,2.5
SAAR Location,HV-PZ02-A08-R10-A1,2.5
SAAR Location,HV-PZ02-A08-R10-A2,2.5
SAAR Location,HV-PZ02-A08-R10-B1,2.5
SAAR Location,HV-PZ02-A08-R10-B2,2.5
SAAR Location,HV-PZ02-A08-R10-C1,2.5
SAAR Location,HV-PZ02-A08-R10-C2,2.5
SAAR Location,HV-PZ02-A08-R10-D1,2.5
SAAR Location,HV-PZ02-A08-R10-D2,2.5
SAAR Location,HV-PZ02-A08-R10-E1,2.5
SAAR Location,HV-PZ02-A08-R10-E2,2.5
SAAR Location,HV-PZ02-A08-R11-A1,2.5
SAAR Location,HV-PZ02-A08-R11-A2,2.5
SAAR Location,HV-PZ02-A08-R11-B1,2.5
SAAR Location,HV-PZ02-A08-R11-B2,2.5
SAAR Location,HV-PZ02-A08-R11-C1,2.5
SAAR Location,HV-PZ02-A08-R11-C2,2.5
SAAR Location,HV-PZ02-A08-R11-D1,2.5
SAAR Location,HV-PZ02-A08-R11-D2,2.5
SAAR Location,HV-PZ02-A08-R11-E1,2.5
SAAR Location,HV-PZ02-A08-R11-E2,2.5
SAAR Location,HV-PZ02-A08-R12-A1,2.5
SAAR Location,HV-PZ02-A08-R12-A2,2.5
SAAR Location,HV-PZ02-A08-R12-B1,2.5
SAAR Location,HV-PZ02-A08-R12-B2,2.5
SAAR Location,HV-PZ02-A08-R12-C1,2.5
SAAR Location,HV-PZ02-A08-R12-C2,2.5
SAAR Location,HV-PZ02-A08-R12-D1,2.5
SAAR Location,HV-PZ02-A08-R12-D2,2.5
SAAR Location,HV-PZ02-A08-R12-E1,2.5
SAAR Location,HV-PZ02-A08-R12-E2,2.5
SAAR Location,HV-PZ02-A08-R13-A1,2.5
SAAR Location,HV-PZ02-A08-R13-A2,2.5
SAAR Location,HV-PZ02-A08-R13-B1,2.5
SAAR Location,HV-PZ02-A08-R13-B2,2.5
SAAR Location,HV-PZ02-A08-R13-C1,2.5
SAAR Location,HV-PZ02-A08-R13-C2,2.5
SAAR Location,HV-PZ02-A08-R13-D1,2.5
SAAR Location,HV-PZ02-A08-R13-D2,2.5
SAAR Location,HV-PZ02-A08-R13-E1,2.5
SAAR Location,HV-PZ02-A08-R13-E2,2.5
SAAR Location,HV-PZ02-A08-R14-A1,2.5
SAAR Location,HV-PZ02-A08-R14-A2,2.5
SAAR Location,HV-PZ02-A08-R14-B1,2.5
SAAR Location,HV-PZ02-A08-R14-B2,2.5
SAAR Location,HV-PZ02-A08-R14-C1,2.5
SAAR Location,HV-PZ02-A08-R14-C2,2.5
SAAR Location,HV-PZ02-A08-R14-D1,2.5
SAAR Location,HV-PZ02-A08-R14-D2,2.5
SAAR Location,HV-PZ02-A08-R14-E1,2.5
SAAR Location,HV-PZ02-A08-R14-E2,2.5
SAAR Location,HV-PZ02-A08-R15-A1,2.5
SAAR Location,HV-PZ02-A08-R15-A2,2.5
SAAR Location,HV-PZ02-A08-R15-B1,2.5
SAAR Location,HV-PZ02-A08-R15-B2,2.5
SAAR Location,HV-PZ02-A08-R15-C1,2.5
SAAR Location,HV-PZ02-A08-R15-C2,2.5
SAAR Location,HV-PZ02-A08-R15-D1,2.5
SAAR Location,HV-PZ02-A08-R15-D2,2.5
SAAR Location,HV-PZ02-A08-R15-E1,2.5
SAAR Location,HV-PZ02-A08-R15-E2,2.5
SAAR Location,HV-PZ02-A08-R16-A1,2.5
SAAR Location,HV-PZ02-A08-R16-A2,2.5
SAAR Location,HV-PZ02-A08-R16-B1,2.5
SAAR Location,HV-PZ02-A08-R16-B2,2.5
SAAR Location,HV-PZ02-A08-R16-C1,2.5
SAAR Location,HV-PZ02-A08-R16-C2,2.5
SAAR Location,HV-PZ02-A08-R16-D1,2.5
SAAR Location,HV-PZ02-A08-R16-D2,2.5
SAAR Location,HV-PZ02-A08-R16-E1,2.5
SAAR Location,HV-PZ02-A08-R16-E2,2.5
SAAR Location,HV-PZ02-A08-R17-A1,2.5
SAAR Location,HV-PZ02-A08-R17-A2,2.5
SAAR Location,HV-PZ02-A08-R17-B1,2.5
SAAR Location,HV-PZ02-A08-R17-B2,2.5
SAAR Location,HV-PZ02-A08-R17-C1,2.5
SAAR Location,HV-PZ02-A08-R17-C2,2.5
SAAR Location,HV-PZ02-A08-R17-D1,2.5
SAAR Location,HV-PZ02-A08-R17-D2,2.5
SAAR Location,HV-PZ02-A08-R17-E1,2.5
SAAR Location,HV-PZ02-A08-R17-E2,2.5
SAAR Location,HV-PZ02-A08-R18-A1,2.5
SAAR Location,HV-PZ02-A08-R18-A2,2.5
SAAR Location,HV-PZ02-A08-R18-B1,2.5
SAAR Location,HV-PZ02-A08-R18-B2,2.5
SAAR Location,HV-PZ02-A08-R18-C1,2.5
SAAR Location,HV-PZ02-A08-R18-C2,2.5
SAAR Location,HV-PZ02-A08-R18-D1,2.5
SAAR Location,HV-PZ02-A08-R18-D2,2.5
SAAR Location,HV-PZ02-A08-R18-E1,2.5
SAAR Location,HV-PZ02-A08-R18-E2,2.5
SAAR Location,HV-PZ02-A08-R19-A1,2.5
SAAR Location,HV-PZ02-A08-R19-A2,2.5
SAAR Location,HV-PZ02-A08-R19-B1,2.5
SAAR Location,HV-PZ02-A08-R19-B2,2.5
SAAR Location,HV-PZ02-A08-R19-C1,2.5
SAAR Location,HV-PZ02-A08-R19-C2,2.5
SAAR Location,HV-PZ02-A08-R19-D1,2.5
SAAR Location,HV-PZ02-A08-R19-D2,2.5
SAAR Location,HV-PZ02-A08-R19-E1,2.5
SAAR Location,HV-PZ02-A08-R19-E2,2.5
SAAR Location,HV-PZ02-A08-R20-A1,2.5
SAAR Location,HV-PZ02-A08-R20-A2,2.5
SAAR Location,HV-PZ02-A08-R20-B1,2.5
SAAR Location,HV-PZ02-A08-R20-B2,2.5
SAAR Location,HV-PZ02-A08-R20-C1,2.5
SAAR Location,HV-PZ02-A08-R20-C2,2.5
SAAR Location,HV-PZ02-A08-R20-D1,2.5
SAAR Location,HV-PZ02-A08-R20-D2,2.5
SAAR Location,HV-PZ02-A08-R20-E1,2.5
SAAR Location,HV-PZ02-A08-R20-E2,2.5
SAAR Location,HV-PZ02-A08-R21-A1,2.5
SAAR Location,HV-PZ02-A08-R21-A2,2.5
SAAR Location,HV-PZ02-A08-R21-B1,2.5
SAAR Location,HV-PZ02-A08-R21-B2,2.5
SAAR Location,HV-PZ02-A08-R21-C1,2.5
SAAR Location,HV-PZ02-A08-R21-C2,2.5
SAAR Location,HV-PZ02-A08-R21-D1,2.5
SAAR Location,HV-PZ02-A08-R21-D2,2.5
SAAR Location,HV-PZ02-A08-R21-E1,2.5
SAAR Location,HV-PZ02-A08-R21-E2,2.5
SAAR Location,HV-PZ02-A08-R22-A1,2.5
SAAR Location,HV-PZ02-A08-R22-A2,2.5
SAAR Location,HV-PZ02-A08-R22-B1,2.5
SAAR Location,HV-PZ02-A08-R22-B2,2.5
SAAR Location,HV-PZ02-A08-R22-C1,2.5
SAAR Location,HV-PZ02-A08-R22-C2,2.5
SAAR Location,HV-PZ02-A08-R22-D1,2.5
SAAR Location,HV-PZ02-A08-R22-D2,2.5
SAAR Location,HV-PZ02-A08-R22-E1,2.5
SAAR Location,HV-PZ02-A08-R22-E2,2.5
SAAR Location,HV-PZ02-A08-R23-A1,2.5
SAAR Location,HV-PZ02-A08-R23-A2,2.5
SAAR Location,HV-PZ02-A08-R23-B1,2.5
SAAR Location,HV-PZ02-A08-R23-B2,2.5
SAAR Location,HV-PZ02-A08-R23-C1,2.5
SAAR Location,HV-PZ02-A08-R23-C2,2.5
SAAR Location,HV-PZ02-A08-R23-D1,2.5
SAAR Location,HV-PZ02-A08-R23-D2,2.5
SAAR Location,HV-PZ02-A08-R23-E1,2.5
SAAR Location,HV-PZ02-A08-R23-E2,2.5
SAAR Location,HV-PZ02-A08-R24-A1,2.5
SAAR Location,HV-PZ02-A08-R24-A2,2.5
SAAR Location,HV-PZ02-A08-R24-B1,2.5
SAAR Location,HV-PZ02-A08-R24-B2,2.5
SAAR Location,HV-PZ02-A08-R24-C1,2.5
SAAR Location,HV-PZ02-A08-R24-C2,2.5
SAAR Location,HV-PZ02-A08-R24-D1,2.5
SAAR Location,HV-PZ02-A08-R24-D2,2.5
SAAR Location,HV-PZ02-A08-R24-E1,2.5
SAAR Location,HV-PZ02-A08-R24-E2,2.5
SAAR Location,HV-PZ02-A08-R25-A1,2.5
SAAR Location,HV-PZ02-A08-R25-A2,2.5
SAAR Location,HV-PZ02-A08-R25-B1,2.5
SAAR Location,HV-PZ02-A08-R25-B2,2.5
SAAR Location,HV-PZ02-A08-R25-C1,2.5
SAAR Location,HV-PZ02-A08-R25-C2,2.5
SAAR Location,HV-PZ02-A08-R25-D1,2.5
SAAR Location,HV-PZ02-A08-R25-D2,2.5
SAAR Location,HV-PZ02-A08-R25-E1,2.5
SAAR Location,HV-PZ02-A08-R25-E2,2.5
SAAR Location,HV-PZ02-A08-R26-A1,2.5
SAAR Location,HV-PZ02-A08-R26-A2,2.5
SAAR Location,HV-PZ02-A08-R26-B1,2.5
SAAR Location,HV-PZ02-A08-R26-B2,2.5
SAAR Location,HV-PZ02-A08-R26-C1,2.5
SAAR Location,HV-PZ02-A08-R26-C2,2.5
SAAR Location,HV-PZ02-A08-R26-D1,2.5
SAAR Location,HV-PZ02-A08-R26-D2,2.5
SAAR Location,HV-PZ02-A08-R26-E1,2.5
SAAR Location,HV-PZ02-A08-R26-E2,2.5
SAAR Location,HV-PZ02-A08-R27-A1,2.5
SAAR Location,HV-PZ02-A08-R27-A2,2.5
SAAR Location,HV-PZ02-A08-R27-B1,2.5
SAAR Location,HV-PZ02-A08-R27-B2,2.5
SAAR Location,HV-PZ02-A08-R27-C1,2.5
SAAR Location,HV-PZ02-A08-R27-C2,2.5
SAAR Location,HV-PZ02-A08-R27-D1,2.5
SAAR Location,HV-PZ02-A08-R27-D2,2.5
SAAR Location,HV-PZ02-A08-R27-E1,2.5
SAAR Location,HV-PZ02-A08-R27-E2,2.5
SAAR Location,HV-PZ02-A08-R28-A1,2.5
SAAR Location,HV-PZ02-A08-R28-A2,2.5
SAAR Location,HV-PZ02-A08-R28-B1,2.5
SAAR Location,HV-PZ02-A08-R28-B2,2.5
SAAR Location,HV-PZ02-A08-R28-C1,2.5
SAAR Location,HV-PZ02-A08-R28-C2,2.5
SAAR Location,HV-PZ02-A08-R28-D1,2.5
SAAR Location,HV-PZ02-A08-R28-D2,2.5
SAAR Location,HV-PZ02-A08-R28-E1,2.5
SAAR Location,HV-PZ02-A08-R28-E2,2.5
SAAR Location,HV-PZ02-A08-R29-A1,2.5
SAAR Location,HV-PZ02-A08-R29-A2,2.5
SAAR Location,HV-PZ02-A08-R29-B1,2.5
SAAR Location,HV-PZ02-A08-R29-B2,2.5
SAAR Location,HV-PZ02-A08-R29-C1,2.5
SAAR Location,HV-PZ02-A08-R29-C2,2.5
SAAR Location,HV-PZ02-A08-R29-D1,2.5
SAAR Location,HV-PZ02-A08-R29-D2,2.5
SAAR Location,HV-PZ02-A08-R29-E1,2.5
SAAR Location,HV-PZ02-A08-R29-E2,2.5
SAAR Location,HV-PZ02-A08-R30-A1,2.5
SAAR Location,HV-PZ02-A08-R30-A2,2.5
SAAR Location,HV-PZ02-A08-R30-B1,2.5
SAAR Location,HV-PZ02-A08-R30-B2,2.5
SAAR Location,HV-PZ02-A08-R30-C1,2.5
SAAR Location,HV-PZ02-A08-R30-C2,2.5
SAAR Location,HV-PZ02-A08-R30-D1,2.5
SAAR Location,HV-PZ02-A08-R30-D2,2.5
SAAR Location,HV-PZ02-A08-R30-E1,2.5
SAAR Location,HV-PZ02-A08-R30-E2,2.5
SAAR Location,HV-PZ02-A08-R31-A1,2.5
SAAR Location,HV-PZ02-A08-R31-A2,2.5
SAAR Location,HV-PZ02-A08-R31-B1,2.5
SAAR Location,HV-PZ02-A08-R31-B2,2.5
SAAR Location,HV-PZ02-A08-R31-C1,2.5
SAAR Location,HV-PZ02-A08-R31-C2,2.5
SAAR Location,HV-PZ02-A08-R31-D1,2.5
SAAR Location,HV-PZ02-A08-R31-D2,2.5
SAAR Location,HV-PZ02-A08-R31-E1,2.5
SAAR Location,HV-PZ02-A08-R31-E2,2.5
SAAR Location,HV-PZ02-A08-R32-A1,2.5
SAAR Location,HV-PZ02-A08-R32-A2,2.5
SAAR Location,HV-PZ02-A08-R32-B1,2.5
SAAR Location,HV-PZ02-A08-R32-B2,2.5
SAAR Location,HV-PZ02-A08-R32-C1,2.5
SAAR Location,HV-PZ02-A08-R32-C2,2.5
SAAR Location,HV-PZ02-A08-R32-D1,2.5
SAAR Location,HV-PZ02-A08-R32-D2,2.5
SAAR Location,HV-PZ02-A08-R32-E1,2.5
SAAR Location,HV-PZ02-A08-R32-E2,2.5
SAAR Location,HV-PZ02-A08-R33-A1,2.5
SAAR Location,HV-PZ02-A08-R33-A2,2.5
SAAR Location,HV-PZ02-A08-R33-B1,2.5
SAAR Location,HV-PZ02-A08-R33-B2,2.5
SAAR Location,HV-PZ02-A08-R33-C1,2.5
SAAR Location,HV-PZ02-A08-R33-C2,2.5
SAAR Location,HV-PZ02-A08-R33-D1,2.5
SAAR Location,HV-PZ02-A08-R33-D2,2.5
SAAR Location,HV-PZ02-A08-R33-E1,2.5
SAAR Location,HV-PZ02-A08-R33-E2,2.5
SAAR Location,HV-PZ02-A08-R34-A1,2.5
SAAR Location,HV-PZ02-A08-R34-A2,2.5
SAAR Location,HV-PZ02-A08-R34-B1,2.5
SAAR Location,HV-PZ02-A08-R34-B2,2.5
SAAR Location,HV-PZ02-A08-R34-C1,2.5
SAAR Location,HV-PZ02-A08-R34-C2,2.5
SAAR Location,HV-PZ02-A08-R34-D1,2.5
SAAR Location,HV-PZ02-A08-R34-D2,2.5
SAAR Location,HV-PZ02-A08-R34-E1,2.5
SAAR Location,HV-PZ02-A08-R34-E2,2.5
SAAR Location,HV-PZ02-A08-R35-A1,2.5
SAAR Location,HV-PZ02-A08-R35-A2,2.5
SAAR Location,HV-PZ02-A08-R35-B1,2.5
SAAR Location,HV-PZ02-A08-R35-B2,2.5
SAAR Location,HV-PZ02-A08-R35-C1,2.5
SAAR Location,HV-PZ02-A08-R35-C2,2.5
SAAR Location,HV-PZ02-A08-R35-D1,2.5
SAAR Location,HV-PZ02-A08-R35-D2,2.5
SAAR Location,HV-PZ02-A08-R35-E1,2.5
SAAR Location,HV-PZ02-A08-R35-E2,2.5
SAAR Location,HV-PZ02-A08-R36-A1,2.5
SAAR Location,HV-PZ02-A08-R36-A2,2.5
SAAR Location,HV-PZ02-A08-R36-B1,2.5
SAAR Location,HV-PZ02-A08-R36-B2,2.5
SAAR Location,HV-PZ02-A08-R36-C1,2.5
SAAR Location,HV-PZ02-A08-R36-C2,2.5
SAAR Location,HV-PZ02-A08-R36-D1,2.5
SAAR Location,HV-PZ02-A08-R36-D2,2.5
SAAR Location,HV-PZ02-A08-R36-E1,2.5
SAAR Location,HV-PZ02-A08-R36-E2,2.5
SAAR Location,HV-PZ02-A08-R37-A1,2.5
SAAR Location,HV-PZ02-A08-R37-A2,2.5
SAAR Location,HV-PZ02-A08-R37-B1,2.5
SAAR Location,HV-PZ02-A08-R37-B2,2.5
SAAR Location,HV-PZ02-A08-R37-C1,2.5
SAAR Location,HV-PZ02-A08-R37-C2,2.5
SAAR Location,HV-PZ02-A08-R37-D1,2.5
SAAR Location,HV-PZ02-A08-R37-D2,2.5
SAAR Location,HV-PZ02-A08-R37-E1,2.5
SAAR Location,HV-PZ02-A08-R37-E2,2.5
SAAR Location,HV-PZ02-A08-R38-A1,2.5
SAAR Location,HV-PZ02-A08-R38-A2,2.5
SAAR Location,HV-PZ02-A08-R38-B1,2.5
SAAR Location,HV-PZ02-A08-R38-B2,2.5
SAAR Location,HV-PZ02-A08-R38-C1,2.5
SAAR Location,HV-PZ02-A08-R38-C2,2.5
SAAR Location,HV-PZ02-A08-R38-D1,2.5
SAAR Location,HV-PZ02-A08-R38-D2,2.5
SAAR Location,HV-PZ02-A08-R38-E1,2.5
SAAR Location,HV-PZ02-A08-R38-E2,2.5
SAAR Location,HV-PZ02-A08-R39-A1,2.5
SAAR Location,HV-PZ02-A08-R39-A2,2.5
SAAR Location,HV-PZ02-A08-R39-B1,2.5
SAAR Location,HV-PZ02-A08-R39-B2,2.5
SAAR Location,HV-PZ02-A08-R39-C1,2.5
SAAR Location,HV-PZ02-A08-R39-C2,2.5
SAAR Location,HV-PZ02-A08-R39-D1,2.5
SAAR Location,HV-PZ02-A08-R39-D2,2.5
SAAR Location,HV-PZ02-A08-R39-E1,2.5
SAAR Location,HV-PZ02-A08-R39-E2,2.5
SAAR Location,HV-PZ02-A09-R04-A1,2.5
SAAR Location,HV-PZ02-A09-R04-A2,2.5
SAAR Location,HV-PZ02-A09-R04-B1,2.5
SAAR Location,HV-PZ02-A09-R04-B2,2.5
SAAR Location,HV-PZ02-A09-R04-C1,2.5
SAAR Location,HV-PZ02-A09-R04-C2,2.5
SAAR Location,HV-PZ02-A09-R04-D1,2.5
SAAR Location,HV-PZ02-A09-R04-D2,2.5
SAAR Location,HV-PZ02-A09-R04-E1,2.5
SAAR Location,HV-PZ02-A09-R04-E2,2.5
SAAR Location,HV-PZ02-A09-R05-A1,2.5
SAAR Location,HV-PZ02-A09-R05-A2,2.5
SAAR Location,HV-PZ02-A09-R05-B1,2.5
SAAR Location,HV-PZ02-A09-R05-B2,2.5
SAAR Location,HV-PZ02-A09-R05-C1,2.5
SAAR Location,HV-PZ02-A09-R05-C2,2.5
SAAR Location,HV-PZ02-A09-R05-D1,2.5
SAAR Location,HV-PZ02-A09-R05-D2,2.5
SAAR Location,HV-PZ02-A09-R05-E1,2.5
SAAR Location,HV-PZ02-A09-R05-E2,2.5
SAAR Location,HV-PZ02-A09-R06-A1,2.5
SAAR Location,HV-PZ02-A09-R06-A2,2.5
SAAR Location,HV-PZ02-A09-R06-B1,2.5
SAAR Location,HV-PZ02-A09-R06-B2,2.5
SAAR Location,HV-PZ02-A09-R06-C1,2.5
SAAR Location,HV-PZ02-A09-R06-C2,2.5
SAAR Location,HV-PZ02-A09-R06-D1,2.5
SAAR Location,HV-PZ02-A09-R06-D2,2.5
SAAR Location,HV-PZ02-A09-R06-E1,2.5
SAAR Location,HV-PZ02-A09-R06-E2,2.5
SAAR Location,HV-PZ02-A09-R07-A1,2.5
SAAR Location,HV-PZ02-A09-R07-A2,2.5
SAAR Location,HV-PZ02-A09-R07-B1,2.5
SAAR Location,HV-PZ02-A09-R07-B2,2.5
SAAR Location,HV-PZ02-A09-R07-C1,2.5
SAAR Location,HV-PZ02-A09-R07-C2,2.5
SAAR Location,HV-PZ02-A09-R07-D1,2.5
SAAR Location,HV-PZ02-A09-R07-D2,2.5
SAAR Location,HV-PZ02-A09-R07-E1,2.5
SAAR Location,HV-PZ02-A09-R07-E2,2.5
SAAR Location,HV-PZ02-A09-R08-A1,2.5
SAAR Location,HV-PZ02-A09-R08-A2,2.5
SAAR Location,HV-PZ02-A09-R08-B1,2.5
SAAR Location,HV-PZ02-A09-R08-B2,2.5
SAAR Location,HV-PZ02-A09-R08-C1,2.5
SAAR Location,HV-PZ02-A09-R08-C2,2.5
SAAR Location,HV-PZ02-A09-R08-D1,2.5
SAAR Location,HV-PZ02-A09-R08-D2,2.5
SAAR Location,HV-PZ02-A09-R08-E1,2.5
SAAR Location,HV-PZ02-A09-R08-E2,2.5
SAAR Location,HV-PZ02-A09-R09-A1,2.5
SAAR Location,HV-PZ02-A09-R09-A2,2.5
SAAR Location,HV-PZ02-A09-R09-B1,2.5
SAAR Location,HV-PZ02-A09-R09-B2,2.5
SAAR Location,HV-PZ02-A09-R09-C1,2.5
SAAR Location,HV-PZ02-A09-R09-C2,2.5
SAAR Location,HV-PZ02-A09-R09-D1,2.5
SAAR Location,HV-PZ02-A09-R09-D2,2.5
SAAR Location,HV-PZ02-A09-R09-E1,2.5
SAAR Location,HV-PZ02-A09-R09-E2,2.5
SAAR Location,HV-PZ02-A09-R10-A1,2.5
SAAR Location,HV-PZ02-A09-R10-A2,2.5
SAAR Location,HV-PZ02-A09-R10-B1,2.5
SAAR Location,HV-PZ02-A09-R10-B2,2.5
SAAR Location,HV-PZ02-A09-R10-C1,2.5
SAAR Location,HV-PZ02-A09-R10-C2,2.5
SAAR Location,HV-PZ02-A09-R10-D1,2.5
SAAR Location,HV-PZ02-A09-R10-D2,2.5
SAAR Location,HV-PZ02-A09-R10-E1,2.5
SAAR Location,HV-PZ02-A09-R10-E2,2.5
SAAR Location,HV-PZ02-A09-R11-A1,2.5
SAAR Location,HV-PZ02-A09-R11-A2,2.5
SAAR Location,HV-PZ02-A09-R11-B1,2.5
SAAR Location,HV-PZ02-A09-R11-B2,2.5
SAAR Location,HV-PZ02-A09-R11-C1,2.5
SAAR Location,HV-PZ02-A09-R11-C2,2.5
SAAR Location,HV-PZ02-A09-R11-D1,2.5
SAAR Location,HV-PZ02-A09-R11-D2,2.5
SAAR Location,HV-PZ02-A09-R11-E1,2.5
SAAR Location,HV-PZ02-A09-R11-E2,2.5
SAAR Location,HV-PZ02-A09-R12-A1,2.5
SAAR Location,HV-PZ02-A09-R12-A2,2.5
SAAR Location,HV-PZ02-A09-R12-B1,2.5
SAAR Location,HV-PZ02-A09-R12-B2,2.5
SAAR Location,HV-PZ02-A09-R12-C1,2.5
SAAR Location,HV-PZ02-A09-R12-C2,2.5
SAAR Location,HV-PZ02-A09-R12-D1,2.5
SAAR Location,HV-PZ02-A09-R12-D2,2.5
SAAR Location,HV-PZ02-A09-R12-E1,2.5
SAAR Location,HV-PZ02-A09-R12-E2,2.5
SAAR Location,HV-PZ02-A09-R13-A1,2.5
SAAR Location,HV-PZ02-A09-R13-A2,2.5
SAAR Location,HV-PZ02-A09-R13-B1,2.5
SAAR Location,HV-PZ02-A09-R13-B2,2.5
SAAR Location,HV-PZ02-A09-R13-C1,2.5
SAAR Location,HV-PZ02-A09-R13-C2,2.5
SAAR Location,HV-PZ02-A09-R13-D1,2.5
SAAR Location,HV-PZ02-A09-R13-D2,2.5
SAAR Location,HV-PZ02-A09-R13-E1,2.5
SAAR Location,HV-PZ02-A09-R13-E2,2.5
SAAR Location,HV-PZ02-A09-R14-A1,2.5
SAAR Location,HV-PZ02-A09-R14-A2,2.5
SAAR Location,HV-PZ02-A09-R14-B1,2.5
SAAR Location,HV-PZ02-A09-R14-B2,2.5
SAAR Location,HV-PZ02-A09-R14-C1,2.5
SAAR Location,HV-PZ02-A09-R14-C2,2.5
SAAR Location,HV-PZ02-A09-R14-D1,2.5
SAAR Location,HV-PZ02-A09-R14-D2,2.5
SAAR Location,HV-PZ02-A09-R14-E1,2.5
SAAR Location,HV-PZ02-A09-R14-E2,2.5
SAAR Location,HV-PZ02-A09-R15-A1,2.5
SAAR Location,HV-PZ02-A09-R15-A2,2.5
SAAR Location,HV-PZ02-A09-R15-B1,2.5
SAAR Location,HV-PZ02-A09-R15-B2,2.5
SAAR Location,HV-PZ02-A09-R15-C1,2.5
SAAR Location,HV-PZ02-A09-R15-C2,2.5
SAAR Location,HV-PZ02-A09-R15-D1,2.5
SAAR Location,HV-PZ02-A09-R15-D2,2.5
SAAR Location,HV-PZ02-A09-R15-E1,2.5
SAAR Location,HV-PZ02-A09-R15-E2,2.5
SAAR Location,HV-PZ02-A09-R16-A1,2.5
SAAR Location,HV-PZ02-A09-R16-A2,2.5
SAAR Location,HV-PZ02-A09-R16-B1,2.5
SAAR Location,HV-PZ02-A09-R16-B2,2.5
SAAR Location,HV-PZ02-A09-R16-C1,2.5
SAAR Location,HV-PZ02-A09-R16-C2,2.5
SAAR Location,HV-PZ02-A09-R16-D1,2.5
SAAR Location,HV-PZ02-A09-R16-D2,2.5
SAAR Location,HV-PZ02-A09-R16-E1,2.5
SAAR Location,HV-PZ02-A09-R16-E2,2.5
SAAR Location,HV-PZ02-A09-R17-A1,2.5
SAAR Location,HV-PZ02-A09-R17-A2,2.5
SAAR Location,HV-PZ02-A09-R17-B1,2.5
SAAR Location,HV-PZ02-A09-R17-B2,2.5
SAAR Location,HV-PZ02-A09-R17-C1,2.5
SAAR Location,HV-PZ02-A09-R17-C2,2.5
SAAR Location,HV-PZ02-A09-R17-D1,2.5
SAAR Location,HV-PZ02-A09-R17-D2,2.5
SAAR Location,HV-PZ02-A09-R17-E1,2.5
SAAR Location,HV-PZ02-A09-R17-E2,2.5
SAAR Location,HV-PZ02-A09-R18-A1,2.5
SAAR Location,HV-PZ02-A09-R18-A2,2.5
SAAR Location,HV-PZ02-A09-R18-B1,2.5
SAAR Location,HV-PZ02-A09-R18-B2,2.5
SAAR Location,HV-PZ02-A09-R18-C1,2.5
SAAR Location,HV-PZ02-A09-R18-C2,2.5
SAAR Location,HV-PZ02-A09-R18-D1,2.5
SAAR Location,HV-PZ02-A09-R18-D2,2.5
SAAR Location,HV-PZ02-A09-R18-E1,2.5
SAAR Location,HV-PZ02-A09-R18-E2,2.5
SAAR Location,HV-PZ02-A10-R05-A1,2.5
SAAR Location,HV-PZ02-A10-R05-A2,2.5
SAAR Location,HV-PZ02-A10-R05-B1,2.5
SAAR Location,HV-PZ02-A10-R05-B2,2.5
SAAR Location,HV-PZ02-A10-R05-C1,2.5
SAAR Location,HV-PZ02-A10-R05-C2,2.5
SAAR Location,HV-PZ02-A10-R05-D1,2.5
SAAR Location,HV-PZ02-A10-R05-D2,2.5
SAAR Location,HV-PZ02-A10-R05-E1,2.5
SAAR Location,HV-PZ02-A10-R05-E2,2.5
SAAR Location,HV-PZ02-A10-R07-A1,2.5
SAAR Location,HV-PZ02-A10-R07-A2,2.5
SAAR Location,HV-PZ02-A10-R07-B1,2.5
SAAR Location,HV-PZ02-A10-R07-B2,2.5
SAAR Location,HV-PZ02-A10-R07-C1,2.5
SAAR Location,HV-PZ02-A10-R07-C2,2.5
SAAR Location,HV-PZ02-A10-R07-D1,2.5
SAAR Location,HV-PZ02-A10-R07-D2,2.5
SAAR Location,HV-PZ02-A10-R07-E1,2.5
SAAR Location,HV-PZ02-A10-R07-E2,2.5
SAAR Location,HV-PZ02-A10-R08-A1,2.5
SAAR Location,HV-PZ02-A10-R08-A2,2.5
SAAR Location,HV-PZ02-A10-R08-B1,2.5
SAAR Location,HV-PZ02-A10-R08-B2,2.5
SAAR Location,HV-PZ02-A10-R08-C1,2.5
SAAR Location,HV-PZ02-A10-R08-C2,2.5
SAAR Location,HV-PZ02-A10-R08-D1,2.5
SAAR Location,HV-PZ02-A10-R08-D2,2.5
SAAR Location,HV-PZ02-A10-R08-E1,2.5
SAAR Location,HV-PZ02-A10-R08-E2,2.5
SAAR Location,HV-PZ02-A10-R09-A1,2.5
SAAR Location,HV-PZ02-A10-R09-A2,2.5
SAAR Location,HV-PZ02-A10-R09-B1,2.5
SAAR Location,HV-PZ02-A10-R09-B2,2.5
SAAR Location,HV-PZ02-A10-R09-C1,2.5
SAAR Location,HV-PZ02-A10-R09-C2,2.5
SAAR Location,HV-PZ02-A10-R09-D1,2.5
SAAR Location,HV-PZ02-A10-R09-D2,2.5
SAAR Location,HV-PZ02-A10-R09-E1,2.5
SAAR Location,HV-PZ02-A10-R09-E2,2.5
SAAR Location,HV-PZ02-A10-R10-A1,2.5
SAAR Location,HV-PZ02-A10-R10-A2,2.5
SAAR Location,HV-PZ02-A10-R10-B1,2.5
SAAR Location,HV-PZ02-A10-R10-B2,2.5
SAAR Location,HV-PZ02-A10-R10-C1,2.5
SAAR Location,HV-PZ02-A10-R10-C2,2.5
SAAR Location,HV-PZ02-A10-R10-D1,2.5
SAAR Location,HV-PZ02-A10-R10-D2,2.5
SAAR Location,HV-PZ02-A10-R10-E1,2.5
SAAR Location,HV-PZ02-A10-R10-E2,2.5
SAAR Location,HV-PZ02-A10-R11-A1,2.5
SAAR Location,HV-PZ02-A10-R11-A2,2.5
SAAR Location,HV-PZ02-A10-R11-B1,2.5
SAAR Location,HV-PZ02-A10-R11-B2,2.5
SAAR Location,HV-PZ02-A10-R11-C1,2.5
SAAR Location,HV-PZ02-A10-R11-C2,2.5
SAAR Location,HV-PZ02-A10-R11-D1,2.5
SAAR Location,HV-PZ02-A10-R11-D2,2.5
SAAR Location,HV-PZ02-A10-R11-E1,2.5
SAAR Location,HV-PZ02-A10-R11-E2,2.5
SAAR Location,HV-PZ02-A10-R12-A1,2.5
SAAR Location,HV-PZ02-A10-R12-A2,2.5
SAAR Location,HV-PZ02-A10-R12-B1,2.5
SAAR Location,HV-PZ02-A10-R12-B2,2.5
SAAR Location,HV-PZ02-A10-R12-C1,2.5
SAAR Location,HV-PZ02-A10-R12-C2,2.5
SAAR Location,HV-PZ02-A10-R12-D1,2.5
SAAR Location,HV-PZ02-A10-R12-D2,2.5
SAAR Location,HV-PZ02-A10-R12-E1,2.5
SAAR Location,HV-PZ02-A10-R12-E2,2.5
SAAR Location,HV-PZ02-A10-R13-A1,2.5
SAAR Location,HV-PZ02-A10-R13-A2,2.5
SAAR Location,HV-PZ02-A10-R13-B1,2.5
SAAR Location,HV-PZ02-A10-R13-B2,2.5
SAAR Location,HV-PZ02-A10-R13-C1,2.5
SAAR Location,HV-PZ02-A10-R13-C2,2.5
SAAR Location,HV-PZ02-A10-R13-D1,2.5
SAAR Location,HV-PZ02-A10-R13-D2,2.5
SAAR Location,HV-PZ02-A10-R13-E1,2.5
SAAR Location,HV-PZ02-A10-R13-E2,2.5
SAAR Location,HV-PZ02-A10-R14-A1,2.5
SAAR Location,HV-PZ02-A10-R14-A2,2.5
SAAR Location,HV-PZ02-A10-R14-B1,2.5
SAAR Location,HV-PZ02-A10-R14-B2,2.5
SAAR Location,HV-PZ02-A10-R14-C1,2.5
SAAR Location,HV-PZ02-A10-R14-C2,2.5
SAAR Location,HV-PZ02-A10-R14-D1,2.5
SAAR Location,HV-PZ02-A10-R14-D2,2.5
SAAR Location,HV-PZ02-A10-R14-E1,2.5
SAAR Location,HV-PZ02-A10-R14-E2,2.5
SAAR Location,HV-PZ02-A10-R15-A1,2.5
SAAR Location,HV-PZ02-A10-R15-A2,2.5
SAAR Location,HV-PZ02-A10-R15-B1,2.5
SAAR Location,HV-PZ02-A10-R15-B2,2.5
SAAR Location,HV-PZ02-A10-R15-C1,2.5
SAAR Location,HV-PZ02-A10-R15-C2,2.5
SAAR Location,HV-PZ02-A10-R15-D1,2.5
SAAR Location,HV-PZ02-A10-R15-D2,2.5
SAAR Location,HV-PZ02-A10-R15-E1,2.5
SAAR Location,HV-PZ02-A10-R15-E2,2.5
SAAR Location,HV-PZ02-A10-R16-A1,2.5
SAAR Location,HV-PZ02-A10-R16-A2,2.5
SAAR Location,HV-PZ02-A10-R16-B1,2.5
SAAR Location,HV-PZ02-A10-R16-B2,2.5
SAAR Location,HV-PZ02-A10-R16-C1,2.5
SAAR Location,HV-PZ02-A10-R16-C2,2.5
SAAR Location,HV-PZ02-A10-R16-D1,2.5
SAAR Location,HV-PZ02-A10-R16-D2,2.5
SAAR Location,HV-PZ02-A10-R16-E1,2.5
SAAR Location,HV-PZ02-A10-R16-E2,2.5
SAAR Location,HV-PZ02-A10-R17-A1,2.5
SAAR Location,HV-PZ02-A10-R17-A2,2.5
SAAR Location,HV-PZ02-A10-R17-B1,2.5
SAAR Location,HV-PZ02-A10-R17-B2,2.5
SAAR Location,HV-PZ02-A10-R17-C1,2.5
SAAR Location,HV-PZ02-A10-R17-C2,2.5
SAAR Location,HV-PZ02-A10-R17-D1,2.5
SAAR Location,HV-PZ02-A10-R17-D2,2.5
SAAR Location,HV-PZ02-A10-R17-E1,2.5
SAAR Location,HV-PZ02-A10-R17-E2,2.5
SAAR Location,HV-PZ02-A11-R01-A1,2.5
SAAR Location,HV-PZ02-A11-R01-A2,2.5
SAAR Location,HV-PZ02-A11-R01-B1,2.5
SAAR Location,HV-PZ02-A11-R01-B2,2.5
SAAR Location,HV-PZ02-A11-R01-C1,2.5
SAAR Location,HV-PZ02-A11-R01-C2,2.5
SAAR Location,HV-PZ02-A11-R01-D1,2.5
SAAR Location,HV-PZ02-A11-R01-D2,2.5
SAAR Location,HV-PZ02-A11-R01-E1,2.5
SAAR Location,HV-PZ02-A11-R01-E2,2.5
SAAR Location,HV-PZ02-A11-R02-A1,2.5
SAAR Location,HV-PZ02-A11-R02-A2,2.5
SAAR Location,HV-PZ02-A11-R02-B1,2.5
SAAR Location,HV-PZ02-A11-R02-B2,2.5
SAAR Location,HV-PZ02-A11-R02-C1,2.5
SAAR Location,HV-PZ02-A11-R02-C2,2.5
SAAR Location,HV-PZ02-A11-R02-D1,2.5
SAAR Location,HV-PZ02-A11-R02-D2,2.5
SAAR Location,HV-PZ02-A11-R02-E1,2.5
SAAR Location,HV-PZ02-A11-R02-E2,2.5
SAAR Location,HV-PZ02-A11-R03-A1,2.5
SAAR Location,HV-PZ02-A11-R03-A2,2.5
SAAR Location,HV-PZ02-A11-R03-B1,2.5
SAAR Location,HV-PZ02-A11-R03-B2,2.5
SAAR Location,HV-PZ02-A11-R03-C1,2.5
SAAR Location,HV-PZ02-A11-R03-C2,2.5
SAAR Location,HV-PZ02-A11-R03-D1,2.5
SAAR Location,HV-PZ02-A11-R03-D2,2.5
SAAR Location,HV-PZ02-A11-R03-E1,2.5
SAAR Location,HV-PZ02-A11-R03-E2,2.5
SAAR Location,HV-PZ02-A11-R04-A1,2.5
SAAR Location,HV-PZ02-A11-R04-A2,2.5
SAAR Location,HV-PZ02-A11-R04-B1,2.5
SAAR Location,HV-PZ02-A11-R04-B2,2.5
SAAR Location,HV-PZ02-A11-R04-C1,2.5
SAAR Location,HV-PZ02-A11-R04-C2,2.5
SAAR Location,HV-PZ02-A11-R04-D1,2.5
SAAR Location,HV-PZ02-A11-R04-D2,2.5
SAAR Location,HV-PZ02-A11-R04-E1,2.5
SAAR Location,HV-PZ02-A11-R04-E2,2.5
SAAR Location,HV-PZ02-A12-R01-A1,2.5
SAAR Location,HV-PZ02-A12-R01-A2,2.5
SAAR Location,HV-PZ02-A12-R01-B1,2.5
SAAR Location,HV-PZ02-A12-R01-B2,2.5
SAAR Location,HV-PZ02-A12-R01-C1,2.5
SAAR Location,HV-PZ02-A12-R01-C2,2.5
SAAR Location,HV-PZ02-A12-R01-D1,2.5
SAAR Location,HV-PZ02-A12-R01-D2,2.5
SAAR Location,HV-PZ02-A12-R01-E1,2.5
SAAR Location,HV-PZ02-A12-R01-E2,2.5
SAAR Location,HV-PZ02-A12-R02-A1,2.5
SAAR Location,HV-PZ02-A12-R02-A2,2.5
SAAR Location,HV-PZ02-A12-R02-B1,2.5
SAAR Location,HV-PZ02-A12-R02-B2,2.5
SAAR Location,HV-PZ02-A12-R02-C1,2.5
SAAR Location,HV-PZ02-A12-R02-C2,2.5
SAAR Location,HV-PZ02-A12-R02-D1,2.5
SAAR Location,HV-PZ02-A12-R02-D2,2.5
SAAR Location,HV-PZ02-A12-R02-E1,2.5
SAAR Location,HV-PZ02-A12-R02-E2,2.5
SAAR Location,HV-PZ02-A12-R03-A1,2.5
SAAR Location,HV-PZ02-A12-R03-A2,2.5
SAAR Location,HV-PZ02-A12-R03-B1,2.5
SAAR Location,HV-PZ02-A12-R03-B2,2.5
SAAR Location,HV-PZ02-A12-R03-C1,2.5
SAAR Location,HV-PZ02-A12-R03-C2,2.5
SAAR Location,HV-PZ02-A12-R03-D1,2.5
SAAR Location,HV-PZ02-A12-R03-D2,2.5
SAAR Location,HV-PZ02-A12-R03-E1,2.5
SAAR Location,HV-PZ02-A12-R03-E2,2.5
SAAR Location,HV-PZ02-A12-R04-A1,2.5
SAAR Location,HV-PZ02-A12-R04-A2,2.5
SAAR Location,HV-PZ02-A12-R04-B1,2.5
SAAR Location,HV-PZ02-A12-R04-B2,2.5
SAAR Location,HV-PZ02-A12-R04-C1,2.5
SAAR Location,HV-PZ02-A12-R04-C2,2.5
SAAR Location,HV-PZ02-A12-R04-D1,2.5
SAAR Location,HV-PZ02-A12-R04-D2,2.5
SAAR Location,HV-PZ02-A12-R04-E1,2.5
SAAR Location,HV-PZ02-A12-R04-E2,2.5
SAAR Location,HV-PZ02-A12-R05-A1,2.5
SAAR Location,HV-PZ02-A12-R05-A2,2.5
SAAR Location,HV-PZ02-A12-R05-B1,2.5
SAAR Location,HV-PZ02-A12-R05-B2,2.5
SAAR Location,HV-PZ02-A12-R05-C1,2.5
SAAR Location,HV-PZ02-A12-R05-C2,2.5
SAAR Location,HV-PZ02-A12-R05-D1,2.5
SAAR Location,HV-PZ02-A12-R05-D2,2.5
SAAR Location,HV-PZ02-A12-R05-E1,2.5
SAAR Location,HV-PZ02-A12-R05-E2,2.5
SAAR Location,HV-PZ02-A12-R06-A1,2.5
SAAR Location,HV-PZ02-A12-R06-A2,2.5
SAAR Location,HV-PZ02-A12-R06-B1,2.5
SAAR Location,HV-PZ02-A12-R06-B2,2.5
SAAR Location,HV-PZ02-A12-R06-C1,2.5
SAAR Location,HV-PZ02-A12-R06-C2,2.5
SAAR Location,HV-PZ02-A12-R06-D1,2.5
SAAR Location,HV-PZ02-A12-R06-D2,2.5
SAAR Location,HV-PZ02-A12-R06-E1,2.5
SAAR Location,HV-PZ02-A12-R06-E2,2.5
SAAR Location,HV-PZ02-A12-R07-A1,2.5
SAAR Location,HV-PZ02-A12-R07-A2,2.5
SAAR Location,HV-PZ02-A12-R07-B1,2.5
SAAR Location,HV-PZ02-A12-R07-B2,2.5
SAAR Location,HV-PZ02-A12-R07-C1,2.5
SAAR Location,HV-PZ02-A12-R07-C2,2.5
SAAR Location,HV-PZ02-A12-R07-D1,2.5
SAAR Location,HV-PZ02-A12-R07-D2,2.5
SAAR Location,HV-PZ02-A12-R07-E1,2.5
SAAR Location,HV-PZ02-A12-R07-E2,2.5
SAAR Location,HV-PZ02-A12-R08-A1,2.5
SAAR Location,HV-PZ02-A12-R08-A2,2.5
SAAR Location,HV-PZ02-A12-R08-B1,2.5
SAAR Location,HV-PZ02-A12-R08-B2,2.5
SAAR Location,HV-PZ02-A12-R08-C1,2.5
SAAR Location,HV-PZ02-A12-R08-C2,2.5
SAAR Location,HV-PZ02-A12-R08-D1,2.5
SAAR Location,HV-PZ02-A12-R08-D2,2.5
SAAR Location,HV-PZ02-A12-R08-E1,2.5
SAAR Location,HV-PZ02-A12-R08-E2,2.5
SAAR Location,HV-PZ02-A12-R09-A1,2.5
SAAR Location,HV-PZ02-A12-R09-A2,2.5
SAAR Location,HV-PZ02-A12-R09-B1,2.5
SAAR Location,HV-PZ02-A12-R09-B2,2.5
SAAR Location,HV-PZ02-A12-R09-C1,2.5
SAAR Location,HV-PZ02-A12-R09-C2,2.5
SAAR Location,HV-PZ02-A12-R09-D1,2.5
SAAR Location,HV-PZ02-A12-R09-D2,2.5
SAAR Location,HV-PZ02-A12-R09-E1,2.5
SAAR Location,HV-PZ02-A12-R09-E2,2.5
SAAR Location,HV-PZ02-A12-R10-A1,2.5
SAAR Location,HV-PZ02-A12-R10-A2,2.5
SAAR Location,HV-PZ02-A12-R10-B1,2.5
SAAR Location,HV-PZ02-A12-R10-B2,2.5
SAAR Location,HV-PZ02-A12-R10-C1,2.5
SAAR Location,HV-PZ02-A12-R10-C2,2.5
SAAR Location,HV-PZ02-A12-R10-D1,2.5
SAAR Location,HV-PZ02-A12-R10-D2,2.5
SAAR Location,HV-PZ02-A12-R10-E1,2.5
SAAR Location,HV-PZ02-A12-R10-E2,2.5
SAAR Location,HV-PZ02-A12-R11-A1,2.5
SAAR Location,HV-PZ02-A12-R11-A2,2.5
SAAR Location,HV-PZ02-A12-R11-B1,2.5
SAAR Location,HV-PZ02-A12-R11-B2,2.5
SAAR Location,HV-PZ02-A12-R11-C1,2.5
SAAR Location,HV-PZ02-A12-R11-C2,2.5
SAAR Location,HV-PZ02-A12-R11-D1,2.5
SAAR Location,HV-PZ02-A12-R11-D2,2.5
SAAR Location,HV-PZ02-A12-R11-E1,2.5
SAAR Location,HV-PZ02-A12-R11-E2,2.5
SAAR Location,HV-PZ02-A12-R12-A1,2.5
SAAR Location,HV-PZ02-A12-R12-A2,2.5
SAAR Location,HV-PZ02-A12-R12-B1,2.5
SAAR Location,HV-PZ02-A12-R12-B2,2.5
SAAR Location,HV-PZ02-A12-R12-C1,2.5
SAAR Location,HV-PZ02-A12-R12-C2,2.5
SAAR Location,HV-PZ02-A12-R12-D1,2.5
SAAR Location,HV-PZ02-A12-R12-D2,2.5
SAAR Location,HV-PZ02-A12-R12-E1,2.5
SAAR Location,HV-PZ02-A12-R12-E2,2.5
Bulk Location,RC-IRT-R11-PAL01,60
Bulk Location,F0-PZ01-D25-FL-R03-B1,60
Bulk Location,F0-PZ01-D25-FL-R02-B1,60
Bulk Location,F0-PZ01-A07-R09-A2,60
Bulk Location,F0-PZ01-D25-FL-R02-A1,